taxon;scientific_name;revised_name;category;body_mass;diet;foraging_strata;activity_period;taxon_no_data
Mammalia;Akodon_cursor;Akodon_cursor;up_to_date;39.9;carnivore;G;cathemeral;trait available
Mammalia;Akodon_montensis;Akodon_montensis;up_to_date;44.1;omnivorous;G;cathemeral;trait available
Mammalia;Akodon_paranaensis;Akodon_paranaensis;up_to_date;40.3;omnivorous;G;cathemeral;trait available
Mammalia;Alouatta_guariba;Alouatta_guariba;up_to_date;5589.2;herbivore;Ar;diurnal;trait available
Mammalia;Anoura_caudifer;Anoura_caudifer;up_to_date;10.1;omnivorous;Ar;nocturnal;trait available
Mammalia;Antrozous_dubiaquercus;Bauerus_dubiaquercus;updated;22.9;carnivore;A;nocturnal;trait available
Mammalia;Apodemus_sylvaticus;Apodemus_sylvaticus;up_to_date;30.5;herbivore;G;cathemeral;trait available
Mammalia;Artibeus_concolor;Artibeus_concolor;up_to_date;19.4;herbivore;Ar;nocturnal;trait available
Mammalia;Artibeus_gnomus;Artibeus_gnomus;up_to_date;10.06;herbivore;Ar;nocturnal;trait available
Mammalia;Artibeus_jamaicensis;Artibeus_jamaicensis;up_to_date;42.2;herbivore;Ar;nocturnal;trait available
Mammalia;Artibeus_lituratus;Artibeus_lituratus;up_to_date;60.5;herbivore;Ar;nocturnal;trait available
Mammalia;Artibeus_obscurus;Artibeus_obscurus;up_to_date;35.2;herbivore;Ar;nocturnal;trait available
Mammalia;Artibeus_phaeotis;Artibeus_phaeotis;up_to_date;11.6;herbivore;Ar;nocturnal;trait available
Mammalia;Artibeus_watsoni;Artibeus_watsoni;up_to_date;12;herbivore;Ar;nocturnal;trait available
Mammalia;Arvicola_amphibius;Arvicola_amphibius;up_to_date;225;herbivore;G;cathemeral;trait available
Mammalia;Bos_gaurus;Bos_frontalis;updated;825000;herbivore;G;diurnal;trait available
Mammalia;Bradypus_torquatus;Bradypus_torquatus;up_to_date;3900;herbivore;Ar;cathemeral;trait available
Mammalia;Callicebus_personatus;Callicebus_personatus;up_to_date;1350;herbivore;Ar;diurnal;trait available
Mammalia;Callithrix_geoffroyi;Callithrix_geoffroyi;up_to_date;342;omnivorous;Ar;diurnal;trait available
Mammalia;Callosciurus_caniceps;Callosciurus_caniceps;up_to_date;257;omnivorous;Ar;diurnal;trait available
Mammalia;Calomys_callosus;Calomys_callosus;up_to_date;48;herbivore;G;cathemeral;trait available
Mammalia;Calomys_tener;Calomys_tener;up_to_date;13.8;herbivore;G;cathemeral;trait available
Mammalia;Caluromys_philander;Caluromys_philander;up_to_date;229.3;omnivorous;Ar;cathemeral;trait available
Mammalia;Carollia_brevicauda;Carollia_brevicauda;up_to_date;14.4;herbivore;Ar;nocturnal;trait available
Mammalia;Carollia_castanea;Carollia_castanea;up_to_date;13.3;herbivore;Ar;nocturnal;trait available
Mammalia;Carollia_perspicillata;Carollia_perspicillata;up_to_date;18;herbivore;Ar;nocturnal;trait available
Mammalia;Centronycteris_centralis;Centronycteris_centralis;up_to_date;5.5;carnivore;A;nocturnal;trait available
Mammalia;Centurio_senex;Centurio_senex;up_to_date;21.2;herbivore;Ar;nocturnal;trait available
Mammalia;Cerdocyon_thous;Cerdocyon_thous;up_to_date;5240;omnivorous;G;nocturnal;trait available
Mammalia;Cervus_unicolor;Rusa_unicolor;updated;180344.4;herbivore;G;cathemeral;trait available
Mammalia;Chaetomys_subspinosus;Chaetomys_subspinosus;up_to_date;1300;herbivore;Ar;nocturnal;trait available
Mammalia;Chiroderma_trinitatum;Chiroderma_trinitatum;up_to_date;13.7;herbivore;Ar;nocturnal;trait available
Mammalia;Chiroderma_villosum;Chiroderma_villosum;up_to_date;23.1;herbivore;Ar;nocturnal;trait available
Mammalia;Chiropodomys_gliroides;Chiropodomys_gliroides;up_to_date;21.5;herbivore;Ar;nocturnal;trait available
Mammalia;Choeroniscus_godmani;Choeroniscus_godmani;up_to_date;7.9;omnivorous;Ar;nocturnal;trait available
Mammalia;Choeroniscus_minor;Choeroniscus_minor;up_to_date;8.7;omnivorous;Ar;nocturnal;trait available
Mammalia;Choeroniscus_sp.;Choeroniscus_sp.;morphospecies;11.82;omnivorous;Ar;nocturnal;trait available
Mammalia;Chrotopterus_auritus;Chrotopterus_auritus;up_to_date;77.9;omnivorous;S;nocturnal;trait available
Mammalia;Coendou_insidiosus;Sphiggurus_insidiosus;updated;1000;herbivore;Ar;nocturnal;trait available
Mammalia;Cormura_brevirostris;Cormura_brevirostris;up_to_date;9.2;carnivore;A;nocturnal;trait available
Mammalia;Cryptonanus_chacoensis;Gracilinanus_agilis;updated;15.5;herbivore;S;cathemeral;trait available
Mammalia;Cuniculus_paca;Cuniculus_paca;up_to_date;8000;herbivore;G;nocturnal;trait available
Mammalia;Dasyprocta_leporina;Dasyprocta_leporina;up_to_date;3020;herbivore;G;cathemeral;trait available
Mammalia;Dasypus_novemcinctus;Dasypus_novemcinctus;up_to_date;4203.8;carnivore;G;nocturnal;trait available
Mammalia;Dermanura_phaeotis;Artibeus_phaeotis;updated;11.6;herbivore;Ar;nocturnal;trait available
Mammalia;Dermanura_toltecus;Artibeus_toltecus;updated;15.4;herbivore;Ar;nocturnal;trait available
Mammalia;Dermanura_watsoni;Artibeus_watsoni;updated;12;herbivore;Ar;nocturnal;trait available
Mammalia;Desmodus_rotundus;Desmodus_rotundus;up_to_date;31.2;carnivore;G;nocturnal;trait available
Mammalia;Diclidurus_albus;Diclidurus_albus;up_to_date;15.6;carnivore;A;nocturnal;trait available
Mammalia;Didelphis_aurita;Didelphis_aurita;up_to_date;1164;omnivorous;S;nocturnal;trait available
Mammalia;Didelphis_marsupialis;Didelphis_marsupialis;up_to_date;1091.2;omnivorous;S;nocturnal;trait available
Mammalia;Echinosorex_gymnurus;Echinosorex_gymnura;updated;957;carnivore;G;nocturnal;trait available
Mammalia;Echymys_sp.;Echymys_sp.;morphospecies;596.4;herbivore;Ar;nocturnal;trait available
Mammalia;Ectophylla_macconnelli;Mesophylla_macconnelli;updated;6.9;herbivore;Ar;nocturnal;trait available
Mammalia;Eira_barbara;Eira_barbara;up_to_date;3910;omnivorous;G;cathemeral;trait available
Mammalia;Elephas_maximus;Elephas_maximus;up_to_date;3160000;herbivore;G;cathemeral;trait available
Mammalia;Emballonura_monticola;Emballonura_monticola;up_to_date;5.7;carnivore;A;cathemeral;trait available
Mammalia;Erinaceus_europaeus;Erinaceus_europaeus;up_to_date;771;carnivore;G;nocturnal;trait available
Mammalia;Euryoryzomys_russatus;Oryzomys_russatus;updated;60.5;herbivore;G;cathemeral;trait available
Mammalia;Euryoryzomys_sp.;Euryoryzomys_sp.;morphospecies;61.28333333;herbivore;G;cathemeral;trait available
Mammalia;Funambulus_sublineatus;Funambulus_sublineatus;up_to_date;70.9;herbivore;S;diurnal;trait available
Mammalia;Funambulus_tristriatus;Funambulus_tristriatus;up_to_date;139;herbivore;S;diurnal;trait available
Mammalia;Furipterus_horrens;Furipterus_horrens;up_to_date;3.2;carnivore;A;nocturnal;trait available
Mammalia;Glischropus_tylopus;Glischropus_tylopus;up_to_date;4.4;carnivore;A;nocturnal;trait available
Mammalia;Glossophaga_soricina;Glossophaga_soricina;up_to_date;9.4;omnivorous;Ar;nocturnal;trait available
Mammalia;Glyphonycteris_sylvestris;Glyphonycteris_sylvestris;up_to_date;8.8;carnivore;S;nocturnal;trait available
Mammalia;Gracilinanus_agilis;Gracilinanus_agilis;up_to_date;22;omnivorous;S;cathemeral;trait available
Mammalia;Gracilinanus_microtarsus;Gracilinanus_microtarsus;up_to_date;31;omnivorous;S;cathemeral;trait available
Mammalia;Guerlinguetus_ingrami;Sciurus_aestuans;updated;185;herbivore;Ar;diurnal;trait available
Mammalia;Herpestes_vitticollis;Herpestes_vitticollis;up_to_date;2575.6;omnivorous;G;cathemeral;trait available
Mammalia;Hipposideros_bicolor_131;Hipposideros_bicolor;updated;7.6;carnivore;A;nocturnal;trait available
Mammalia;Hipposideros_bicolor_142;Hipposideros_bicolor;updated;7.6;carnivore;A;nocturnal;trait available
Mammalia;Hipposideros_cervinus;Hipposideros_cervinus;up_to_date;9.3;carnivore;A;nocturnal;trait available
Mammalia;Hipposideros_cineraceus;Hipposideros_cineraceus;up_to_date;4.7;carnivore;A;nocturnal;trait available
Mammalia;Hipposideros_diadema;Hipposideros_diadema;up_to_date;43.8;carnivore;A;nocturnal;trait available
Mammalia;Hipposideros_doriae;Hipposideros_doriae;up_to_date;5;carnivore;A;nocturnal;trait available
Mammalia;Hipposideros_larvatus;Hipposideros_larvatus;up_to_date;19.9;carnivore;A;nocturnal;trait available
Mammalia;Hipposideros_lylei;Hipposideros_lylei;up_to_date;40;carnivore;A;nocturnal;trait available
Mammalia;Hipposideros_ridleyi;Hipposideros_ridleyi;up_to_date;8.8;carnivore;A;nocturnal;trait available
Mammalia;Hylaeamys_megacephalus;Oryzomys_megacephalus;updated;57.8;herbivore;G;cathemeral;trait available
Mammalia;Hylonycteris_underwoodi;Hylonycteris_underwoodi;up_to_date;6.7;herbivore;Ar;nocturnal;trait available
Mammalia;Juliomys_pictipes;Juliomys_pictipes;up_to_date;22.9;herbivore;G;nocturnal;trait available
Mammalia;Kerivoula_hardwickii;Kerivoula_hardwickii;up_to_date;4.6;carnivore;A;nocturnal;trait available
Mammalia;Kerivoula_intermedia;Kerivoula_intermedia;up_to_date;3.6;carnivore;A;nocturnal;trait available
Mammalia;Kerivoula_papillosa;Kerivoula_papillosa;up_to_date;9.8;carnivore;A;nocturnal;trait available
Mammalia;Kerivoula_pellucida;Kerivoula_pellucida;up_to_date;4.1;carnivore;A;nocturnal;trait available
Mammalia;Lampronycteris_brachyotis;Lampronycteris_brachyotis;up_to_date;11;carnivore;S;nocturnal;trait available
Mammalia;Lasiurus_ega;Lasiurus_ega;up_to_date;13.2;carnivore;A;nocturnal;trait available
Mammalia;Leopardus_tigrinus;Leopardus_tigrinus;up_to_date;2250;carnivore;S;cathemeral;trait available
Mammalia;Leptonycteris_nivalis;Leptonycteris_nivalis;up_to_date;25.6;herbivore;Ar;nocturnal;trait available
Mammalia;Lonchophylla_thomasi;Lonchophylla_thomasi;up_to_date;6.9;omnivorous;Ar;nocturnal;trait available
Mammalia;Lophostoma_silvicolum;Lophostoma_silvicolum;up_to_date;29.7;carnivore;S;nocturnal;trait available
Mammalia;Macaca_radiata;Macaca_radiata;up_to_date;3690;herbivore;S;diurnal;trait available
Mammalia;Macaca_silenus;Macaca_silenus;up_to_date;4750;herbivore;S;diurnal;trait available
Mammalia;Marmosa_cinerea;Micoureus_demerarae;updated;75.8;carnivore;S;nocturnal;trait available
Mammalia;Marmosa_incana;Marmosops_incanus;updated;62.3;omnivorous;Ar;nocturnal;trait available
Mammalia;Marmosa_murina;Marmosa_murina;up_to_date;26;omnivorous;Ar;nocturnal;trait available
Mammalia;Marmosops_incanus;Marmosops_incanus;up_to_date;62.3;omnivorous;Ar;nocturnal;trait available
Mammalia;Marmosops_parvidens;Marmosops_parvidens;up_to_date;15;omnivorous;Ar;nocturnal;trait available
Mammalia;Maxomys_surifer;Maxomys_surifer;up_to_date;150.4;herbivore;G;nocturnal;trait available
Mammalia;Maxomys_whiteheadi;Maxomys_whiteheadi;up_to_date;56;herbivore;G;nocturnal;trait available
Mammalia;Mazama_spp.;Mazama_spp.;morphospecies;20059.93;herbivore;G;cathemeral;trait available
Mammalia;Megaderma_spasma;Megaderma_spasma;up_to_date;25.4;omnivorous;G;nocturnal;trait available
Mammalia;Meles_meles;Meles_meles;up_to_date;13000;omnivorous;G;diurnal;trait available
Mammalia;Menetes_berdmorei;Menetes_berdmorei;up_to_date;190;herbivore;S;diurnal;trait available
Mammalia;Mesophylla_macconnelli;Mesophylla_macconnelli;up_to_date;6.9;herbivore;Ar;nocturnal;trait available
Mammalia;Metachirus_nudicaudatus;Metachirus_nudicaudatus;up_to_date;375;omnivorous;S;nocturnal;trait available
Mammalia;Microgale_cowani;Microgale_cowani;up_to_date;13.8;carnivore;G;cathemeral;trait available
Mammalia;Microgale_dobsoni;Microgale_dobsoni;up_to_date;38;carnivore;G;cathemeral;trait available
Mammalia;Microgale_gymnorhyncha;Microgale_gymnorhyncha;up_to_date;18.2;carnivore;G;cathemeral;trait available
Mammalia;Microgale_longicaudata;Microgale_longicaudata;up_to_date;7.3;carnivore;G;cathemeral;trait available
Mammalia;Microgale_parvula;Microgale_parvula;up_to_date;3.4;carnivore;G;cathemeral;trait available
Mammalia;Microgale_pusilla;Microgale_pusilla;up_to_date;3.4;carnivore;G;cathemeral;trait available
Mammalia;Micromys_minutus;Micromys_minutus;up_to_date;6;omnivorous;G;cathemeral;trait available
Mammalia;Micronycteris_brachyotis;Lampronycteris_brachyotis;updated;11;carnivore;S;nocturnal;trait available
Mammalia;Micronycteris_hirsuta;Micronycteris_hirsuta;up_to_date;12;carnivore;S;nocturnal;trait available
Mammalia;Micronycteris_megalotis;Micronycteris_megalotis;up_to_date;6.1;herbivore;S;nocturnal;trait available
Mammalia;Micronycteris_microtis;Micronycteris_microtis;up_to_date;5.6;herbivore;S;nocturnal;trait available
Mammalia;Micronycteris_sylvestris;Glyphonycteris_sylvestris;updated;8.8;carnivore;S;nocturnal;trait available
Mammalia;Microtus_agrestis;Microtus_agrestis;up_to_date;42.5;herbivore;G;cathemeral;trait available
Mammalia;Microtus_californicus;Microtus_californicus;up_to_date;57.4;herbivore;G;cathemeral;trait available
Mammalia;Mimon_bennettii;Mimon_bennettii;up_to_date;25.2;omnivorous;S;nocturnal;trait available
Mammalia;Mimon_crenulatum;Mimon_crenulatum;up_to_date;13.8;omnivorous;S;nocturnal;trait available
Mammalia;Miniopterus_medius;Miniopterus_medius;up_to_date;9;carnivore;A;nocturnal;trait available
Mammalia;Miniopterus_schreibersii;Miniopterus_schreibersii;up_to_date;11.1;carnivore;A;nocturnal;trait available
Mammalia;Monodelphis_americana;Monodelphis_americana;up_to_date;19.5;omnivorous;G;nocturnal;trait available
Mammalia;Monodelphis_brevicaudata;Monodelphis_brevicaudata;up_to_date;69.6;omnivorous;G;nocturnal;trait available
Mammalia;Monodelphis_sp.;Monodelphis_sp.;morphospecies;94.75882353;omnivorous;G;nocturnal;trait available
Mammalia;Mormoops_megalophylla;Mormoops_megalophylla;up_to_date;15.8;carnivore;A;nocturnal;trait available
Mammalia;Muntiacus_muntjak;Muntiacus_muntjak;up_to_date;15925.8;herbivore;G;cathemeral;trait available
Mammalia;Muntiacus_reevesi;Muntiacus_reevesi;up_to_date;13500;herbivore;G;cathemeral;trait available
Mammalia;Murina_aenea;Murina_aenea;up_to_date;7.4;carnivore;A;nocturnal;trait available
Mammalia;Murina_cyclotis;Murina_cyclotis;up_to_date;9.3;carnivore;A;nocturnal;trait available
Mammalia;Murina_rozendaali;Murina_rozendaali;up_to_date;4.6;carnivore;A;nocturnal;trait available
Mammalia;Murina_suilla;Murina_suilla;up_to_date;3.6;carnivore;A;nocturnal;trait available
Mammalia;Mus_domesticus;Mus_musculus;updated;16.1;herbivore;G;nocturnal;trait available
Mammalia;Mus_musculus;Mus_musculus;up_to_date;16.1;herbivore;G;nocturnal;trait available
Mammalia;Muscardinus_avellanarius;Muscardinus_avellanarius;up_to_date;27.5;herbivore;Ar;nocturnal;trait available
Mammalia;Mustela_erminea;Mustela_erminea;up_to_date;119.4;carnivore;G;nocturnal;trait available
Mammalia;Mustela_nivalis;Mustela_nivalis;up_to_date;137.5;carnivore;G;nocturnal;trait available
Mammalia;Mymu;Myotis_muricola;updated;4.1;carnivore;A;nocturnal;trait available
Mammalia;Myodes_glareolus;Myodes_glareolus;up_to_date;21.2;herbivore;G;cathemeral;trait available
Mammalia;Myoprocta_acouchy;Myoprocta_acouchy;up_to_date;600;herbivore;G;diurnal;trait available
Mammalia;Myotis_ater;Myotis_ater;up_to_date;6;carnivore;A;nocturnal;trait available
Mammalia;Myotis_horsefieldi;Myotis_horsfieldii;updated;6.3;carnivore;A;nocturnal;trait available
Mammalia;Myotis_nigricans;Myotis_nigricans;up_to_date;4.2;carnivore;A;nocturnal;trait available
Mammalia;Myotis_ridleyi;Myotis_ridleyi;up_to_date;4.5;carnivore;A;nocturnal;trait available
Mammalia;Myotis_riparius;Myotis_riparius;up_to_date;5.6;carnivore;A;nocturnal;trait available
Mammalia;Nacomys_sp.;Nacomys_sp.;morphospecies;28.85;herbivore;G;cathemeral;trait available
Mammalia;Nasua_nasua;Nasua_nasua;up_to_date;3793.8;omnivorous;S;diurnal;trait available
Mammalia;Natalus_stramineus;Natalus_stramineus;up_to_date;5;carnivore;A;nocturnal;trait available
Mammalia;Necromys_lasiurus;Necromys_lasiurus;up_to_date;39.9;omnivorous;G;diurnal;trait available
Mammalia;Nectomys_squamipes;Nectomys_squamipes;up_to_date;190.7;omnivorous;G;nocturnal;trait available
Mammalia;Neomys_fodiens;Neomys_fodiens;up_to_date;14.3;omnivorous;G;cathemeral;trait available
Mammalia;Neotoma_fuscipes;Neotoma_fuscipes;up_to_date;229.8;herbivore;G;nocturnal;trait available
Mammalia;Neotoma_lepida;Neotoma_lepida;up_to_date;163.8;herbivore;G;nocturnal;trait available
Mammalia;Niviventer_cremoriventer;Niviventer_cremoriventer;up_to_date;69.7;herbivore;S;nocturnal;trait available
Mammalia;Niviventer_fulvescens;Niviventer_fulvescens;up_to_date;82.5;herbivore;S;nocturnal;trait available
Mammalia;Noctilio_leporinus;Noctilio_leporinus;up_to_date;58.3;omnivorous;G;nocturnal;trait available
Mammalia;Nycteris_tragata;Nycteris_tragata;up_to_date;14.4;carnivore;A;nocturnal;trait available
Mammalia;Oecomys_catherinae;Oecomys_catherinae;up_to_date;73.4;herbivore;G;nocturnal;trait available
Mammalia;Oecomys_sp.;Oecomys_sp.;morphospecies;63.58666667;herbivore;G;nocturnal;trait available
Mammalia;Oecomys_speciosus;Oecomys_speciosus;up_to_date;73.4;herbivore;G;nocturnal;trait available
Mammalia;Oligoryzomys_flavescens;Oligoryzomys_flavescens;up_to_date;21.3;omnivorous;G;nocturnal;trait available
Mammalia;Oligoryzomys_fornesi;Oligoryzomys_fornesi;up_to_date;14;herbivore;G;nocturnal;trait available
Mammalia;Oligoryzomys_nigripes;Oligoryzomys_nigripes;up_to_date;20.5;omnivorous;G;nocturnal;trait available
Mammalia;Oryctolagus_cuniculus;Oryctolagus_cuniculus;up_to_date;1958.3;herbivore;G;nocturnal;trait available
Mammalia;Oryzomys_laticeps;Oryzomys_laticeps;up_to_date;49.11;herbivore;G;cathemeral;trait available
Mammalia;Oryzomys_macconnelli;Oryzomys_macconnelli;up_to_date;58;herbivore;G;cathemeral;trait available
Mammalia;Oryzomys_megacephalus;Oryzomys_megacephalus;up_to_date;57.8;herbivore;G;cathemeral;trait available
Mammalia;Oryzomys_nigripes;Oligoryzomys_nigripes;updated;20.5;omnivorous;G;nocturnal;trait available
Mammalia;Oryzomys_trinitatis;Oecomys_trinitatis;updated;73.4;herbivore;G;nocturnal;trait available
Mammalia;Oryzorictes_hova;Oryzorictes_hova;up_to_date;36.5;carnivore;G;nocturnal;trait available
Mammalia;Oxymycterus_dasytrichus;Oxymycterus_dasytrichus;up_to_date;52.1;carnivore;G;diurnal;trait available
Mammalia;Panthera_pardus;Panthera_pardus;up_to_date;54999.7;carnivore;G;nocturnal;trait available
Mammalia;Pecari_tajacu;Pecari_tajacu;up_to_date;21266.7;herbivore;G;cathemeral;trait available
Mammalia;Perognathus_fallax;Chaetodipus_fallax;updated;18.7;herbivore;G;nocturnal;trait available
Mammalia;Peromyscus_californicus;Peromyscus_californicus;up_to_date;43.5;omnivorous;G;nocturnal;trait available
Mammalia;Peromyscus_eremicus;Peromyscus_eremicus;up_to_date;23.7;omnivorous;G;nocturnal;trait available
Mammalia;Peropteryx_leucoptera;Peropteryx_leucoptera;up_to_date;6;carnivore;A;nocturnal;trait available
Mammalia;Philander_frenatus;Philander_frenatus;up_to_date;167.7;omnivorous;S;cathemeral;trait available
Mammalia;Philander_opossum;Philander_opossum;up_to_date;585.5;omnivorous;S;cathemeral;trait available
Mammalia;Phoniscus_atrox;Phoniscus_atrox;up_to_date;4.3;carnivore;A;nocturnal;trait available
Mammalia;Phoniscus_jagorii;Phoniscus_jagorii;up_to_date;4.7;carnivore;A;nocturnal;trait available
Mammalia;Phylloderma_stenops;Phylloderma_stenops;up_to_date;53.7;herbivore;Ar;nocturnal;trait available
Mammalia;Phyllomys_sp.;Phyllomys_sp.;morphospecies;265.4538462;herbivore;G;nocturnal;trait available
Mammalia;Phyllostomus_discolor;Phyllostomus_discolor;up_to_date;34.1;omnivorous;S;nocturnal;trait available
Mammalia;Phyllostomus_elongatus;Phyllostomus_elongatus;up_to_date;40.4;omnivorous;S;nocturnal;trait available
Mammalia;Phyllostomus_hastatus;Phyllostomus_hastatus;up_to_date;87.2;omnivorous;S;nocturnal;trait available
Mammalia;Platyrrhinus_helleri;Platyrrhinus_helleri;up_to_date;13.5;herbivore;Ar;nocturnal;trait available
Mammalia;Potos_flavus;Potos_flavus;up_to_date;3000;herbivore;Ar;nocturnal;trait available
Mammalia;Proechimys_guyannensis;Proechimys_guyannensis;up_to_date;316;herbivore;G;nocturnal;trait available
Mammalia;Proechimys_setosus;Trinomys_setosus;updated;285;herbivore;G;nocturnal;trait available
Mammalia;Proechimys_sp.;Proechimys_sp.;morphospecies;277.0590909;herbivore;G;nocturnal;trait available
Mammalia;Pteronotus_davyi;Pteronotus_davyi;up_to_date;9.2;carnivore;A;nocturnal;trait available
Mammalia;Pteronotus_parnellii;Pteronotus_parnellii;up_to_date;19.7;carnivore;A;nocturnal;trait available
Mammalia;Puma_yagouaroundi;Puma_yagouaroundi;up_to_date;6875;carnivore;G;cathemeral;trait available
Mammalia;Rattus_norvegicus;Rattus_norvegicus;up_to_date;356.7;omnivorous;G;nocturnal;trait available
Mammalia;Rattus_rattus;Rattus_rattus;up_to_date;178.3;omnivorous;G;nocturnal;trait available
Mammalia;Rattus_tiomanicus;Rattus_tiomanicus;up_to_date;130;omnivorous;G;nocturnal;trait available
Mammalia;Ratufa_indica;Ratufa_indica;up_to_date;1060;herbivore;Ar;diurnal;trait available
Mammalia;Reithrodontomys_megalotis;Reithrodontomys_megalotis;up_to_date;9.4;herbivore;G;nocturnal;trait available
Mammalia;Rhinolophus_affinis;Rhinolophus_affinis;up_to_date;13.6;carnivore;A;nocturnal;trait available
Mammalia;Rhinolophus_lepidus;Rhinolophus_lepidus;up_to_date;5.7;carnivore;A;nocturnal;trait available
Mammalia;Rhinolophus_luctus;Rhinolophus_luctus;up_to_date;33.5;carnivore;A;nocturnal;trait available
Mammalia;Rhinolophus_sedulus;Rhinolophus_sedulus;up_to_date;8.8;carnivore;A;nocturnal;trait available
Mammalia;Rhinolophus_stheno;Rhinolophus_stheno;up_to_date;7.9;carnivore;A;nocturnal;trait available
Mammalia;Rhinolophus_trifoliatus;Rhinolophus_trifoliatus;up_to_date;14.5;carnivore;A;nocturnal;trait available
Mammalia;Rhinophylla_pumilio;Rhinophylla_pumilio;up_to_date;9.6;herbivore;Ar;nocturnal;trait available
Mammalia;Rhipidomys_leucodactylus;Rhipidomys_leucodactylus;up_to_date;80;herbivore;Ar;nocturnal;trait available
Mammalia;Rhipidomys_macrurus;Rhipidomys_macrurus;up_to_date;79.9;herbivore;Ar;nocturnal;trait available
Mammalia;Rhipidomys_mastacalis;Rhipidomys_mastacalis;up_to_date;77.5;herbivore;Ar;nocturnal;trait available
Mammalia;Rhipidomys_nitela;Rhipidomys_nitela;up_to_date;56;herbivore;Ar;nocturnal;trait available
Mammalia;Rhipidomys_sp._n.;Rhipidomys_sp._n.;morphospecies;304.3;herbivore;Ar;nocturnal;trait available
Mammalia;Rhogeessa_tumida;Rhogeessa_tumida;up_to_date;4.5;carnivore;A;nocturnal;trait available
Mammalia;Rhynchonycteris_naso;Rhynchonycteris_naso;up_to_date;3.8;carnivore;A;nocturnal;trait available
Mammalia;Saccopteryx_bilineata;Saccopteryx_bilineata;up_to_date;7.8;carnivore;A;cathemeral;trait available
Mammalia;Saccopteryx_canescens;Saccopteryx_canescens;up_to_date;3.4;carnivore;A;cathemeral;trait available
Mammalia;Saccopteryx_leptura;Saccopteryx_leptura;up_to_date;4.7;carnivore;A;cathemeral;trait available
Mammalia;Sapajus_nigritus;Cebus_nigritus_nigritus;updated;3200;omnivorous;Ar;diurnal;trait available
Mammalia;Sapajus_robustus;Cebus_nigritus_robustus;updated;3200;omnivorous;Ar;diurnal;trait available
Mammalia;Sciurus_carolinensis;Sciurus_carolinensis;up_to_date;506.5;herbivore;Ar;diurnal;trait available
Mammalia;Scotophilus_kuhlii;Scotophilus_kuhlii;up_to_date;20.7;carnivore;A;nocturnal;trait available
Mammalia;Semnopithecus_johnii;Trachypithecus_johnii;updated;11921;herbivore;Ar;diurnal;trait available
Mammalia;Setifer_setosus;Setifer_setosus;up_to_date;294;omnivorous;G;nocturnal;trait available
Mammalia;Sooretamys_angouya;Oryzomys_angouya;updated;100.3;herbivore;G;cathemeral;trait available
Mammalia;Sorex_araneus;Sorex_araneus;up_to_date;10;omnivorous;G;cathemeral;trait available
Mammalia;Sorex_minutus;Sorex_minutus;up_to_date;4.5;omnivorous;G;cathemeral;trait available
Mammalia;Sturnira_lilium;Sturnira_lilium;up_to_date;19.1;herbivore;Ar;nocturnal;trait available
Mammalia;Sturnira_ludovici;Sturnira_ludovici;up_to_date;21;herbivore;Ar;nocturnal;trait available
Mammalia;Sturnira_tildae;Sturnira_tildae;up_to_date;24;herbivore;Ar;nocturnal;trait available
Mammalia;Suncus_madagascariensis;Suncus_madagascariensis;up_to_date;3.5;carnivore;G;nocturnal;trait available
Mammalia;Suncus_murinus;Suncus_murinus;up_to_date;61.5;carnivore;G;nocturnal;trait available
Mammalia;Sundamys_muelleri;Sundamys_muelleri;up_to_date;275.7;omnivorous;G;nocturnal;trait available
Mammalia;Sus_scrofa;Sus_scrofa;up_to_date;101052.1;herbivore;G;cathemeral;trait available
Mammalia;Sylvilagus_brasiliensis;Sylvilagus_brasiliensis;up_to_date;950;herbivore;G;cathemeral;trait available
Mammalia;Talpa_europaea;Talpa_europaea;up_to_date;77;carnivore;G;cathemeral;trait available
Mammalia;Tamandua_tetradactyla;Tamandua_tetradactyla;up_to_date;5515.1;carnivore;S;cathemeral;trait available
Mammalia;Tapirus_terrestris;Tapirus_terrestris;up_to_date;207500.9;herbivore;G;nocturnal;trait available
Mammalia;Tayassu_pecari;Tayassu_pecari;up_to_date;32233.7;herbivore;G;cathemeral;trait available
Mammalia;Thaptomys_nigrita;Thaptomys_nigrita;up_to_date;19.9;carnivore;G;cathemeral;trait available
Mammalia;Thaptomys_sp.;Thaptomys_sp.;morphospecies;19.9;carnivore;G;cathemeral;trait available
Mammalia;Thyroptera_tricolor;Thyroptera_tricolor;up_to_date;4.4;carnivore;A;nocturnal;trait available
Mammalia;Tonatia_brasiliense;Lophostoma_brasiliense;updated;9.4;carnivore;S;nocturnal;trait available
Mammalia;Tonatia_saurophila;Tonatia_saurophila;up_to_date;30;omnivorous;A;nocturnal;trait available
Mammalia;Tonatia_saurophila_bidens;Tonatia_saurophila;updated;30;omnivorous;A;nocturnal;trait available
Mammalia;Tonatia_schulzi;Lophostoma_schulzi;updated;18.2;carnivore;S;nocturnal;trait available
Mammalia;Tonatia_silvicola;Lophostoma_silvicolum;updated;29.7;carnivore;S;nocturnal;trait available
Mammalia;Trachops_cirrhosus;Trachops_cirrhosus;up_to_date;37.7;omnivorous;G;nocturnal;trait available
Mammalia;Tragulus_meminna;Moschiola_meminna;updated;2445;herbivore;G;nocturnal;trait available
Mammalia;Trinomys_dimidiatus;Trinomys_dimidiatus;up_to_date;167.6;herbivore;G;nocturnal;trait available
Mammalia;Trinycteris_nicefori;Trinycteris_nicefori;up_to_date;8.2;carnivore;S;nocturnal;trait available
Mammalia;Tupaia_glis;Tupaia_glis;up_to_date;169.8;carnivore;G;diurnal;trait available
Mammalia;Tylopus_pachypus;Tylonycteris_pachypus;updated;3.6;carnivore;A;nocturnal;trait available
Mammalia;Uroderma_bilobatum;Uroderma_bilobatum;up_to_date;16.7;herbivore;Ar;nocturnal;trait available
Mammalia;Vampyressa_brocki;Vampyressa_brocki;up_to_date;10;herbivore;Ar;nocturnal;trait available
Mammalia;Vampyressa_nymphaea;Vampyressa_nymphaea;up_to_date;11.8;herbivore;Ar;nocturnal;trait available
Mammalia;Vampyressa_pusilla;Vampyressa_pusilla;up_to_date;8.6;herbivore;Ar;nocturnal;trait available
Mammalia;Vampyrodes_caraccioli;Vampyrodes_caraccioli;up_to_date;34.7;herbivore;Ar;nocturnal;trait available
Mammalia;Vampyrum_spectrum;Vampyrum_spectrum;up_to_date;167.7;carnivore;G;nocturnal;trait available
Mammalia;Vulpes_vulpes;Vulpes_vulpes;up_to_date;5318.2;carnivore;G;cathemeral;trait available
Mammalia;Zygodontomys_brevicauda;Zygodontomys_brevicauda;up_to_date;52.2;herbivore;G;nocturnal;trait available
