AccSpeciesName;Dispersal syndrome;Leaf nitrogen (N) content per leaf dry mass;Stem specific density (SSD) or wood density (stem dry mass per stem fresh volume);Seed dry mass;Leaf dry mass per leaf fresh mass (leaf dry matter content, LDMC);taxon_no_data
Abarema brachystachya;Animal;3.04;0.537852445;NA;NA;trait available
Abarema jupunba;Disp;2.881536212;0.587361111;152.9966148;NA;trait available
Abarema langsdorffii;NA;NA;NA;0.049516668;459.379;trait available
Abies balsamea;wind;2.928125336;0.444856628;22140.67566;NA;trait available
Acacia dealbata;Animal;29.30381818;0.586624733;11.88238095;NA;trait available
Acer negundo;Disp;10.85133708;41.94584471;1008.419497;105.5676559;trait available
Acer pensylvanicum;Disp;13.64537158;0.44;4614.102956;195.5850906;trait available
Acer rubrum;wind;6.134516241;355.8285131;2478.27284;154.753868;trait available
Acer saccharinum;Disp;2.366667;0.605;718.6069802;0.28788;trait available
Acer saccharum;Disp;8.869379006;923.2845283;1618.908412;253.3453447;trait available
Acer spicatum;Disp;2.274;0.44;1641.694511;NA;trait available
Acnistus arborescens;Disp;NA;NA;0.535;NA;trait available
Adonis dentata;NA;1.123333333;NA;NA;NA;trait available
Aegilops geniculata;Disp;2.811069;NA;14.28107692;260.6666667;trait available
Aegiphila;NA;3.39;NA;NA;NA;trait available
Aegiphila integrifolia;NA;3.346983623;0.86;2.308066667;259.468;trait available
Aegiphila sellowiana;NA;2.803333333;NA;NA;NA;trait available
Aegiphila verticillata;NA;2.546666667;NA;NA;NA;trait available
Aeschynomene sensitiva;NA;NA;NA;9.4;NA;trait available
Aextoxicon punctatum;Ornithochory;2.222142857;0.566666667;272.70424;NA;trait available
Agonandra brasiliensis;NA;NA;0.809111111;NA;NA;trait available
Agrostis capillaris;endozoochor;8.97316904;0.269080688;92876.45929;253.3257209;trait available
Ainsworthia trachycarpa;NA;NA;NA;0.56;NA;trait available
Albizia;NA;2.217142857;0.524707221;NA;NA;trait available
Albizia adianthifolia;NA;1.835637198;0.530531185;67.56;NA;trait available
Albizia pedicellaris;Disp;2.495528761;0.496352727;NA;NA;trait available
Alcea acaulis;NA;NA;NA;17.66666667;NA;trait available
Alchornea glandulosa;NA;11.85666834;3.660350766;0.018092309;432.029;trait available
Alchornea sidifolia;NA;NA;NA;0.014482351;442.173;trait available
Alchornea triplinervia;NA;6.615648847;5.492909548;0.022888461;423.13;trait available
Alectryon excelsus;NA;NA;NA;201.075;233.9965278;trait available
Allium ampeloprasum;Diaspore is blown by wind;NA;NA;2.985;NA;trait available
Allophylus;animal;NA;NA;96.67673069;NA;trait available
Allophylus edulis;NA;NA;0.561970657;0.046145;423.206;trait available
Allophylus racemosus;NA;2.77536522;0.54905385;18.55;200.2285699;trait available
Alnus acuminata;NA;NA;0.386333333;NA;NA;trait available
Alnus incana;nautochor;3.801484371;212.263466;47142.44787;215.9367932;trait available
Alopecurus utriculatus;NA;14.99762443;NA;1.244;209.7309402;trait available
Alseis floribunda;NA;NA;0.85;NA;NA;trait available
Alseuosmia macrophylla;NA;NA;NA;4.1;NA;trait available
Alsophila setosa;NA;NA;NA;1.32E-07;354.328;trait available
Alyssum simplex;NA;NA;NA;0.74;NA;trait available
Amaioua guianensis;NA;7.723653609;0.646173009;0.012538461;380.037;trait available
Amaioua intermedia;NA;1.63875;0.640075367;NA;NA;trait available
Amanoa guianensis;NA;NA;0.813562556;NA;NA;trait available
Amelanchier;NA;1.87;NA;NA;NA;trait available
Ammi majus;nautochor;NA;NA;0.595558824;142.8053333;trait available
Amomyrtus luma;Disp;0.98;1;26.59045455;NA;trait available
Amomyrtus meli;Disp;NA;1;0.04;NA;trait available
Ampelocera edentula;NA;11.69656758;0.6902;NA;NA;trait available
Amphirrhox longifolia;NA;2.658537555;0.71;NA;NA;trait available
Anacardium giganteum;Disp;NA;0.453029333;3573.903362;NA;trait available
Anacardium parvifolium;NA;NA;0.525403843;NA;NA;trait available
Anadenanthera colubrina;NA;NA;213.7202545;194;NA;trait available
Anaxagorea dolichocarpa;Disp;NA;0.5698;NA;NA;trait available
Andira;NA;2.489877459;0.71;NA;NA;trait available
Andira anthelmia;NA;NA;0.778;NA;NA;trait available
Andira fraxinifolia;NA;NA;0.92;2.0303;403.773;trait available
Andira legalis;NA;1.711716722;NA;NA;NA;trait available
Andira micrantha;NA;1.646666667;1;NA;NA;trait available
Andira unifoliolata;NA;1.8;0.76;NA;NA;trait available
Andropogon distachyos;NA;NA;NA;0.86;NA;trait available
Anemone coronaria;wind;NA;NA;0.482;NA;trait available
Aniba;Diaspore is eaten intentionally;1.7;0.565;476.7597472;NA;trait available
Aniba canelilla;NA;2.285;0.948183333;NA;NA;trait available
Aniba firmula;NA;NA;0.56;0.6912;403.494;trait available
Aniba rosaeodora;Disp;NA;0.73252381;NA;NA;trait available
Anisophyllea manausensis;NA;NA;0.86;NA;NA;trait available
Annona;Diaspore is eaten intentionally;18.2246735;0.306524028;176.1318562;NA;trait available
Annona emarginata;NA;NA;NA;0.171694592;383.845;trait available
Annona glabra;Animal;NA;0.426;171.7971197;0.322550251;trait available
Annona muricata;NA;NA;0.373333333;396;NA;trait available
Annona neosericea;NA;NA;NA;0.033126389;340.921;trait available
Annona senegalensis;NA;16.68072513;NA;92.82;NA;trait available
Anthocleista grandiflora;NA;NA;0.577968837;2.5;NA;trait available
Anthocleista longifolia;NA;NA;NA;2.5;NA;trait available
Anthostema madagascariense;NA;NA;0.487645222;NA;NA;trait available
Antiaris toxicaria;NA;26.787;0.383069275;667;440.8099688;trait available
Aparisthmium cordatum;NA;2.982308545;0.38915;0.0301;551.947;trait available
Apeiba albiflora;NA;NA;0.245436;NA;NA;trait available
Apeiba tibourbou;NA;2.520134869;0.252992131;10.30035135;276.706642;trait available
Aphloia theiformis;NA;NA;0.62052;5.71;NA;trait available
Apodytes dimidiata;NA;0.771587185;0.56853181;104.4;NA;trait available
Aptandra tubicina;NA;4.030958933;0.765;NA;NA;trait available
Apuleia leiocarpa;NA;2.670558586;0.789381905;NA;NA;trait available
Aralia excelsa;NA;NA;0.469647475;NA;NA;trait available
Arapatiella psilophylla;NA;NA;0.87;NA;NA;trait available
Arbutus xalapensis;animal;NA;NA;145.65;NA;trait available
Ardisia;Ornithochory;1.0655;NA;0.2;227.3168909;trait available
Arisarum vulgare;Barochory;2.68;NA;NA;NA;trait available
Aristotelia chilensis;NA;1.725;NA;45.915;NA;trait available
Aristotelia serrata;NA;10.98025104;0.461333333;3.896923077;174.7522474;trait available
Artedia squamata;NA;NA;NA;8.475;NA;trait available
Artocarpus heterophyllus;NA;2.244285714;0.488539846;10062;NA;trait available
Aspidosperma;Anemochory;8.394936143;0.680727564;2.692106654;NA;trait available
Aspidosperma araracanga;NA;NA;0.75;NA;NA;trait available
Aspidosperma cylindrocarpon;NA;6.5;335.9083933;NA;NA;trait available
Aspidosperma discolor;NA;NA;0.758;NA;NA;trait available
Aspidosperma excelsum;Disp;4.301795614;0.749915613;NA;NA;trait available
Aspidosperma parvifolium;NA;15.27783442;330.2069021;0.2;296.354;trait available
Aspidosperma polyneuron;NA;NA;0.719347368;NA;NA;trait available
Aspidosperma spruceanum;Disp;2.534603675;0.754776862;595.3298219;283.8312454;trait available
Aspidosperma subincanum;NA;1.456666667;0.82;NA;NA;trait available
Asplenium polyodon;wind;NA;NA;NA;NA;trait available
Asplenium serratum;NA;1.5;NA;NA;118.3918631;trait available
Asteriscus aquaticus;"Anemochory: Big seeds with ""wings"", planing in the air (ex,  Acer sp.)";NA;NA;0.78;NA;trait available
Asteropeia;NA;NA;0.861316568;NA;NA;trait available
Asteropeia micraster;NA;NA;NA;7.04;NA;trait available
Astrocaryum aculeatissimum;NA;NA;NA;11430;NA;trait available
Astronium concinnum;Disp;NA;1.07;NA;NA;trait available
Astronium fraxinifolium;Disp;2.3;402.34;31.7;NA;trait available
Astronium graveolens;Animal;4.033924355;0.830803448;26.97981396;288.9342623;trait available
Atractylis cancellata;anemochory;NA;NA;4.814285714;NA;trait available
Avena barbata;one-seeded generative dispersule;14.34512111;NA;9.083684234;245.5;trait available
Avena sterilis;one-seeded generative dispersule;9.791911009;NA;23.70363636;108.9371142;trait available
Azara integrifolia;NA;NA;NA;2.09;NA;trait available
Azara lanceolata;NA;1.47;NA;NA;NA;trait available
Baccharis vaccinioides;NA;NA;NA;0.2;NA;trait available
Balfourodendron riedelianum;NA;NA;0.666457143;NA;NA;trait available
Banara guianensis;NA;NA;0.564318361;NA;NA;trait available
Bathysa australis;NA;NA;15.08737968;3.15E-06;204.494;trait available
Bathysa mendoncaei;NA;2.83875;0.423639478;NA;NA;trait available
Bauhinia;NA;3.246059481;NA;NA;445;trait available
Bauhinia forficata;NA;2.505;NA;206.45;NA;trait available
Bauhinia longifolia;NA;NA;0.67;NA;NA;trait available
Bauhinia rufa;NA;1.446956522;NA;NA;NA;trait available
Beilschmiedia curviramea;NA;NA;0.54243;NA;NA;trait available
Beilschmiedia tawa;NA;1.155;0.666;1211.716923;247.5309501;trait available
Bellevalia flexuosa;NA;NA;NA;3.58;NA;trait available
Bellucia grossularioides;Disp;9.181928571;0.560447917;0.18772052;0.308230541;trait available
Berberis darwinii;NA;NA;NA;11.74;NA;trait available
Berberis glaucocarpa;NA;NA;NA;11.41;NA;trait available
Berberis microphylla;NA;NA;0.847;9.125714286;NA;trait available
Bersama abyssinica;NA;NA;0.6240418;398.0833333;NA;trait available
Bertholletia excelsa;Disp;12.60800871;0.637606113;6500;NA;trait available
Beta vulgaris;nautochor;3.81;NA;19.35654867;167;trait available
Betula alleghaniensis;Diaspore is blown by wind;2.729828047;816.0462;14747.01754;9.44400411;trait available
Betula papyrifera;wind;8.321988359;0.51;136900.3361;NA;trait available
Betula populifolia;Diaspore is blown by wind;1.868333333;137.8625;212800.0817;0.598569399;trait available
Biscutella didyma;one-seeded generative dispersule;NA;NA;1.814095238;NA;trait available
Blepharocalyx salicifolius;Animal;1.335148167;0.602275;38;NA;trait available
Blighia unijugata;NA;NA;0.50808475;NA;NA;trait available
Bocageopsis multiflora;Diaspore is eaten intentionally;NA;0.643882496;186.9072022;NA;trait available
Bocconia arborea;NA;NA;NA;11.26666667;NA;trait available
Bocoa viridiflora;NA;2.594444444;0.835;NA;NA;trait available
Boehmeria caudata;NA;NA;0.364;NA;NA;trait available
Bowdichia virgilioides;NA;2.113478261;0.91;26.77875;NA;trait available
Brachyglottis repanda;NA;NA;0.581666667;0.19;NA;trait available
Brachypodium distachyon;one-seeded generative dispersule;10.14271364;NA;3.692241987;332.5800204;trait available
Brachystegia spiciformis;NA;2.252727273;0.67153425;385.0333333;203.63;trait available
Brexia madagascariensis;NA;NA;NA;18.74;NA;trait available
Bridelia micrantha;Animal;0.022433663;0.512016963;68.33333333;NA;trait available
Bromus lanceolatus;one-seeded generative dispersule;8.730435012;NA;3.217;267.5599675;trait available
Bromus madritensis;anemochory;10.3525;NA;3.492823529;190.192043;trait available
Bromus scoparius;NA;NA;NA;1.05;NA;trait available
Brosimum;NA;8.920204405;0.599275189;NA;NA;trait available
Brosimum guianense;Disp;3.396920633;0.824416068;NA;228.7411934;trait available
Brosimum lactescens;Disp;3.218844279;238.003389;956.8275714;350;trait available
Brosimum parinarioides;NA;5.0711599;0.603420933;NA;NA;trait available
Brosimum rubescens;Disp;3.50719893;0.810985405;0.615281145;NA;trait available
Buchenavia;NA;1.254302312;0.73;NA;NA;trait available
Buchenavia grandis;animal;2.666762933;0.758666667;2183.086379;NA;trait available
Buchenavia guianensis;NA;0.740066138;NA;NA;NA;trait available
Buchenavia parvifolia;NA;2.648001003;0.832900317;NA;NA;trait available
Buchenavia tetraphylla;NA;1.307849016;0.617911111;0.932;NA;trait available
Buchenavia tomentosa;NA;17.07750953;NA;NA;NA;trait available
Buddleja cordata;NA;NA;NA;0.33;NA;trait available
Buddleja davidii;agochor;6.691620571;0.149212545;0.228181112;127.3178464;trait available
Buddleja nitida;NA;1.04;0.52;NA;NA;trait available
Bunchosia lindeniana;Disp;NA;NA;320;NA;trait available
Burkea africana;NA;2.071818182;0.61246;94.14285714;229.83125;trait available
Bursera simaruba;Animal;1.906326315;0.340641609;115.325;173.1078424;trait available
Byrsonima;NA;12.674519;0.648702718;NA;NA;trait available
Byrsonima crassifolia;NA;7.198920293;0.600532722;2.48;242.7836181;trait available
Byrsonima crispa;NA;16.47236938;0.579310366;NA;NA;trait available
Byrsonima laxiflora;NA;1.16;NA;NA;NA;trait available
Byrsonima ligustrifolia;NA;1.603333333;0.466960794;0.14892;396.083;trait available
Byrsonima sericea;NA;1.36;0.78;425;243.74741;trait available
Byrsonima stipulacea;NA;NA;0.72256;NA;NA;trait available
Byrsonima verbascifolia;NA;1.419375;0.75;NA;225.5;trait available
Cabralea canjerana;Disp;14.66227781;2.635048828;1170.874403;351.4;trait available
Caldcluvia paniculata;Disp;NA;0.525;6.00E-05;NA;trait available
Calendula arvensis;Disp;NA;NA;4.742727273;97.898;trait available
Calliandra houstoniana;Disp;NA;NA;NA;NA;trait available
Callisthene major;NA;NA;0.75;NA;NA;trait available
Calophyllum brasiliense;Animal;2.966283748;0.567974279;3334.14;267.6666667;trait available
Calycolpus goetheanus;NA;NA;0.8;NA;NA;trait available
Calyptranthes;Disp;NA;NA;NA;NA;trait available
Calyptranthes clusiifolia;NA;NA;0.72;NA;NA;trait available
Calyptranthes concinna;Animal;NA;0.67613545;NA;NA;trait available
Calyptranthes lanceolata;Disp;NA;NA;356.5095134;NA;trait available
Calyptranthes lucida;NA;NA;42.38869706;NA;NA;trait available
Calystegia soldanella;Baro;12.87;NA;57.23633333;106.1719762;trait available
Campanula erinus;Anemochory: Stems move with the wind, helping for seed dispersion (ex,  Papaver sp.);NA;NA;NA;NA;trait available
Campomanesia guaviroba;NA;2.22;19.52287691;0.11115;429.259;trait available
Campomanesia xanthocarpa;Animal;NA;0.672913678;NA;NA;trait available
Canthium;NA;1.9;0.838851717;NA;NA;trait available
Caraipa densifolia;NA;8.086499143;0.619698818;NA;NA;trait available
Carapa guianensis;Disp;3.835270293;0.520554539;16003.62735;95.78705562;trait available
Carduus argentatus;NA;NA;NA;7.68;NA;trait available
Cariniana estrellensis;NA;1.9;259.4823577;NA;NA;trait available
Cariniana legalis;NA;NA;0.501111111;NA;NA;trait available
Cariniana micrantha;NA;NA;236.305561;170;NA;trait available
Carissa spinarum;NA;3.083773391;0.901173222;110.12;332.2109612;trait available
Carpinus caroliniana;wind;1.814;0.626666667;9450.989116;0.280449582;trait available
Carpodetus serratus;NA;NA;0.6;0.488;197.8744397;trait available
Carrichtera annua;Disp;NA;NA;0.49534275;NA;trait available
Carya cordiformis;animal;2.271428571;0.594;2372.025513;171.8378496;trait available
Carya ovata;animal;3.259376962;455.555288;3652.475184;180.9358871;trait available
Caryocar edule;NA;NA;0.62;NA;NA;trait available
Caryocar glabrum;Disp;2.022684594;0.667610157;6900;NA;trait available
Caryocar villosum;Disp;2.13;0.771153846;6200;NA;trait available
Casearia;Disp;7.075557781;0.625478373;181.6885604;NA;trait available
Casearia arborea;Animal;6.204197572;0.582797708;1.445744764;249.3625087;trait available
Casearia commersoniana;NA;2.217855286;0.618083952;0.023181667;320.2637706;trait available
Casearia decandra;Disp;2.581955853;0.645667493;130.2644117;NA;trait available
Casearia gossypiosperma;NA;7.15;736.9878982;NA;NA;trait available
Casearia javitensis;Disp;4.573865933;0.74934;40.25751886;NA;trait available
Casearia manausensis;NA;1.68;NA;NA;NA;trait available
Casearia obliqua;NA;NA;0.674165369;NA;445.217;trait available
Casearia sylvestris;Disp;3.312962698;0.725538871;2.238024005;303.8250078;trait available
Cassia ferruginea;NA;NA;0.866;262.75;NA;trait available
Casuarina equisetifolia;Disp;4.106333333;0.804674737;17109.54152;NA;trait available
Catha edulis;NA;NA;0.64575;1.68;NA;trait available
Catostemma albuquerquei;NA;NA;0.69;NA;NA;trait available
Ceanothus coeruleus;Disp;NA;NA;NA;NA;trait available
Cecropia;Disp;2.7584;NA;0.55;NA;trait available
Cecropia glaziovii;NA;2.827777778;21.64512422;5.00E-04;277.454;trait available
Cecropia hololeuca;NA;NA;0.43;NA;NA;trait available
Cecropia pachystachya;NA;2.283333333;0.41;0.804545455;NA;trait available
Cecropia purpurascens;NA;NA;0.342;NA;NA;trait available
Cecropia sciadophylla;Disp;7.12890025;0.390399624;1.726101159;NA;trait available
Cedrela;NA;13.42397375;0.43;NA;NA;trait available
Cedrela fissilis;NA;5.650376663;59.41316847;NA;NA;trait available
Cedrela odorata;wind;5.034920077;159.8900733;2445.150319;179.0222633;trait available
Ceiba;NA;15.15171908;0.541629297;NA;NA;trait available
Ceiba speciosa;Disp;7.8;84.81985359;154.764;NA;trait available
Celtis africana;NA;0.998008798;0.658130987;42.43714286;NA;trait available
Celtis gomphophylla;Disp;2.99;0.538587375;NA;NA;trait available
Celtis iguanaea;Disp;4.237868324;0.64158914;79.94453462;181.5585903;trait available
Centaurea hyalolepis;epizoochor;NA;NA;NA;NA;trait available
Centaurea verutum;NA;NA;NA;4.28;NA;trait available
Centrolobium tomentosum;NA;3.565;0.648;NA;NA;trait available
Cerbera manghas;NA;NA;0.38;NA;NA;trait available
Cespedesia spathulata;wind;4.083918081;0.602393823;0.221786696;55.06294757;trait available
Cestrum;Disp;NA;NA;40.12613778;NA;trait available
Chamaecrista;NA;4.043333333;0.947493122;NA;NA;trait available
Chamaecrista ensiformis;NA;NA;NA;NA;271.085;trait available
Cheiloclinium cognatum;Disp;1.054260014;NA;NA;NA;trait available
Chiococca alba;Disp;NA;0.614858498;10.23;NA;trait available
Chionanthus filiformis;NA;NA;NA;NA;392.142;trait available
Christella dentata;wind;NA;NA;NA;NA;trait available
Chrysophyllum;Diaspore is eaten intentionally;13.66401012;0.697197401;1864.911582;0.362682203;trait available
Chrysophyllum albidum;NA;NA;0.602364373;1010;NA;trait available
Chrysophyllum flexuosum;NA;1.8675;0.842608773;NA;NA;trait available
Chrysophyllum gonocarpum;animal;NA;0.6725;5488.422639;NA;trait available
Chrysophyllum inornatum;NA;1.515;NA;NA;334.691;trait available
Chrysophyllum marginatum;NA;NA;0.704333333;NA;NA;trait available
Chrysophyllum sanguinolentum;Disp;3.922274203;0.649991679;NA;NA;trait available
Chrysophyllum viride;NA;NA;39.79561668;NA;NA;trait available
Cinnamomum;NA;13.70717517;0.470524454;NA;NA;trait available
Cinnamomum triplinerve;Animal;1.899052788;0.516318534;460.287499;263.0145835;trait available
Citronella paniculata;NA;1.799;1.505208864;NA;NA;trait available
Clarisia;NA;1.64;NA;NA;NA;trait available
Clarisia biflora;Disp;2.338769875;0.512114582;1748.952392;NA;trait available
Clarisia ilicifolia;Disp;2.72;NA;761.2024003;NA;trait available
Clarisia racemosa;Disp;10.95540031;0.574161296;2580.691634;NA;trait available
Clausena anisata;NA;1.17437537;0.590256423;78.78;NA;trait available
Clematis paniculata;NA;NA;NA;6.4;NA;trait available
Clematis vitalba;wind;3.086763636;0.15;2.358826946;210.0963644;trait available
Clethra;NA;12.21415833;NA;NA;NA;trait available
Clethra scabra;NA;14.95504324;0.486;0.00017963;399.79;trait available
Clusia criuva;NA;1.22;0.613369778;0.002188238;287.773;trait available
Clusia rosea;Disp;1.028333334;0.644305556;0.0107692;NA;trait available
Coccoloba mollis;animal;1.782099265;0.64332;269.2128314;NA;trait available
Coccoloba rosea;NA;NA;NA;NA;252.5;trait available
Coffea arabica;NA;33.34083333;0.61828;227.2830194;232.9956487;trait available
Cojoba arborea;Disp;NA;0.671428571;923.3333333;NA;trait available
Cola gigantea;NA;1.979653298;0.480102042;NA;NA;trait available
Colubrina arborescens;unassisted/short-distance;1.39;0.7;26.88;NA;trait available
Colubrina glandulosa;NA;2.803166292;0.71050846;19.06;238.9355399;trait available
Comarostaphylis discolor;Disp;NA;NA;NA;NA;trait available
Combretaceae;NA;1.667450104;NA;NA;NA;trait available
Combretum;NA;1.788586957;NA;NA;NA;trait available
Combretum apiculatum;NA;2.085652174;0.86961;146.4771429;282.038;trait available
Conceveiba guianensis;Disp;3.282019241;0.529472194;NA;NA;trait available
Convolvulus althaeoides;autochory;1.53;NA;13.32285714;NA;trait available
Convolvulus dorycnium;NA;NA;NA;17.2;NA;trait available
Convolvulus humilis;NA;NA;NA;8.02;NA;trait available
Convolvulus siculus;Restricted.spatial.dispersal;NA;NA;5.5;NA;trait available
Copaifera duckei;NA;2.954285714;0.62;NA;NA;trait available
Copaifera langsdorffii;NA;2.2575;0.65;NA;NA;trait available
Copaifera multijuga;NA;2.687948718;0.585;NA;NA;trait available
Copaifera trapezifolia;NA;NA;NA;0.808266668;460.476;trait available
Coprosma grandifolia;NA;1.6;NA;21.92125;NA;trait available
Coprosma propinqua;NA;NA;NA;6.966666667;NA;trait available
Coprosma rhamnoides;NA;NA;NA;2.7;NA;trait available
Coprosma robusta;NA;NA;NA;8.596666667;NA;trait available
Cordia;Disp;6.226071991;0.496429838;NA;NA;trait available
Cordia ecalyculata;NA;NA;1.076;NA;NA;trait available
Cordia exaltata;NA;19.9183655;0.476297893;NA;NA;trait available
Cordia sellowiana;NA;3.09;50.02844003;NA;NA;trait available
Cordia taguahyensis;NA;NA;0.86125;NA;NA;trait available
Cordia toqueve;NA;NA;NA;13.36;NA;trait available
Cordia trichoclada;NA;NA;47.5469758;NA;NA;trait available
Cordia trichotoma;NA;NA;0.5976;NA;NA;trait available
Cordiera sessilis;NA;NA;0.88;NA;NA;trait available
Cordyline australis;NA;NA;NA;4.277;NA;trait available
Cordyline banksii;NA;NA;NA;3.7;NA;trait available
Cornus alternifolia;animal;1.554545455;NA;519.390476;NA;trait available
Cornus disciflora;Disp;1.01;0.53;NA;NA;trait available
Cornus excelsa;Disp;NA;NA;NA;NA;trait available
Cornus sericea;Disp;1.689566667;NA;25.47238467;275.3513338;trait available
Cornutia pyramidata;NA;NA;0.6;NA;NA;trait available
Coronilla scorpioides;anemochory;NA;NA;0.11;NA;trait available
Corylus cornuta;Disp;1.967269865;NA;843.9993063;NA;trait available
Corynocarpus laevigatus;NA;3;NA;2345.2;142.1125858;trait available
Corythophora alta;NA;10.8434645;0.72910561;NA;NA;trait available
Couepia;Mamalochory;8.76683225;0.67543549;1.287013;NA;trait available
Couepia robusta;NA;1.16;0.83;NA;NA;trait available
Couepia venosa;NA;1.72625;0.696224848;NA;NA;trait available
Couma guianensis;NA;0.908267826;0.46672275;NA;NA;trait available
Couratari stellata;Disp;2.452754977;0.632144167;NA;NA;trait available
Coussapoa microcarpa;NA;1.46;0.578711273;NA;272.579;trait available
Coussarea;Disp;1.863333333;NA;NA;NA;trait available
Coussarea accedens;NA;2.79;0.701262908;NA;NA;trait available
Coussarea contracta;NA;NA;NA;NA;247.528;trait available
Coutarea hexandra;NA;2.753678131;0.610946894;3.9775;204.3172818;trait available
Crataegus;NA;NA;NA;NA;265.9993239;trait available
Crepis sancta;anemochory;4.26722;NA;0.135714286;126.4285714;trait available
Crinodendron hookerianum;Hydrochory;NA;NA;NA;NA;trait available
Crossopetalum parviflorum;Disp;NA;NA;NA;NA;trait available
Croton;NA;NA;0.651960095;NA;NA;trait available
Croton floribundus;NA;2.97;0.6;NA;NA;trait available
Croton fragilis;NA;NA;NA;14;NA;trait available
Croton macrobothrys;NA;NA;49.82875049;NA;352.88;trait available
Croton macrostachyus;NA;NA;0.479204058;69.89285714;NA;trait available
Croton matourensis;NA;NA;0.437193333;NA;NA;trait available
Croton urucurana;NA;3.94;0.528;NA;NA;trait available
Crucianella macrostachya;NA;NA;NA;1.23;NA;trait available
Crupina crupinastrum;anemochory;NA;NA;10.66666667;NA;trait available
Cryptocarya;NA;3.8728075;0.606012348;3157.142857;NA;trait available
Cryptocarya aschersoniana;NA;2.1103606;0.61333137;0.579025;411.63;trait available
Cryptocarya mandioccana;NA;NA;1.278;1.1488;388.461;trait available
Cryptocarya moschata;Animal;NA;NA;NA;NA;trait available
Cupania;Diaspore is eaten intentionally;12.30854075;NA;395.8728027;NA;trait available
Cupania dentata;NA;1.5012;0.66;NA;NA;trait available
Cupania furfuracea;NA;NA;1.218;NA;NA;trait available
Cupania hirsuta;Disp;NA;NA;236.0984355;NA;trait available
Cupania oblongifolia;NA;NA;0.67;NA;NA;trait available
Cupania scrobiculata;Disp;2.592588681;0.669791667;144.2378911;0.425128452;trait available
Cupania vernalis;NA;NA;0.598016761;0.15245;399.961;trait available
Cupressus lusitanica;NA;NA;0.393333333;4.310733529;NA;trait available
Cussonia arborea;NA;15.8945425;0.357459667;7.91;NA;trait available
Cyathea corcovadensis;NA;NA;NA;1.32E-07;285.403;trait available
Cyathea delgadii;NA;NA;NA;1.32E-07;344.34;trait available
Cyathea phalerata;NA;NA;NA;1.32E-07;285.105;trait available
Cybistax antisyphilitica;NA;NA;0.59;NA;NA;trait available
Cynodon dactylon;unassisted;15.78272783;NA;53105.82038;233.8224607;trait available
Cynometra;NA;NA;0.81795;NA;NA;trait available
Cynophalla flexuosa;Disp;2.541633333;0.729486441;67;NA;trait available
Cytisus scoparius;dysochor;12.72766667;0.435265447;1083.720252;111.1114573;trait available
Dactylis glomerata;agochor;11.86165797;0.074041453;3445.968794;169.9717579;trait available
Dahlstedtia pinnata;NA;3.69;1.038669305;NA;NA;trait available
Dalbergia;NA;NA;0.964355562;NA;NA;trait available
Dalbergia frutescens;NA;NA;0.593271977;162.75;NA;trait available
Dalbergia glomerata;Disp;NA;NA;40;NA;trait available
Danaea nodosa;NA;2.262;NA;NA;153.0500238;trait available
Daphnopsis;Disp;NA;NA;NA;NA;trait available
Daphnopsis brasiliensis;NA;NA;0.52;NA;NA;trait available
Daphnopsis fasciculata;NA;NA;NA;0.048076922;325.155;trait available
Daucus aureus;NA;NA;NA;2.8;NA;trait available
Delairea odorata;Anemochory: Small seeds with pappus or very light seeds (ex,  Crepis sp. or Orchis sp.);2.22;NA;NA;NA;trait available
Delphinium peregrinum;NA;NA;NA;1.36;NA;trait available
Dendropanax;NA;13.7927185;0.420529801;NA;NA;trait available
Dendropanax arboreus;Disp;2.230807682;0.422725746;7.101529646;231.9826794;trait available
Dendropanax cuneatus;NA;20.10023388;NA;NA;NA;trait available
Deverra tortuosa;NA;NA;NA;0.55;NA;trait available
Dialium guianense;Disp;8.037005206;0.839242997;218.775225;NA;trait available
Dianthus strictus;NA;NA;NA;1.15;NA;trait available
Diatenopteryx sorbifolia;NA;2.82;0.744;0.072228241;378.754;trait available
Dicksonia sellowiana;NA;NA;NA;3.69E-07;419.481;trait available
Dillenia;NA;NA;0.46;NA;NA;trait available
Dinizia excelsa;NA;1.983333333;0.897845833;200;NA;trait available
Diospyros;no;17.76083333;0.739657295;2933.39018;46.11895023;trait available
Diospyros abyssinica;Disp;NA;0.6;196.395;NA;trait available
Diospyros capreifolia;Disp;3.301299705;0.73;NA;NA;trait available
Diospyros cavalcantei;NA;1.099567356;NA;NA;NA;trait available
Diospyros guianensis;NA;NA;0.6;NA;NA;trait available
Diospyros inconstans;NA;NA;0.83;NA;NA;trait available
Diospyros myriophylla;NA;NA;NA;37.94;NA;trait available
Diphysa americana;NA;NA;0.66841839;16.93;NA;trait available
Diploon cuspidatum;NA;1.706831733;0.85;NA;NA;trait available
Diplotaxis erucoides;Autochory;NA;NA;0.203846154;124.58;trait available
Diplotropis martiusii;NA;NA;0.65875;NA;NA;trait available
Diplotropis purpurea;Diaspore is blown by wind;5.341738793;0.760221599;154.5446676;NA;trait available
Dipteryx magnifica;NA;1.8775;NA;NA;NA;trait available
Dipteryx odorata;Diaspore is eaten intentionally;1.953530443;0.922895753;5796.09738;NA;trait available
Discophora guianensis;NA;2.547974067;0.56;NA;NA;trait available
Dodonaea viscosa;Animal;3.131500728;210.7575456;6.914472076;251.3422819;trait available
Dovyalis macrocalyx;NA;NA;0.48216;NA;NA;trait available
Dracaena elliptica;NA;NA;0.49;NA;NA;trait available
Dracaena reflexa;NA;NA;0.41328;45.72;NA;trait available
Drimys granadensis;NA;0.71;0.454669;NA;NA;trait available
Drimys winteri;Animal;2.08608;0.428333333;8.47882;0.272297511;trait available
Drypetes madagascariensis;NA;NA;NA;124.6;NA;trait available
Duguetia lanceolata;NA;NA;0.87;0.160216668;425.342;trait available
Duguetia stelechantha;NA;NA;0.849;NA;NA;trait available
Duguetia surinamensis;NA;1.835570131;0.82785;NA;NA;trait available
Dulacia candida;NA;3.6332338;NA;NA;NA;trait available
Duranta vestita;Animal;NA;0.458294447;NA;NA;trait available
Duroia longiflora;NA;4.423721584;NA;NA;NA;trait available
Dypsis lutescens;NA;NA;NA;760.51;NA;trait available
Dypsis scottiana;NA;NA;NA;50.46;NA;trait available
Dysoxylum spectabile;NA;1.93;NA;107.13;161.570114;trait available
Ecclinusa guianensis;Disp;1.637810858;0.626069778;NA;NA;trait available
Ecclinusa ramiflora;Disp;3.69834416;0.921643612;1.13805883;NA;trait available
Echium judaeum;NA;NA;NA;6.2;NA;trait available
Ehretia latifolia;NA;NA;NA;84.76;NA;trait available
Elaeocarpus dentatus;Disp;0.94;0.524;437.156;250.930518;trait available
Elaeodendron;no;NA;0.737012622;NA;NA;trait available
Elaeodendron alluaudianum;NA;NA;NA;57.62;NA;trait available
Elaphoglossum;NA;11.1;NA;NA;NA;trait available
Embothrium coccineum;NA;3.442428571;0.4902;13.73345714;NA;trait available
Emmotum nitens;NA;NA;0.93;NA;NA;trait available
Endlicheria;NA;7.594292005;0.5;NA;NA;trait available
Endlicheria paniculata;NA;1.76;0.59671847;0.66905;381.489;trait available
Endopleura uchi;NA;1.734444444;0.791856028;NA;NA;trait available
Enterolobium contortisiliquum;NA;NA;0.397900714;251.3472727;NA;trait available
Erblichia odorata;NA;NA;0.548359113;NA;NA;trait available
Eriotheca candolleana;Disp;NA;0.43;NA;NA;trait available
Eriotheca globosa;Disp;1.840424249;0.4786;NA;NA;trait available
Eriotheca gracilipes;NA;NA;430;NA;NA;trait available
Eriotheca pentaphylla;Disp;NA;1.58;NA;NA;trait available
Erisma bicolor;NA;1.5;NA;NA;NA;trait available
Erodium ciconium;"Anemochory: Big seeds with ""wings"", planing in the air (ex,  Acer sp.)";17.4075;NA;5.455333333;112.6982109;trait available
Erodium cicutarium;Animal;2.830252143;NA;1.916295;109.3302777;trait available
Erodium gruinum;NA;NA;NA;39.91666667;NA;trait available
Erodium laciniatum;NA;NA;NA;1.24;NA;trait available
Erodium malacoides;adhesion-dispersed (hooks, spines or bristles to assist attachment, checked to see if adhered t ...;NA;NA;NA;NA;trait available
Erucaria rostrata;Disp;NA;NA;NA;NA;trait available
Eryngium creticum;anemochory;NA;NA;2.8;NA;trait available
Erythrina abyssinica;NA;NA;0.426195;375.89;NA;trait available
Erythrina excelsa;NA;3.07;NA;NA;NA;trait available
Erythroxylum;animal;NA;0.775927322;36336.66862;NA;trait available
Erythroxylum citrifolium;NA;NA;0.705327936;NA;NA;trait available
Erythroxylum nitidulum;NA;NA;NA;43.75;NA;trait available
Erythroxylum pelleterianum;NA;NA;NA;41;NA;trait available
Erythroxylum pervillei;NA;NA;NA;14.25;NA;trait available
Erythroxylum platycladum;NA;NA;NA;125.87;NA;trait available
Erythroxylum pulchrum;NA;NA;1.071;NA;NA;trait available
Erythroxylum squamatum;NA;1.890187944;0.71;NA;NA;trait available
Eschweilera;NA;5.590912436;0.691125517;NA;NA;trait available
Eschweilera collina;NA;NA;0.778325314;NA;NA;trait available
Eschweilera coriacea;Disp;3.553290462;0.734929066;26;NA;trait available
Eschweilera grandiflora;Disp;1.17152447;0.7415;NA;NA;trait available
Eschweilera ovata;NA;NA;0.9;NA;NA;trait available
Eschweilera tessmannii;NA;17.91133672;0.789;NA;NA;trait available
Eschweilera truncata;NA;1.916;NA;NA;NA;trait available
Eschweilera wachenheimii;NA;1.946;0.8055;NA;NA;trait available
Esenbeckia grandiflora;NA;NA;1.076;NA;315.376;trait available
Esenbeckia leiocarpa;NA;NA;0.964;92.36;NA;trait available
Eucalyptus;Disp;1.571665698;NA;7.810357143;0.308977455;trait available
Eucryphia cordifolia;Disp;2.700555556;0.5472;1.360369333;NA;trait available
Eugenia;animal;3.330495569;0.669458535;496.8017213;NA;trait available
Eugenia acapulcensis;Disp;NA;NA;NA;NA;trait available
Eugenia batingabranca;NA;NA;46.57693331;NA;NA;trait available
Eugenia brasiliensis;NA;NA;0.71;1.962;NA;trait available
Eugenia brevistyla;NA;2.053333333;0.605485539;NA;NA;trait available
Eugenia cupulata;NA;0.905743457;NA;NA;NA;trait available
Eugenia florida;NA;2.576125951;0.679930162;0.100594375;280.5407563;trait available
Eugenia involucrata;NA;NA;NA;45.95204815;460.136;trait available
Eugenia leitonii;NA;NA;0.98;NA;NA;trait available
Eugenia ligustrina;NA;NA;0.981;NA;298.535;trait available
Eugenia oblongata;NA;NA;2.46225;NA;NA;trait available
Eugenia prasina;NA;NA;0.8815;NA;NA;trait available
Eugenia punicifolia;Disp;NA;NA;129.4536011;284;trait available
Eugenia sonderiana;NA;NA;0.75;NA;NA;trait available
Eugenia uniflora;NA;NA;0.819916553;NA;NA;trait available
Euphorbia exigua;agochor;NA;NA;0.308119048;213;trait available
Euphorbiaceae;no;1.608932689;NA;0.550804154;NA;trait available
Euplassa cantareirae;NA;1.4275;0.609134686;NA;NA;trait available
Euterpe edulis;Animal;4.710952381;27.94348383;270.1211833;421.571;trait available
Fagus grandifolia;Disp;11.91012563;0.596666667;398.3154821;294.3047584;trait available
Faramea pachyantha;NA;1.8825;0.527548536;NA;NA;trait available
Ferula communis;Disp;NA;NA;19.76666667;NA;trait available
Ficus;Disp;2.559992099;216.9014667;0.289080935;NA;trait available
Ficus adhatodifolia;NA;NA;0.36;0.001219352;286.312;trait available
Ficus citrifolia;animal;2.355220378;0.4;0.9;168.078426;trait available
Ficus exasperata;NA;23.59536337;0.3444;0.46;NA;trait available
Ficus gomelleira;NA;NA;0.39;NA;NA;trait available
Ficus insipida;Disp;7.576199315;0.373219072;1.027733947;208.9961707;trait available
Ficus lutea;NA;0.016745844;0.530494822;NA;NA;trait available
Ficus obtusiuscula;NA;NA;0.4;NA;NA;trait available
Ficus pertusa;Disp;2.069;0.41265;NA;0.262475;trait available
Ficus sansibarica;NA;NA;0.52521;NA;NA;trait available
Ficus sur;NA;0.014902181;0.325684495;0.63125;NA;trait available
Ficus sycomorus;NA;17.52075239;0.42189;1.653333333;NA;trait available
Ficus trigona;NA;2.018562794;NA;NA;NA;trait available
Filago contracta;NA;NA;NA;0.18;NA;trait available
Filago pyramidata;anemochory;NA;NA;0.0518944;237.006125;trait available
Foeniculum vulgare;Disp;NA;NA;13.25409091;234.5;trait available
Forestiera reticulata;Disp;NA;NA;NA;NA;trait available
Frangula alnus;bird;5.654362082;58.36315054;897.2662398;121.3696925;trait available
Fraxinus americana;wind;9.667431505;0.599555544;405.8895738;221.6957237;trait available
Fraxinus nigra;Disp;2.354285714;0.476666667;2315.214167;NA;trait available
Fraxinus pennsylvanica;Disp;1.734428571;220.2033333;449.1196129;0.268578129;trait available
Fraxinus uhdei;Disp;NA;NA;23.98008121;NA;trait available
Freycinetia banksii;NA;NA;NA;0.16;NA;trait available
Fuchsia excorticata;NA;13.3086381;0.635333333;0.07;128.4777925;trait available
Fuchsia magellanica;NA;NA;NA;0.185;NA;trait available
Funtumia africana;Disp;2.5;0.423986219;59.37;NA;trait available
Fusaea longifolia;NA;1.492926258;0.754428571;NA;NA;trait available
Gagea reticulata;NA;NA;NA;NA;0.262937995;trait available
Galium divaricatum;autochory;NA;NA;0.095;NA;trait available
Galium judaicum;NA;NA;NA;0.2;NA;trait available
Galium murale;endozoochor;NA;NA;0.18;NA;trait available
Garcinia;animal;10.94666667;0.750443065;991.1859568;0.316770186;trait available
Garcinia brasiliensis;Disp;1.302507892;1.102827141;960;NA;trait available
Garcinia macrophylla;Disp;3.894139288;0.746866299;743;NA;trait available
Garcinia madruno;Disp;1.108216201;0.729809729;3212.163695;322.6988853;trait available
Garrya laurifolia;Disp;0.86;NA;NA;NA;trait available
Gaultheria insana;NA;NA;NA;0.29;NA;trait available
Genipa infundibuliformis;NA;NA;0.88;NA;NA;trait available
Geranium dissectum;speirochor;0.873189933;NA;2.4154;102.1014084;trait available
Geranium molle;endozoochor;2.418928;NA;1.1003;83.98138841;trait available
Geranium rotundifolium;one-seeded generative dispersule;5.604;NA;1.8092;247.6890686;trait available
Geropogon hybridus;NA;NA;NA;16.94;NA;trait available
Gevuina avellana;Mammalochory;2.24;0.63;1130.658643;NA;trait available
Glycydendron amazonicum;Disp;6.700893572;0.67076;NA;NA;trait available
Goupia glabra;Disp;2.008447908;0.710263273;0.911909389;NA;trait available
Guapira;NA;3.24;0.475;NA;NA;trait available
Guapira areolata;NA;2.976666667;17.77793368;NA;NA;trait available
Guapira obtusata;NA;2.67;NA;NA;NA;trait available
Guapira opposita;NA;3.47625;5.284175674;0.01934;187.229;trait available
Guarea;NA;9.382591399;0.566355152;NA;NA;trait available
Guarea guidonia;Disp;5.18545881;0.561860143;574.8575555;207.677822;trait available
Guarea kunthiana;Disp;14.51480512;0.539250848;174.4545085;NA;trait available
Guarea macrophylla;Disp;6.865087298;3.584191728;503.8373346;267.6666667;trait available
Guarea pubescens;NA;5.560326511;0.543520283;NA;NA;trait available
Guarea silvatica;NA;3.033834772;NA;NA;NA;trait available
Guatteria;Animal;7.438800163;0.519403389;NA;252.5;trait available
Guatteria australis;NA;2.21875;0.486099045;0.054738461;344.333;trait available
Guatteria blepharophylla;Animal;1.221649253;NA;NA;NA;trait available
Guatteria schomburgkiana;NA;6.344352067;0.6;NA;NA;trait available
Guazuma ulmifolia;Animal;2.458302132;0.52206857;4.129353294;229.498785;trait available
Guettarda uruguensis;NA;NA;0.73;89.9;NA;trait available
Gundelia tournefortii;Disp;NA;NA;111.1666667;NA;trait available
Gustavia elliptica;NA;2.13;0.669;NA;NA;trait available
Hamamelis virginiana;Disp;1.200000002;0.61;933.6407593;0.3993;trait available
Handroanthus chrysotrichus;NA;NA;NA;603;NA;trait available
Handroanthus impetiginosus;NA;8.506046008;212.3345489;126.8985714;196.6826245;trait available
Handroanthus incanus;NA;NA;0.94;NA;NA;trait available
Handroanthus serratifolius;Diaspore is blown by wind;5.495463419;0.923063805;122.1222208;NA;trait available
Hedera helix;bird;4.078759869;0.324132727;31.72963333;170.4232645;trait available
Hedycarya arborea;NA;2.08;0.615;240.1090909;155.3562541;trait available
Hedyosmum brasiliense;NA;NA;NA;1.132365234;NA;trait available
Hedyosmum mexicanum;NA;2.355;NA;0.939241713;NA;trait available
Heisteria;animal;13.1341497;0.623937308;190.6480016;NA;trait available
Heisteria ovata;NA;8.355489524;0.600533413;200;NA;trait available
Heisteria silvianii;NA;NA;NA;0.3413;420.978;trait available
Helianthemum aegyptiacum;NA;NA;NA;0.19;NA;trait available
Helianthemum ledifolium;NA;NA;NA;0.411666667;NA;trait available
Helianthemum salicifolium;Anemochory: Stems move with the wind, helping for seed dispersion (ex,  Papaver sp.);NA;NA;0.295454545;NA;trait available
Helianthemum vesicarium;NA;NA;NA;0.96;NA;trait available
Helianthostylis sprucei;Ornithochory - Mamalochory;2.255;0.6275;1.302941017;NA;trait available
Helicostylis pedunculata;NA;4.610644502;0.582011915;NA;NA;trait available
Helicostylis scabra;NA;19.09682034;0.735;NA;NA;trait available
Helicostylis tomentosa;NA;7.190888788;0.598253598;NA;NA;trait available
Henriettea succosa;NA;NA;0.764279613;NA;NA;trait available
Hernandia nymphaeifolia;Disp;NA;0.31;NA;NA;trait available
Hevea brasiliensis;Disp;11.39389371;451.4772067;3809.18;NA;trait available
Hevea guianensis;Disp;2.17840258;0.554155719;NA;NA;trait available
Hieronyma alchorneoides;NA;2.337728208;0.629752047;5.8574584;215.2029195;trait available
Himatanthus articulatus;Disp;1.96;0.53637;NA;NA;trait available
Himatanthus bracteatus;NA;NA;0.53;NA;NA;trait available
Hippocratea volubilis;Disp;1.32;0.555385814;0.053492083;NA;trait available
Hippocrepis unisiliquosa;autochory;NA;NA;5.094666667;NA;trait available
Hirschfeldia incana;agochor;NA;NA;0.371557895;136.0485714;trait available
Hirtella hebeclada;NA;1.73875;13.79679093;0.512820511;410.498;trait available
Hirtella racemosa;NA;1.561266661;0.732715404;0.104376667;230.4605579;trait available
Histiopteris incisa;wind;NA;NA;NA;NA;trait available
Hoheria sexstylosa;NA;NA;NA;NA;154.7067983;trait available
Homalium;NA;NA;0.7463176;NA;NA;trait available
Hordeum bulbosum;NA;14.4683758;NA;7.606470588;261.9639192;trait available
Hortia brasiliana;NA;NA;0.759013276;NA;NA;trait available
Humiria balsamifera;NA;3.778822664;0.724686207;260;NA;trait available
Hydrogaster trinervis;NA;NA;0.63;NA;NA;trait available
Hyeronima alchorneoides;NA;4.484230147;98.54231536;0.01439412;275.0725;trait available
Hymenaea courbaril;Animal;1.949146775;73.92761954;3572.186419;237.4141588;trait available
Hymenaea intermedia;NA;NA;0.82;NA;NA;trait available
Hymenaea oblongifolia;NA;7.779504467;0.727618293;NA;NA;trait available
Hymenolobium;NA;7.777941399;0.729040371;NA;NA;trait available
Hymenolobium modestum;NA;NA;0.663770203;NA;NA;trait available
Hyparrhenia hirta;Disp;1.41925;NA;0.725;105.3072393;trait available
Hypericum triquetrifolium;NA;NA;NA;1.133333333;NA;trait available
Ilex;no;8.709379978;NA;NA;NA;trait available
Ilex affinis;NA;NA;0.51;NA;NA;trait available
Ilex brevicuspis;Animal;NA;0.54;NA;NA;trait available
Ilex cerasifolia;NA;NA;0.65;NA;NA;trait available
Ilex dumosa;NA;NA;NA;0.003135292;440.376;trait available
Ilex macfadyenii;NA;1;NA;NA;NA;trait available
Ilex microdonta;Animal;NA;NA;NA;NA;trait available
Ilex paraguariensis;NA;2.83;NA;0.008725982;384.622;trait available
Ilex theezans;NA;NA;NA;0.008370589;367.37;trait available
Ilex verticillata;animal;3.972272727;NA;7095.581593;NA;trait available
Ilex vomitoria;animal;1.942;NA;2923.301507;NA;trait available
Inga;Diaspore is eaten intentionally;10.39609727;2.040284955;844.5674127;NA;trait available
Inga alba;Disp;6.986283025;0.592895467;NA;318.3333333;trait available
Inga capitata;NA;15.82194845;3.855118368;NA;NA;trait available
Inga cayennensis;Disp;10.74673322;0.680631056;NA;NA;trait available
Inga cordatoalata;NA;2.915915457;NA;NA;NA;trait available
Inga cylindrica;NA;19.50313131;0.543063008;NA;NA;trait available
Inga edulis;Disp;5.34808435;0.486777449;517.0970331;NA;trait available
Inga gracilifolia;Disp;1.684819321;NA;NA;NA;trait available
Inga ingoides;Disp;NA;0.496;0.5;NA;trait available
Inga laurina;NA;11.26180453;0.641826451;0.39568215;330.9295055;trait available
Inga marginata;Disp;4.762177451;0.563054732;144.5980863;319.1805738;trait available
Inga obidensis;NA;2.38;NA;NA;NA;trait available
Inga oerstediana;NA;2.983299242;0.441427783;380;368.1992337;trait available
Inga paraensis;NA;2.171119755;0.82;NA;NA;trait available
Inga sessilis;NA;NA;16.03640775;NA;NA;trait available
Inga splendens;animal;1.67;0.583333333;1919.192604;NA;trait available
Inga stipularis;Disp;2.252502143;0.629;NA;NA;trait available
Inga striata;NA;17.71536525;NA;NA;NA;trait available
Inga subnuda;NA;3.0725;0.629777816;NA;NA;trait available
Inga thibaudiana;Disp;4.792778375;0.515829371;65.1164625;322.3495824;trait available
Inga umbratica;NA;3.058087257;NA;NA;NA;trait available
Inga vera;Animal;2.8983334;0.559788652;0.32;NA;trait available
Intsia bijuga;NA;NA;0.712945516;1473.35;NA;trait available
Iryanthera hostmannii;Disp;2.501053321;0.604469015;1600;NA;trait available
Iryanthera juruensis;Diaspore is eaten intentionally;6.362439133;0.61430811;3650.554633;243.5;trait available
Isatis lusitanica;NA;NA;NA;8.5;134.6849727;trait available
Isertia hypoleuca;NA;NA;0.622;NA;NA;trait available
Ixora gardneriana;NA;NA;0.88;NA;NA;trait available
Jacaranda copaia;wind;3.871180043;0.362764563;5.933741397;214.1977641;trait available
Jacaranda mimosifolia;NA;NA;0.49;11.79875;NA;trait available
Jacaranda puberula;NA;1.9775;3.814530179;0.003938042;489.538;trait available
Jacaratia;NA;NA;193.4;NA;NA;trait available
Jacaratia spinosa;NA;11.723125;106.484874;NA;166.3333333;trait available
Juglans cinerea;animal;2.384285714;0.373333333;12463.90139;NA;trait available
Julbernardia globiflora;NA;2.4;0.73752;334.4477778;NA;trait available
Kickxia aegyptiaca;NA;NA;NA;2.3;NA;trait available
Kigelia africana;NA;9.359280282;0.6319775;131.116;NA;trait available
Knightia excelsa;NA;0.64;0.567;27.52636364;233.7676509;trait available
Kunzea ericoides;wind;NA;0.694666667;0.04825;201.3956089;trait available
Lacistema aggregatum;Animal;3.642597197;0.515456433;29.97737493;201.5189511;trait available
Lacistema pubescens;NA;1.8575;0.476603196;NA;NA;trait available
Lacmellea aculeata;Disp;0.802977485;NA;NA;NA;trait available
Lacunaria jenmanii;NA;1.056638077;NA;NA;NA;trait available
Laetia procera;Diaspore is eaten intentionally;4.820109149;0.635190968;3.788417866;304.4385987;trait available
Lafoensia glyptocarpa;NA;NA;0.96;NA;NA;trait available
Lagoecia cuminoides;Disp;NA;NA;0.56;NA;trait available
Lagurus ovatus;one-seeded generative dispersule;1.19;NA;0.526380189;26.2;trait available
Lamanonia ternata;Wind;NA;0.510823434;NA;NA;trait available
Lasianthaea fruticosa;Disp;NA;NA;NA;NA;trait available
Lastreopsis hispida;wind;NA;NA;NA;NA;trait available
Lathyrus hierosolymitanus;NA;NA;NA;34.36666667;NA;trait available
Lathyrus ochrus;one-seeded generative dispersule;NA;NA;161.8;NA;trait available
Lauraceae;NA;2.74452427;51.85016567;NA;NA;trait available
Lecythis lanceolata;NA;NA;1.01;NA;NA;trait available
Lecythis lurida;NA;2.751641476;0.863333333;NA;NA;trait available
Lecythis pisonis;Disp;10.32034575;0.854495336;NA;252.5;trait available
Lecythis prancei;NA;2.999090909;0.875;NA;NA;trait available
Lecythis zabucajo;Diaspore is eaten intentionally;1.164661847;0.854429333;1853.932814;NA;trait available
Leontice leontopetalum;NA;NA;NA;102;0.177766472;trait available
Leptolaena multiflora;NA;NA;0.951990005;NA;NA;trait available
Leptolaena pauciflora;NA;NA;NA;13.24;NA;trait available
Leptopteris hymenophylloides;NA;1.343333333;NA;NA;NA;trait available
Leycesteria formosa;bird;NA;NA;0.331428571;NA;trait available
Licania;animal;3.560180164;0.693764231;3116.405053;NA;trait available
Licania canescens;NA;1.536890128;0.830973085;NA;NA;trait available
Licania discolor;NA;NA;0.88683;NA;NA;trait available
Licania heteromorpha;Disp;3.359409363;0.799589896;2543.703317;NA;trait available
Licania hoehnei;NA;1.635;1.003692992;NA;NA;trait available
Licania hypoleuca;NA;2.046594684;0.847417784;0.211425;348.4483086;trait available
Licania impressa;NA;NA;0.921;NA;NA;trait available
Licania kunthiana;NA;1.432565663;16.67600797;NA;NA;trait available
Licania micrantha;Disp;1.273095615;0.832972131;183.23;NA;trait available
Licania oblongifolia;NA;1.395;0.816264873;NA;NA;trait available
Licania octandra;NA;9.34571552;0.809769533;NA;NA;trait available
Licania rodriguesii;NA;NA;0.844;NA;NA;trait available
Licania sothersiae;NA;1.02;0.839;NA;NA;trait available
Licaria armeniaca;NA;3.44625;0.532923527;NA;NA;trait available
Licaria guianensis;NA;2.07768656;0.7411714;NA;NA;trait available
Lindsaea lancea;NA;2.120333333;NA;NA;311.6547906;trait available
Linum corymbulosum;NA;NA;NA;2.625714286;NA;trait available
Linum nodiflorum;NA;NA;NA;0.42;NA;trait available
Linum pubescens;NA;NA;NA;0.6168;NA;trait available
Linum strictum;Anemochory: Stems move with the wind, helping for seed dispersion (ex,  Papaver sp.);NA;NA;0.795346368;NA;trait available
Lippia umbellata;Disp;NA;NA;NA;NA;trait available
Liquidambar styraciflua;wind;4.703057181;0.476164709;10568.21957;198.5;trait available
Lithraea molleoides;NA;NA;0.474266667;NA;284;trait available
Lolium rigidum;"Anemochory: Big seeds with ""wings"", planing in the air (ex,  Acer sp.)";14.94183333;NA;12057.96028;233.9807366;trait available
Lomatia hirsuta;NA;3.36;0.473;7.966666667;NA;trait available
Lomelosia palaestina;Disp;NA;NA;10.78;NA;trait available
Lonchocarpus;NA;20.831305;0.693833611;NA;NA;trait available
Lonchocarpus rugosus;NA;2.4240929;0.64470333;52.47;182.2543096;trait available
Luehea cymulosa;NA;NA;0.48;NA;NA;trait available
Luehea divaricata;Wind;NA;0.532612753;NA;NA;trait available
Luehea paniculata;NA;NA;0.54;NA;NA;trait available
Luehea speciosa;NA;1.79832863;0.636635527;NA;216.7703689;trait available
Lueheopsis rosea;NA;NA;0.33;NA;NA;trait available
Luma apiculata;Ornithochory;4.221538462;0.91;0.018505;NA;trait available
Lysiloma divaricatum;NA;2.174479095;0.73283575;33.83733333;207.2752035;trait available
Mabea;NA;1.323738084;NA;NA;NA;trait available
Mabea occidentalis;NA;11.1648625;0.634814467;NA;NA;trait available
Mabea piriri;Disp;1.181083875;0.596485714;NA;NA;trait available
Mabea speciosa;NA;1.371401079;0.635;NA;NA;trait available
Macaranga alnifolia;NA;NA;NA;22.79;NA;trait available
Macaranga capensis;NA;NA;0.449253699;15.92;NA;trait available
Machaerium;NA;1.75;0.7;NA;NA;trait available
Machaerium acutifolium;NA;NA;479.9984389;NA;NA;trait available
Machaerium brasiliense;NA;NA;0.66;0.136986301;488.929;trait available
Machaerium isadelphum;NA;NA;0.580256601;0.1203;NA;trait available
Machaerium nyctitans;NA;2.616666667;NA;NA;NA;trait available
Machaerium stipitatum;NA;3.695;NA;NA;NA;trait available
Machaerium villosum;NA;NA;0.78;NA;NA;trait available
Maclura tinctoria;Disp;5.807181195;0.773302796;3;209.898165;trait available
Macoubea guianensis;Disp;5.297648082;0.413995;NA;NA;trait available
Macrolobium limbatum;NA;2.9499109;0.568367137;NA;NA;trait available
Maesa lanceolata;Disp;NA;0.675885;3.44;NA;trait available
Magnolia ovata;NA;1.68683164;0.525;0.19635;384.314;trait available
Malus pumila;multi-seeded generative dispersule;6.946084926;213.7638333;22.38452592;NA;trait available
Malva parviflora;unassisted (no morphological structures aiding dispersal);NA;NA;2.472941176;NA;trait available
Mammea;NA;NA;0.891500596;NA;NA;trait available
Mammea bongo;NA;NA;0.82479746;NA;NA;trait available
Mangifera indica;Disp;1.902035714;0.556745208;15464.73308;NA;trait available
Manihot grahamii;NA;NA;NA;86;NA;trait available
Manilkara;Disp;4.177881667;0.79392756;418.3762116;NA;trait available
Manilkara bidentata;Disp;1.436017194;0.857496224;1109.583934;0.394608887;trait available
Manilkara cavalcantei;NA;1.67;0.834;NA;NA;trait available
Manilkara salzmannii;NA;NA;1.03;NA;265.1;trait available
Manilkara subsericea;NA;1.4;NA;NA;244.1572434;trait available
Maprounea guianensis;NA;1.346117092;0.586622392;11;NA;trait available
Maquira sclerophylla;NA;5.208911781;0.53521465;NA;NA;trait available
Margaritaria nobilis;Diaspore is eaten intentionally;5.624593473;0.603856239;10.05866561;252.4272734;trait available
Markhamia lutea;NA;2.85;0.480738639;20.21333333;NA;trait available
Marlierea obscura;NA;1.60125;0.578248806;NA;NA;trait available
Mascarenhasia lisianthiflora;NA;NA;NA;4.5;NA;trait available
Matayba;NA;11.14041438;0.576295152;NA;NA;trait available
Matayba elaeagnoides;NA;NA;0.513954901;0.13026923;440.276;trait available
Matayba guianensis;NA;16.1032027;0.82;NA;NA;trait available
Matayba intermedia;NA;NA;NA;1.207142859;337.395;trait available
Maytenus;Disp;0.857839271;0.705;NA;NA;trait available
Maytenus robusta;NA;NA;0.77;NA;NA;trait available
Medicago coronata;NA;NA;NA;1.557142857;NA;trait available
Medicago orbicularis;Anemochory: Big and round seeds rolling on the ground, pushed by the wind;2.61;NA;3.340833333;NA;trait available
Medicago polymorpha;Disp;4.13;NA;4737.67375;203.9317569;trait available
Medicago rotata;NA;NA;NA;8.7;NA;trait available
Medicago scutellata;wind;NA;NA;2548.129412;NA;trait available
Medicago truncatula;Epi-zoochory;NA;NA;4.056818182;NA;trait available
Melanoxylon brauna;NA;NA;1.038;NA;NA;trait available
Melicope ternata;NA;NA;NA;18.84;NA;trait available
Melicytus ramiflorus;NA;4.413391522;0.574;1.066470588;152.7720023;trait available
Melilotus sulcatus;Barochory;NA;NA;3.59;NA;trait available
Meliosma idiopoda;Animal;NA;NA;NA;NA;trait available
Meliosma sellowii;NA;NA;0.62;0.586333332;287.892;trait available
Mercurialis annua;nautochor;4.15548;NA;2.105713333;92.64113643;trait available
Metrodorea nigra;NA;2.45;NA;NA;NA;trait available
Metrodorea stipularis;NA;NA;1.05;NA;NA;trait available
Metrosideros diffusa;NA;NA;0.417;NA;NA;trait available
Metrosideros perforata;NA;NA;NA;0.086666667;NA;trait available
Mezilaurus duckei;NA;NA;0.674306199;NA;NA;trait available
Mezilaurus itauba;NA;21.97246936;0.718408192;NA;NA;trait available
Miconia;Disp;4.975535543;0.580240089;0.23284647;77.78675223;trait available
Miconia affinis;animal;8.887972335;0.59393776;0.224325751;253.4477564;trait available
Miconia albicans;NA;2.229;NA;9;NA;trait available
Miconia calvescens;NA;1.7775;0.424;NA;NA;trait available
Miconia centrodesma;NA;2.110758896;NA;NA;NA;trait available
Miconia cinnamomifolia;NA;NA;0.73;0.000237941;365.813;trait available
Miconia cuspidata;NA;NA;0.74;NA;NA;trait available
Miconia dispar;NA;5.426609249;NA;NA;NA;trait available
Miconia minutiflora;NA;2.000470588;0.5;NA;0.377170103;trait available
Miconia mirabilis;NA;1.633333333;0.602911111;0.00034;NA;trait available
Miconia poeppigii;NA;10.69677933;0.582743516;NA;NA;trait available
Miconia prasina;NA;3.62058055;0.645982993;0.00032;262.2081053;trait available
Miconia pyrifolia;NA;13.16091663;0.54588474;NA;NA;trait available
Miconia tomentosa;NA;2.206813933;0.708673333;NA;NA;trait available
Micrandra spruceana;NA;9.718638653;0.597495597;NA;NA;trait available
Micrandropsis scleroxylon;NA;1.754;1.03;NA;NA;trait available
Microgramma lycopodioides;NA;0.873333333;NA;NA;111.4524821;trait available
Micromeria nervosa;NA;1.62;NA;0.04;NA;trait available
Micropholis;NA;3.472321799;0.593651915;NA;NA;trait available
Micropholis guyanensis;Disp;4.291271899;0.638396634;NA;288.5;trait available
Micropholis splendens;NA;8.80576125;0.725087569;NA;NA;trait available
Micropholis venulosa;Diaspore is eaten intentionally;2.405148041;0.622016908;442.1115721;NA;trait available
Micropholis williamii;NA;2.306666667;0.718;NA;NA;trait available
Millettia dura;NA;4.28;NA;196.945;NA;trait available
Mimusops;NA;0.015062628;0.787223441;NA;NA;trait available
Mimusops bagshawei;Disp;NA;NA;NA;NA;trait available
Mimusops balata;NA;NA;NA;1070.32;NA;trait available
Minquartia guianensis;Disp;5.210961968;0.765184598;NA;312;trait available
Moldenhawera floribunda;NA;NA;0.81;NA;NA;trait available
Mollinedia;Diaspore is eaten intentionally;NA;NA;143.0208207;NA;trait available
Mollinedia boracensis;NA;NA;1.415166667;NA;NA;trait available
Mollinedia engleriana;NA;NA;24.25907485;NA;NA;trait available
Mollinedia glabra;NA;NA;22.72670771;NA;NA;trait available
Mollinedia schottiana;NA;2.525;13.38399744;NA;NA;trait available
Moluccella laevis;NA;NA;NA;6.3;NA;trait available
Monnina xalapensis;NA;NA;NA;13.84444444;NA;trait available
Monodora myristica;Animal;35.4;0.301593093;NA;0.315196078;trait available
Moronobea coccinea;Disp;0.841378547;0.832186667;NA;NA;trait available
Morus celtidifolia;animal;NA;NA;NA;NA;trait available
Muehlenbeckia australis;NA;NA;NA;4.15;NA;trait available
Myoporum laetum;NA;NA;NA;73.41714286;NA;trait available
Myrceugenia;NA;NA;0.57;NA;NA;trait available
Myrceugenia exsucca;Ornithochory;NA;NA;NA;NA;trait available
Myrceugenia miersiana;Animal;NA;NA;NA;NA;trait available
Myrceugenia ovalifolia;NA;NA;NA;NA;417.395;trait available
Myrceugenia parvifolia;Ornithochory;NA;NA;0.016;NA;trait available
Myrceugenia planipes;Ornithochory;2.528333333;NA;NA;NA;trait available
Myrcia;animal;1.604367689;NA;133.740358;270.5;trait available
Myrcia amazonica;NA;1.930066667;0.863427472;0.062;NA;trait available
Myrcia amplexicaulis;NA;NA;87.42001927;NA;NA;trait available
Myrcia brasiliensis;NA;1.48125;0.564553669;0.044011111;321.004;trait available
Myrcia guianensis;NA;NA;0.715850998;NA;NA;trait available
Myrcia hebepetala;NA;NA;0.78;NA;NA;trait available
Myrcia paivae;NA;NA;0.773975;NA;NA;trait available
Myrcia racemosa;NA;1.5425;0.711427056;NA;NA;trait available
Myrcia splendens;Disp;2.354083483;0.687918519;125.1267854;577.214;trait available
Myrcia tomentosa;NA;7.937666;0.787133264;NA;NA;trait available
Myrciaria;NA;NA;0.53;NA;NA;trait available
Myrciaria floribunda;Disp;3.930811559;0.761428571;408.1546173;NA;trait available
Myrocarpus frondosus;Disp;2.14;0.768085016;NA;NA;trait available
Myrsine;NA;6.121584763;NA;NA;NA;trait available
Myrsine coriacea;NA;4.891111101;0.60331681;3.645215898;351.997;trait available
Myrsine gardneriana;NA;1.590322581;NA;0.012341462;311.671;trait available
Myrsine guianensis;Disp;1.380710382;0.52;NA;NA;trait available
Myrsine umbellata;Disp;1.5525;0.625903225;0.0300425;350.119;trait available
Myrtaceae;NA;1.910110771;0.67717773;NA;NA;trait available
Nectandra;Diaspore is eaten intentionally;8.866047203;0.472214245;10450.65157;268.1476863;trait available
Nectandra grandiflora;NA;NA;0.61;NA;NA;trait available
Nectandra membranacea;NA;2.56349768;NA;0.76923077;414.444;trait available
Nectandra nitidula;NA;NA;0.74;NA;NA;trait available
Nectandra oppositifolia;NA;1.92073564;0.507786628;NA;449.77;trait available
Nectandra puberula;NA;NA;0.775;NA;NA;trait available
Neea;NA;3.306241965;NA;NA;NA;trait available
Neea floribunda;Diaspore is eaten intentionally;3.3979701;0.673195192;100.4832119;NA;trait available
Neea macrophylla;NA;40.915;NA;NA;NA;trait available
Neea oppositifolia;NA;6.676678;0.787796331;NA;NA;trait available
Neoboutonia macrocalyx;NA;NA;0.329599835;NA;NA;trait available
Nephrolepis;NA;1.0975;NA;NA;NA;trait available
Nestegis cunninghamii;NA;NA;NA;550;NA;trait available
Newtonia buchananii;NA;NA;0.501698262;133.075;NA;trait available
Nigella ciliaris;NA;NA;NA;2.7;NA;trait available
Nothofagus dombeyi;Anemochory;3.7025;0.5648;15.48550545;NA;trait available
Nothofagus nitida;Disp;1.008888889;0.6;1.144588889;NA;trait available
Nothofagus obliqua;NA;2.16;0.5896;6.257372581;254.9599583;trait available
Nothofagus solandri;NA;1.166666667;0.52;3.304763285;NA;trait available
Notobasis syriaca;NA;NA;NA;32.26666667;NA;trait available
Nyssa sylvatica;Animal;2.979166667;0.49730881;263.3207334;180.5;trait available
Ocotea;Ornithochory;6.760474242;250.0265139;0.889873492;NA;trait available
Ocotea aciphylla;NA;3.435341247;0.489861818;3.3944;400.489;trait available
Ocotea argyrophylla;NA;1.387922492;NA;NA;NA;trait available
Ocotea canaliculata;NA;2.435;0.45957;NA;NA;trait available
Ocotea catharinensis;NA;3.365;0.75;0.833333332;434.023;trait available
Ocotea corymbosa;NA;NA;NA;0.069033332;474.669;trait available
Ocotea dispersa;NA;2.975;0.743160749;NA;NA;trait available
Ocotea fasciculata;NA;2.18;NA;NA;NA;trait available
Ocotea floribunda;Animal;2.493252233;0.397093571;1634.905415;NA;trait available
Ocotea glaziovii;NA;NA;NA;0.32554;469.734;trait available
Ocotea glomerata;NA;NA;0.508068;NA;NA;trait available
Ocotea indecora;NA;NA;0.62;0.555555558;404.32;trait available
Ocotea lancifolia;NA;15.624;0.6888;0.025475;480.3601039;trait available
Ocotea leucoxylon;NA;2.430467541;0.456174979;355.4538961;NA;trait available
Ocotea longifolia;NA;2.055341606;NA;NA;NA;trait available
Ocotea minarum;NA;NA;0.76;NA;NA;trait available
Ocotea odorifera;NA;NA;0.765;0.3003;422.844;trait available
Ocotea percurrens;NA;1.325178476;0.519;NA;NA;trait available
Ocotea puberula;NA;2.805265742;0.424318471;78.59876932;277.7707424;trait available
Ocotea pulchella;NA;1.93;0.504160057;0.05185625;413.613;trait available
Ocotea silvestris;NA;NA;NA;0.235;371.901;trait available
Olea welwitschii;NA;NA;0.65;NA;NA;trait available
Olearia rani;NA;0.98;NA;0.12;158.2407884;trait available
Ononis alopecuroides;Autochory;NA;NA;6.3;NA;trait available
Ononis mitissima;NA;NA;NA;2.71;NA;trait available
Ononis ornithopodioides;zoochory;NA;NA;NA;NA;trait available
Oreopanax capitatus;NA;1.26;NA;NA;NA;trait available
Oreopanax xalapensis;Disp;1.614;0.505;NA;NA;trait available
Ormosia;Disp;2.79;0.59;4402.785133;NA;trait available
Ormosia arborea;NA;NA;0.7;NA;NA;trait available
Ornithogalum narbonense;Anemochory: Stems move with the wind, helping for seed dispersion (ex,  Papaver sp.);NA;NA;4.5;NA;trait available
Osteophloeum platyspermum;Autochory;7.95879613;0.472284421;1.861390948;NA;trait available
Ostrya virginiana;Disp;15.53899725;0.63;5660.091382;277.1324367;trait available
Ouratea castaneifolia;NA;1.36;0.657;NA;NA;trait available
Ouratea parviflora;NA;NA;0.77425;NA;NA;trait available
Pachira insignis;NA;6.08088892;0.416294558;10417;NA;trait available
Palicourea;NA;1.96;NA;NA;NA;trait available
Pancovia turbinata;NA;2.406666667;NA;NA;NA;trait available
Parapholis incurva;anemochory;NA;NA;2.341666667;NA;trait available
Paraserianthes lophantha;NA;3.313857143;NA;55.04789474;NA;trait available
Parinari;Disp;1.2331;0.712773601;NA;NA;trait available
Parinari curatellifolia;NA;11.38452876;0.61992;3249.571429;NA;trait available
Parinari excelsa;Disp;1.69663529;0.700954744;6576.134111;NA;trait available
Parinari montana;Disp;0.893577376;0.71;NA;NA;trait available
Parkia multijuga;NA;5.387849314;0.402875586;7400;NA;trait available
Parkia nitida;Disp;2.922185438;0.402256637;NA;NA;trait available
Parkia pendula;Disp;2.01;0.516028381;77.42437396;NA;trait available
Paronychia argentea;NA;NA;NA;0.87;NA;trait available
Parsonsia heterophylla;NA;NA;NA;4.446666667;NA;trait available
Pausandra morisiana;NA;1.83375;0.502381603;NA;NA;trait available
Paypayrola grandiflora;NA;NA;0.63;NA;NA;trait available
Peltogyne;NA;1.019931498;0.77;NA;NA;trait available
Peltogyne catingae;NA;1.675;0.813333333;NA;NA;trait available
Peltogyne confertiflora;NA;NA;0.77;NA;NA;trait available
Peltogyne paniculata;Disp;2.150842;0.799155;NA;NA;trait available
Peltophorum dubium;NA;NA;0.74388;197.35;NA;trait available
Pennantia corymbosa;NA;NA;NA;16.9625;180.3430531;trait available
Pera glabrata;NA;1.91;0.650231246;0.016936841;347.587;trait available
Persea americana;Animal;15.07714286;0.527274014;15307.75;0.293906981;trait available
Persea lingue;NA;3.3225;0.494666667;203.5875;NA;trait available
Phagnalon rupestre;Disp;NA;NA;0.094;NA;trait available
Phalaris brachystachys;NA;NA;NA;2.19;NA;trait available
Phlomis brachyodon;NA;NA;NA;13.72;NA;trait available
Phyllanthus;NA;5.694793235;0.550165017;NA;181.5242165;trait available
Phyllarthron bojeranum;NA;NA;0.28;NA;NA;trait available
Phyllonoma laticuspis;NA;NA;NA;0.7;NA;trait available
Phytolacca dioica;NA;NA;0.258;6.72;NA;trait available
Picea glauca;animal;5.453316494;32.20332948;26402.04109;0.443254345;trait available
Pimenta pseudocaryophyllus;NA;NA;1;NA;NA;trait available
Pimpinella corymbosa;NA;NA;NA;1.35;NA;trait available
Pimpinella cretica;NA;15.86884059;NA;0.302;156.8400749;trait available
Pinus;NA;16;NA;NA;NA;trait available
Pinus ayacahuite;NA;NA;NA;68.41;NA;trait available
Pinus banksiana;wind;9.262886541;0.42;35232.33767;NA;trait available
Pinus devoniana;NA;NA;0.45;34.745;NA;trait available
Pinus maximinoi;NA;NA;NA;15.34;NA;trait available
Pinus montezumae;NA;NA;NA;26.14;NA;trait available
Pinus oocarpa;NA;NA;0.574;15.59444444;NA;trait available
Pinus pseudostrobus;Diaspore is blown by wind;NA;NA;27.26666667;NA;trait available
Pinus radiata;wind;5.17520135;0.46;609.0163817;NA;trait available
Pinus resinosa;wind;3.06205042;0.43;12168.63983;NA;trait available
Pinus strobus;wind;7.781616855;70.282;6352.361484;0.29758925;trait available
Pinus tecunumanii;NA;NA;NA;13.48142857;NA;trait available
Piper aduncum;NA;3.35;0.4;1.00E-04;NA;trait available
Piper amalago;Animal;2.224268555;NA;1.473333333;NA;trait available
Piper arboreum;Animal;3.722353948;0.379450263;1.01;163.4650421;trait available
Piptadenia;NA;16.2628516;0.460588885;NA;NA;trait available
Piptadenia gonoacantha;NA;3.571333333;0.7;42.28;NA;trait available
Piptadenia paniculata;NA;3.7975;0.553;0.000192591;465.847;trait available
Piptocarpha axillaris;NA;NA;NA;0.000767591;377.549;trait available
Piptocarpha macropoda;NA;NA;42.09311222;NA;NA;trait available
Pittosporum eugenioides;Disp;NA;NA;6.979230769;190.8073299;trait available
Pittosporum tenuifolium;Disp;NA;NA;12.03642857;205.6643079;trait available
Pityrocarpa moniliformis;NA;NA;0.717090854;NA;NA;trait available
Plantago afra;anemochory;NA;NA;0.88375;NA;trait available
Plantago albicans;NA;12.47568581;NA;0.515936135;204.9273657;trait available
Plantago cretica;Disp;NA;NA;NA;NA;trait available
Plantago weldenii;Barochory;NA;NA;0.12;NA;trait available
Plathymenia reticulata;NA;NA;83.28285714;NA;NA;trait available
Platycyamus regnellii;NA;NA;0.81;NA;NA;trait available
Platymiscium trinitatis;NA;2.71;0.861666667;NA;NA;trait available
Platypodium elegans;wind;4.505796465;0.759986922;888.2228865;228.2232217;trait available
Plinia cauliflora;NA;1.6;1052.246833;NA;NA;trait available
Plinia rivularis;NA;NA;0.95;NA;NA;trait available
Poa bulbosa;one-seeded generative dispersule;8.673612094;NA;10240.68508;234.8983781;trait available
Podocarpus nubigenus;Animal;1.514545455;0.468666667;251.152575;NA;trait available
Pogonophora schomburgkiana;NA;1.17843688;0.832585;NA;NA;trait available
Polycarpon tetraphyllum;Anemochory: Stems move with the wind, helping for seed dispersion (ex,  Papaver sp.);NA;NA;0.037120909;159.0306168;trait available
Polygonum equisetiforme;NA;NA;NA;1.25;316.9462096;trait available
Polyscias fulva;NA;NA;0.237096;NA;NA;trait available
Polyscias ornifolia;NA;NA;0.553078957;7.15;NA;trait available
Populus balsamifera;NA;2.018590231;121.8983333;0.684545455;0.393;trait available
Populus deltoides;Disp;3.903809524;0.419937844;84910.19117;NA;trait available
Populus grandidentata;NA;2.152068966;0.376666667;573333.4433;NA;trait available
Populus tremuloides;wind/long-distance;7.538955784;11.31923568;144540.0943;132.8468499;trait available
Posoqueria latifolia;Disp;5.289931424;0.573049275;0.292890696;234.5128484;trait available
Pourouma bicolor;NA;4.355753042;0.37563261;0.319564;174.3760173;trait available
Pourouma guianensis;Disp;13.57621714;0.393816245;NA;NA;trait available
Pourouma minor;Disp;7.062638871;0.49628209;NA;232.4;trait available
Pourouma mollis;Disp;11.81408525;0.466563043;NA;NA;trait available
Pourouma tomentosa;NA;3.936580711;0.426258997;NA;NA;trait available
Pourouma villosa;NA;1.104110517;0.34;NA;NA;trait available
Pouteria;Diaspore is eaten intentionally;8.789295873;330.2864285;1991.707791;185;trait available
Pouteria anomala;NA;2.4875;0.702829504;NA;NA;trait available
Pouteria bangii;NA;4.718231155;0.631887249;NA;NA;trait available
Pouteria bullata;NA;NA;NA;763.64;NA;trait available
Pouteria caimito;NA;9.002863075;2.801525575;2300;NA;trait available
Pouteria filipes;NA;9.874220644;0.909546667;NA;369;trait available
Pouteria gardneri;NA;NA;0.93;NA;NA;trait available
Pouteria grandiflora;NA;NA;0.82;NA;NA;trait available
Pouteria guianensis;Diaspore is eaten intentionally;4.016211904;0.896664038;3281.254247;NA;trait available
Pouteria macrophylla;Disp;2.200758752;195.2166502;9150;NA;trait available
Pouteria minima;NA;NA;0.755779117;NA;NA;trait available
Pouteria oppositifolia;NA;NA;0.65;NA;NA;trait available
Pouteria platyphylla;NA;6.776987679;NA;NA;NA;trait available
Pouteria reticulata;NA;3.441232587;0.690654755;0.581827083;297.4519496;trait available
Pouteria torta;Disp;3.97892918;57.79874783;NA;465.4546;trait available
Pouteria venosa;NA;3.205555736;0.868172615;NA;NA;trait available
Pouteria virescens;NA;1.73;NA;NA;NA;trait available
Pradosia;NA;0.658377489;0.68;NA;NA;trait available
Prangos ferulacea;Disp;NA;NA;35.4;NA;trait available
Premna angolensis;NA;NA;0.663601689;NA;NA;trait available
Prockia crucis;NA;NA;0.616120105;NA;NA;trait available
Protium;NA;4.324312468;0.540421652;100;NA;trait available
Protium altsonii;NA;3.422512419;0.608082908;NA;NA;trait available
Protium apiculatum;NA;2.482724632;0.515306418;NA;NA;trait available
Protium aracouchini;NA;4.612943356;0.587263377;NA;NA;trait available
Protium decandrum;Disp;0.876543253;0.533985833;5662.020831;NA;trait available
Protium giganteum;Disp;4.933898433;0.557713565;NA;NA;trait available
Protium hebetatum;NA;2.374805538;0.710479574;NA;NA;trait available
Protium heptaphyllum;Disp;5.49525175;0.624290245;116.61;NA;trait available
Protium opacum;Disp;2.488890683;0.564001792;NA;NA;trait available
Protium spruceanum;NA;2.481589596;0.56;NA;NA;trait available
Protium tenuifolium;Disp;3.539520279;0.579555893;99.04073642;284.7047378;trait available
Protium trifoliolatum;NA;3.847432177;0.664272876;NA;NA;trait available
Prunus myrtifolia;animal;2.315;0.740925;NA;NA;trait available
Prunus pensylvanica;Disp;2.392857143;0.36;4312.156702;NA;trait available
Prunus serotina;Animal;4.137650491;90.45912511;1165.13899;169.8905889;trait available
Prunus virginiana;one-seeded generative dispersule;7.339040329;0.36;282.14853;NA;trait available
Pseudobombax grandiflorum;NA;NA;0.39;54.21;NA;trait available
Pseudolmedia laevigata;NA;10.75546235;0.621593314;NA;NA;trait available
Pseudolmedia laevis;Disp;5.109061588;194.9277751;417.7154055;NA;trait available
Pseudopanax crassifolius;NA;NA;NA;10.115;199.7792316;trait available
Pseudopiptadenia leptostachya;NA;NA;0.531;NA;NA;trait available
Pseudopiptadenia psilostachya;NA;3.612643189;0.613796509;NA;NA;trait available
Pseudospondias microcarpa;Disp;NA;NA;NA;NA;trait available
Psidium;Disp;NA;NA;5046.74845;NA;trait available
Psidium cattleianum;NA;1.735;1.12;NA;NA;trait available
Psidium guajava;NA;2.883790206;0.654233493;3628.51525;433.048433;trait available
Psidium guineense;NA;NA;NA;8.73;NA;trait available
Psidium oligospermum;NA;NA;NA;NA;284;trait available
Psidium sartorianum;NA;NA;789.7961364;NA;NA;trait available
Psychotria;Disp;3.336666667;0.6781;34.85336503;NA;trait available
Psychotria carthagenensis;Disp;1.692658007;NA;0.011256;NA;trait available
Psychotria mapourioides;NA;1.739339988;NA;NA;NA;trait available
Psychotria marginata;animal;1.480127311;247.6475476;9.815068143;218.1052179;trait available
Psychotria suterella;NA;NA;NA;16;NA;trait available
Psychotria vellosiana;NA;NA;NA;0.013983332;282.169;trait available
Pteridium esculentum;wind;NA;NA;NA;NA;trait available
Pterocarpus;NA;10.19701663;0.622871489;NA;NA;trait available
Pterocarpus angolensis;NA;5.18;0.55917575;220.01875;NA;trait available
Pterocarpus officinalis;Disp;2.529;0.406998369;3610.464864;NA;trait available
Pterocarpus rohrii;wind;5.118594797;0.484644338;139.1316932;199.5619271;trait available
Pterocephalus brevis;NA;NA;NA;1.89;NA;trait available
Qualea paraensis;NA;6.974212823;0.660732958;NA;NA;trait available
Quararibea turbinata;NA;2.895555556;0.593982719;4.232;NA;trait available
Quercus;NA;3.696090476;0.695;NA;NA;trait available
Quercus candicans;Disp;NA;NA;NA;NA;trait available
Quercus laurina;Disp;NA;0.7;NA;NA;trait available
Quercus macrocarpa;Disp;3.99135082;0.61;5369.502227;0.349146487;trait available
Quercus rubra;NA;6.864777185;335.1333142;2840.472088;175.1965114;trait available
Quercus rugosa;Disp;NA;NA;NA;NA;trait available
Quiina amazonica;NA;1.377750278;0.92;NA;NA;trait available
Randia;Disp;NA;NA;101.5434689;NA;trait available
Randia aculeata;NA;NA;0.716352;NA;NA;trait available
Randia armata;Animal;3.057288486;0.686945666;103.8977298;233.0906244;trait available
Ranunculus asiaticus;NA;NA;NA;0.41;NA;trait available
Rapistrum rugosum;one-seeded generative dispersule;22.19993587;NA;1.785846154;149.4776296;trait available
Ravenala madagascariensis;NA;NA;NA;153.85;NA;trait available
Rhagadiolus stellatus;Disp;NA;NA;1.85;NA;trait available
Rhamnidium elaeocarpum;NA;7.302668682;0.511089174;NA;NA;trait available
Rhamnus;NA;11.64138594;NA;NA;267.2449161;trait available
Rhamnus cathartica;Disp;7.62587157;177.9425895;27.70079933;184.4635484;trait available
Rhamnus lycioides;Developed.spatial.dispersal.by.biotic.vectors;11.90377778;0.09177;22.09625;132.249465;trait available
Rhaphithamnus spinosus;Ornithochory;1.65;NA;22.67825;NA;trait available
Rhodostemonodaphne grandis;Disp;1.41933865;0.392466667;NA;NA;trait available
Rhopalostylis sapida;Animal;1.65;NA;308.3198958;198.1476713;trait available
Ridolfia segetum;NA;NA;NA;0.5;NA;trait available
Rinorea guianensis;NA;5.97513687;0.605863306;NA;NA;trait available
Rinorea macrocarpa;NA;3.785;NA;NA;NA;trait available
Rinorea racemosa;NA;NA;0.682;NA;NA;trait available
Rollinia;Animal;NA;NA;NA;NA;trait available
Rothmannia urcelliformis;NA;NA;0.538125;79.49;NA;trait available
Roupala;Diaspore is blown by wind;NA;NA;NA;NA;trait available
Roupala montana;Wind;1.200382574;0.780226446;47;299.6245393;trait available
Rubiaceae;Ornithochory - Mamalochory;1.916597673;NA;0.452405684;NA;trait available
Rudgea jasminoides;NA;NA;3.1655;NA;NA;trait available
Rumex sagittatus;Disp;NA;NA;1.69;NA;trait available
Ruprechtia laxiflora;NA;NA;0.586;NA;NA;trait available
Rustia formosa;NA;2.11375;0.405687172;NA;NA;trait available
Ryania speciosa;NA;2.504826091;0.496538897;NA;NA;trait available
Sacoglottis guianensis;NA;0.648033911;0.835775242;NA;NA;trait available
Sacoglottis mattogrossensis;NA;8.38;0.77;NA;NA;trait available
Salacia elliptica;NA;NA;0.76;NA;NA;trait available
Salix;Disp;2.628872956;0.416997825;NA;NA;trait available
Salvia viridis;germinule;NA;NA;2.459444444;NA;trait available
Sambucus canadensis;Disp;2.189423236;137.8375;2.925087656;NA;trait available
Sapium glandulosum;Diaspore is eaten intentionally;3.72482398;44.77591476;34.37754349;258.8898125;trait available
Sarcaulus brasiliensis;Disp;8.07615808;0.615;NA;NA;trait available
Savia dictyocarpa;NA;NA;0.9;NA;NA;trait available
Saxegothaea conspicua;Animal;2.516666667;0.5008;5.005;NA;trait available
Scandix iberica;NA;NA;NA;13.6;142.4849318;trait available
Schefflera;NA;3.500016309;NA;NA;NA;trait available
Schefflera calva;NA;2.266666667;19.32740061;NA;NA;trait available
Schefflera digitata;NA;21.566;NA;2.804375;138.025531;trait available
Schefflera morototoni;Disp;4.050871626;0.438515317;67.37561563;NA;trait available
Schinus terebinthifolia;Disp;NA;NA;18.10875;NA;trait available
Schistostemon retusum;NA;NA;1;NA;NA;trait available
Schizolobium parahyba;NA;2.797843001;130.4097146;1107.049838;230.3719041;trait available
Schoepfia brasiliensis;NA;NA;NA;NA;226.04;trait available
Sclerolobium;NA;3.240713867;218.3988492;NA;NA;trait available
Scleronema micranthum;NA;3.540857792;0.623615055;NA;NA;trait available
Scolopia;NA;NA;0.794418773;NA;NA;trait available
Scolopia erythrocarpa;NA;NA;NA;13.07;NA;trait available
Scolymus maculatus;NA;14.27844294;NA;2.3464;75.15049014;trait available
Scorpiurus muricatus;Dys-zoochory;NA;NA;10.96285714;NA;trait available
Scrophularia xanthoglossa;NA;NA;NA;0.275;NA;trait available
Sebastiania brasiliensis;Animal;NA;0.633435556;NA;NA;trait available
Seguieria langsdorffii;NA;NA;0.59;NA;NA;trait available
Senegalia polyphylla;NA;NA;0.626031111;NA;NA;trait available
Senna macranthera;NA;NA;55.71824179;30.88;NA;trait available
Senna multijuga;NA;1.86;0.579176;8;NA;trait available
Sextonia rubra;Disp;0.992546365;0.541556201;1190;NA;trait available
Sherardia arvensis;domestic animal;NA;NA;1.662263333;188.5;trait available
Silybum marianum;wind;NA;NA;21.89096;NA;trait available
Simaba polyphylla;NA;2.139853888;NA;NA;NA;trait available
Simarouba amara;Disp;3.304996505;0.379037576;480.5732479;201.0991464;trait available
Sinapis alba;Disp;48.13403087;NA;4.978364706;147.6566666;trait available
Sinapis arvensis;endozoochor;NA;NA;2.3006775;109.6666667;trait available
Siparuna;Animal;12.65118575;0.531383109;NA;NA;trait available
Siparuna decipiens;NA;4.432036246;0.630048883;NA;NA;trait available
Siparuna guianensis;NA;2.893679694;NA;15.0033125;195.2535312;trait available
Siphoneugena reitzii;Animal;NA;NA;NA;NA;trait available
Sloanea;Disp;3.558999848;0.65644285;3895.32167;NA;trait available
Sloanea garckeana;NA;1.081450863;NA;NA;NA;trait available
Sloanea guianensis;Disp;1.303423653;0.828049369;121.572792;467.754;trait available
Sloanea laurifolia;Disp;NA;0.8155;844.293896;NA;trait available
Sloanea monosperma;Disp;NA;15.77975585;96.67673069;NA;trait available
Sloanea obtusifolia;Disp;5.731852231;NA;393.8116684;NA;trait available
Sloanea synandra;NA;1.6171521;0.653;NA;NA;trait available
Solanum;Disp;3.43;390.4018408;NA;NA;trait available
Solanum aviculare;NA;NA;NA;0.711333333;NA;trait available
Solanum cinnamomeum;NA;NA;35.62653032;NA;NA;trait available
Solanum nigricans;Disp;NA;NA;NA;NA;trait available
Solanum nudum;Disp;NA;NA;1.725;NA;trait available
Solanum pseudocapsicum;NA;NA;NA;2.92;NA;trait available
Solanum pseudoquina;Animal;NA;0.53;NA;NA;trait available
Sonchus oleraceus;Disp;12.49647038;NA;0.30284;121.2865018;trait available
Sophora tomentosa;Disp;NA;NA;71.43;NA;trait available
Sorocea bonplandii;NA;2.1275;0.618559632;NA;NA;trait available
Sorocea guilleminiana;NA;2.98;NA;NA;NA;trait available
Sorocea hilarii;NA;NA;1.3675;NA;NA;trait available
Sorocea muriculata;NA;2.382967467;NA;NA;NA;trait available
Spathodea campanulata;Disp;11.54152778;0.370531624;4.377636364;0.34563243;trait available
Spondias;Disp;NA;NA;1086;NA;trait available
Spondias mombin;Animal;7.708924215;29.07385922;1583.497808;186.4397079;trait available
Stachys sylvatica;nautochor;3.0753185;NA;1.415769231;69.68282399;trait available
Sterculia apetala;Disp;2.335633313;0.395276717;1647.428882;292.8605391;trait available
Sterculia excelsa;NA;1.6692;0.51;NA;NA;trait available
Sterculia foetida;NA;NA;0.4542912;705;NA;trait available
Sterigmapetalum obovatum;NA;NA;0.77;NA;NA;trait available
Strombosia scheffleri;NA;2.86;0.5840625;NA;NA;trait available
Strychnos;NA;0.866773668;NA;NA;NA;trait available
Strychnos cocculoides;NA;NA;0.64575;488.2222222;NA;trait available
Strychnos diplotricha;NA;NA;NA;954.82;NA;trait available
Stryphnodendron adstringens;NA;1.861851964;270.595;96.09;NA;trait available
Stryphnodendron pulcherrimum;NA;2.91;0.475;NA;NA;trait available
Styrax argenteus;Disp;1.22;NA;NA;NA;trait available
Styrax camporum;NA;1.64;NA;NA;NA;trait available
Styrax pohlii;NA;NA;0.54;NA;NA;trait available
Swartzia;Disp;11.62161277;4.147863049;3.044461475;462.6817333;trait available
Swartzia arborescens;NA;9.3464073;0.830416;NA;NA;trait available
Swartzia cuspidata;NA;2.546666667;0.678;NA;NA;trait available
Swartzia macrostachya;NA;NA;0.92;NA;NA;trait available
Swartzia oblanceolata;NA;1.346115198;0.86;NA;NA;trait available
Swartzia oblata;NA;NA;0.92;NA;NA;trait available
Swartzia panacoco;Disp;4.016705869;0.913333333;NA;NA;trait available
Swartzia polyphylla;Disp;5.224210675;0.692215793;30236;NA;trait available
Swartzia reticulata;NA;2.094545455;NA;NA;NA;trait available
Swartzia simplex;NA;3.598414945;0.764209472;1089.098;253.2727152;trait available
Swartzia ulei;NA;3.715495071;0.907751938;NA;NA;trait available
Sweetia fruticosa;NA;7.475;515.6146357;NA;NA;trait available
Syagrus pseudococos;NA;2.175;2.664;NA;NA;trait available
Syagrus romanzoffiana;Animal;NA;NA;2891.928571;509.297;trait available
Symphonia;NA;0.894065696;0.746760552;NA;NA;trait available
Symphonia fasciculata;NA;NA;0.672543613;NA;NA;trait available
Symphonia globulifera;Disp;5.693703921;0.590295826;2886.896681;245.0161589;trait available
Symphonia louvelii;NA;NA;0.665452489;NA;NA;trait available
Symplocos limoncillo;Disp;NA;NA;NA;NA;trait available
Syzygium;NA;1.620690768;0.679089995;1903.529412;NA;trait available
Syzygium cordatum;NA;NA;0.619887046;2222;NA;trait available
Syzygium jambos;NA;3.427878788;0.694094079;1317.024231;NA;trait available
Tabebuia;NA;7.395803641;0.602029708;NA;NA;trait available
Tabebuia cassinoides;NA;NA;0.39;NA;NA;trait available
Tabebuia roseoalba;NA;1.39;NA;NA;259.43;trait available
Tabernaemontana catharinensis;NA;10.075;0.389120302;NA;NA;trait available
Tabernaemontana flavicans;NA;NA;0.487;NA;NA;trait available
Tabernaemontana laeta;NA;3.976666667;0.517687097;NA;NA;trait available
Tabernaemontana pachysiphon;NA;NA;0.523102673;NA;NA;trait available
Tachigali;NA;12.21361765;8.669064564;NA;NA;trait available
Tachigali chrysophylla;NA;NA;0.561987861;NA;NA;trait available
Tachigali denudata;NA;2.606666667;1.352087601;NA;NA;trait available
Tachigali multijuga;NA;NA;0.545;NA;NA;trait available
Tachigali rugosa;NA;12.594703;0.548988376;NA;NA;trait available
Talisia;NA;7.479559323;0.584148349;NA;NA;trait available
Talisia esculenta;NA;NA;0.914275;NA;NA;trait available
Talisia macrophylla;NA;1.241964925;0.613333333;NA;NA;trait available
Talisia mollis;NA;13.1808875;0.571931161;NA;NA;trait available
Tapirira guianensis;Disp;2.705114651;0.469773446;19.02455383;24.19237424;trait available
Tapirira mexicana;Disp;NA;0.78;1072.5;NA;trait available
Tapirira obtusa;Disp;6.587315578;0.290293333;84.6;NA;trait available
Tapura amazonica;NA;1.268815726;NA;NA;NA;trait available
Tecoma stans;Disp;NA;0.466;6673.073333;NA;trait available
Tepualia stipularis;Anemochory;0.686666667;1.063;3.00E-04;NA;trait available
Terminalia;Disp;2.165317792;0.665;410.7319753;NA;trait available
Terminalia catappa;Disp;3.606666667;0.499383957;2056.785368;NA;trait available
Terminalia dichotoma;Disp;NA;0.707746667;NA;NA;trait available
Terminalia fatraea;NA;NA;NA;128.96;NA;trait available
Terminalia januarensis;NA;4.075;1.275015596;NA;NA;trait available
Ternstroemia;NA;NA;NA;730;NA;trait available
Ternstroemia brasiliensis;NA;1.25;0.47;NA;211.0715068;trait available
Ternstroemia lineata;Disp;NA;NA;NA;NA;trait available
Ternstroemia tepezapote;NA;NA;0.633438783;NA;NA;trait available
Tetracera madagascariensis;NA;NA;NA;12.14;NA;trait available
Tetrorchidium;Autochory;NA;NA;0.695811861;NA;trait available
Tetrorchidium rubrivenium;NA;16.695426;0.340715666;0.052583332;209.829;trait available
Teucrium capitatum;autochory;NA;0.029018045;1.147777778;117.5455045;trait available
Theobroma grandiflorum;NA;1.53;NA;NA;NA;trait available
Theobroma subincanum;Disp;2.484473475;0.46733005;NA;NA;trait available
Thuja occidentalis;NA;7.575757576;70.24;73907.72288;NA;trait available
Thyrsodium spruceanum;NA;5.774255365;0.618472457;NA;NA;trait available
Tibouchina pulchra;NA;1.929166667;NA;NA;NA;trait available
Tilia americana;Disp;16.82798986;0.346666667;240.6139395;117.1861457;trait available
Tocoyena formosa;NA;1.86;NA;NA;NA;trait available
Tordylium aegyptiacum;NA;NA;NA;7.433333333;NA;trait available
Torilis tenella;NA;NA;NA;1.6;NA;trait available
Touroulia guianensis;NA;1.42;0.76;NA;NA;trait available
Tovomita;Autochory;1.226200808;0.575452716;1.772026895;NA;trait available
Tovomita choisyana;Disp;NA;0.58;NA;NA;trait available
Tradescantia fluminensis;NA;NA;NA;NA;79.1285;trait available
Trema micrantha;Animal;1.462779539;183.0770141;295.9077391;241.8659298;trait available
Trema orientalis;NA;4.312927991;0.358827218;4.404;NA;trait available
Trichilia;Disp;15.01058;0.605021115;NA;0.348857242;trait available
Trichilia catigua;NA;NA;0.688;NA;NA;trait available
Trichilia cipo;NA;1.610995547;NA;NA;NA;trait available
Trichilia claussenii;NA;2.64;NA;NA;NA;trait available
Trichilia elegans;Disp;2.725;664.3;NA;NA;trait available
Trichilia pallida;Disp;5.952752;0.621546396;0.060297917;263.2155245;trait available
Trichilia pleeana;Disp;6.865327351;0.654376931;453.8498101;NA;trait available
Trichilia schomburgkii;NA;1.218755133;0.686826667;NA;NA;trait available
Trichilia silvatica;NA;NA;0.84;NA;NA;trait available
Trichospermum mexicanum;wind;1.8076;0.37;3.104285714;NA;trait available
Trifolium alexandrinum;NA;49.8280248;NA;13794.68467;169.3545076;trait available
Trifolium campestre;endozoochor;11.52679716;0.075323531;0.327829864;119.3955412;trait available
Trifolium cherleri;"Anemochory: Big seeds with ""wings"", planing in the air (ex,  Acer sp.)";13.84185;NA;3.1367098;265.299;trait available
Trifolium clypeatum;Disp;NA;NA;7.333333333;NA;trait available
Trifolium purpureum;NA;24.11915271;NA;1.531428571;182.4412723;trait available
Trifolium scabrum;endozoochor;NA;NA;0.605543684;185.657;trait available
Trifolium stellatum;Disp;1.99;NA;2.855623953;NA;trait available
Trifolium tomentosum;endozoochor;NA;NA;0.6;NA;trait available
Trigonella arabica;NA;NA;NA;1.6;NA;trait available
Trilepisium madagascariense;NA;13.69919602;0.465499872;713.02;0.411442133;trait available
Trophis mexicana;Disp;1.687;0.68;46.8;NA;trait available
Tsuga canadensis;Diaspore is blown by wind;2.147512071;0.405;25424.60954;NA;trait available
Tulipa agenensis;Anemochory: Stems move with the wind, helping for seed dispersion (ex,  Papaver sp.);NA;NA;2.93;NA;trait available
Uapaca kirkiana;NA;NA;0.567913333;400;NA;trait available
Uapaca louvelii;NA;NA;0.690281456;NA;NA;trait available
Uapaca thouarsii;NA;NA;0.649911504;NA;NA;trait available
Ulex europaeus;unassisted;12.26210526;0.464554137;6.435241948;139.9198244;trait available
Ulmus americana;wind;3.8190075;112.8675;7728.744758;NA;trait available
Uncinia uncinata;NA;NA;NA;0.671428571;NA;trait available
Unonopsis stipitata;Diaspore is eaten intentionally;1.99;0.686;635.0631942;NA;trait available
Urera baccifera;animal;4.62058573;91.2875797;43.6635791;139.1383308;trait available
Urera caracasana;Disp;10.14738462;124.2278824;0.449674786;NA;trait available
Uvariopsis congensis;Animal;4.07;NA;NA;NA;trait available
Vaccinium madagascariense;NA;NA;NA;0.45;NA;trait available
Vangueria infausta;NA;1.89;0.6888;208.92;NA;trait available
Vantanea;NA;2.52;NA;NA;NA;trait available
Vantanea compacta;NA;NA;0.91;1.61325;403.922;trait available
Vantanea parviflora;Disp;2.281353658;0.823884358;NA;NA;trait available
Vatairea sericea;NA;NA;0.67;NA;NA;trait available
Velezia rigida;NA;NA;NA;0.3;NA;trait available
Vepris elliotii;NA;NA;NA;50.98;NA;trait available
Vernonanthura discolor;NA;NA;NA;0.000516419;451.266;trait available
Veronica cymbalaria;ant;NA;NA;2.68;NA;trait available
Viburnum hartwegii;Disp;NA;NA;NA;NA;trait available
Viburnum lantanoides;NA;NA;NA;11500;NA;trait available
Viburnum lentago;animal;2.323707011;NA;722.0158438;NA;trait available
Vicia narbonensis;Autochory;NA;NA;174.9708333;NA;trait available
Vicia palaestina;Disp;NA;NA;36.22;NA;trait available
Vicia peregrina;Autochory;4.29;NA;62.025;NA;trait available
Vicia sativa;unassisted;38.18981473;NA;789.5141346;248.3254614;trait available
Virola;Animal;8.765600447;0.467573478;730;NA;trait available
Virola bicuhyba;NA;2.479;0.673365959;1.2407;249.699;trait available
Virola calophylla;Diaspore is eaten intentionally;10.60258051;0.467846596;1205.654631;NA;trait available
Virola elongata;NA;3.660142142;0.555636741;0.32424;26.13513515;trait available
Virola gardneri;NA;NA;0.45;NA;NA;trait available
Virola michelii;Diaspore is eaten intentionally;1.78070598;0.483247805;1889.506777;NA;trait available
Virola mollissima;NA;2.669568205;NA;NA;NA;trait available
Virola pavonis;NA;8.074803249;0.558075731;NA;NA;trait available
Vismia;Disp;1.672695663;NA;NA;NA;trait available
Vismia cayennensis;Disp;1.328582901;0.49;NA;NA;trait available
Vismia guianensis;Disp;NA;0.475;NA;NA;trait available
Vismia japurensis;NA;3.471470588;NA;NA;NA;trait available
Vitex;NA;18.63833676;0.499822527;NA;0.328300172;trait available
Vitex chrysomallum;NA;NA;NA;31.74;NA;trait available
Vitex cymosa;NA;1.34;0.563333333;334.1428571;NA;trait available
Vittaria lineata;NA;1.09;NA;NA;106.20005;trait available
Vochysia;NA;1.7538;0.455;NA;NA;trait available
Vochysia bifalcata;NA;NA;0.5;NA;NA;trait available
Vochysia magnifica;NA;NA;0.78;NA;NA;trait available
Vochysia tucanorum;NA;1.58375;NA;NA;NA;trait available
Vulpia ciliata;epizoochor;8.4458;NA;0.319736842;323.04;trait available
Vulpia myuros;nautochor;1.566766667;NA;15217.8591;108.4151605;trait available
Warburgia ugandensis;NA;NA;NA;5780;NA;trait available
Weinmannia pinnata;NA;0.973333333;0.59;NA;0.347141293;trait available
Weinmannia trichosperma;Anemochory;0.811666667;0.603333333;0.0875125;NA;trait available
Ximenia americana;NA;7.315568365;0.849430747;694.3071429;NA;trait available
Xylopia;NA;14.34461256;0.42025472;740;NA;trait available
Xylopia amazonica;NA;NA;0.787;NA;NA;trait available
Xylopia aromatica;NA;2.50683696;0.547227666;41.04;NA;trait available
Xylopia benthamii;NA;NA;0.6;NA;NA;trait available
Xylopia brasiliensis;NA;NA;0.7;0.018857141;385.184;trait available
Xylopia frutescens;NA;1.059789162;0.594107691;0.043155556;NA;trait available
Zanthoxylum;Disp;8.035151273;0.631788148;23.5;NA;trait available
Zanthoxylum leprieurii;NA;NA;0.533403523;28.38;NA;trait available
Zanthoxylum melanostictum;Disp;NA;NA;NA;NA;trait available
Zanthoxylum monogynum;NA;NA;664.8166667;NA;NA;trait available
Zanthoxylum rhoifolium;Animal;12.79182708;0.500904503;NA;NA;trait available
Zanthoxylum riedelianum;NA;NA;0.48;NA;NA;trait available
Zeyheria tuberculosa;NA;NA;0.77;NA;NA;trait available
Ziziphora capitata;NA;NA;NA;0.556363636;NA;trait available
Ziziphus joazeiro;Disp;26.34341731;NA;NA;NA;trait available
Zollernia ilicifolia;NA;2.6;1.206043187;NA;NA;trait available
Zollernia paraensis;NA;NA;0.99;NA;NA;trait available
Zygia juruana;NA;NA;0.690115326;NA;NA;trait available
Zygia racemosa;NA;2.693280593;0.748;NA;NA;trait available
Zygia ramiflora;NA;2.776;NA;NA;NA;trait available
