taxon,Family,Genus,Species,verbatimSpecies,WS_L_Fem,WS_U_Fem,WS_L_Mal,WS_U_Mal,WS_L,WS_U,FW_L_Fem,FW_U_Fem,FW_L_Mal,FW_U_Mal,FW_L,FW_U,Jan,Feb,Mar,Apr,May,Jun,Jul,Aug,Sep,Oct,Nov,Dec,FlightDuration,DiapauseStage,Voltinism,OvipositionStyle,CanopyAffinity,EdgeAffinity,MoistureAffinity,DisturbanceAffinity,NumberOfHostplantFamilies,SoleHostplantFamily,PrimaryHostplantFamily,SecondaryHostplantFamily,EqualHostplantFamily,NumberOfHostplantAccounts,taxon_no_data
Lepidoptera,Hesperiidae,Andronymus,Andronymus_hero,Andronymus hero,NA,NA,NA,NA,NA,1.7,NA,NA,NA,NA,NA,NA,NA,NA,NA,NA,NA,NA,NA,NA,NA,NA,NA,NA,NA,NA,NA,NA,Closed canopy,NA,NA,NA,2,NA,Fabaceae,Combretaceae,Yes,1,trait available
Lepidoptera,Hesperiidae,Anisynta,Anisynta_sphenosema,Anisynta sphenosema,NA,2.6,NA,2.5,NA,NA,NA,NA,NA,NA,NA,NA,1,0,1,0,1,0,0,0,0,0,0,1,4,NA,U,NA,Mixed canopy (open affinity),NA,Mesic-associated (strong),Disturbance-associated (strong),1,Poaceae,NA,NA,NA,2,trait available
Lepidoptera,Hesperiidae,Carcharodus,Carcharodus_lavatherae,Carcharodus lavatherae,2.8,3.4,2.8,3.4,NA,NA,NA,NA,NA,NA,NA,NA,0,0,0,0,1,1,1,1,1,0,0,0,5,L,B,S,Mixed canopy (open affinity),Edge-associated (strong),Xeric-associated (strong),NA,2,NA,Lamiaceae,Malvaceae,NA,4,trait available
Lepidoptera,Hesperiidae,Croitana,Croitana_croites,Croitana croites,NA,2.733333333,NA,2.4,NA,NA,NA,NA,NA,NA,NA,NA,0,0,0,1,0,0,0,1,1,0,1,0,4,NA,B,S,Open canopy,Edge-avoidant (strong),Xeric-associated (strong),Disturbance-avoidant (strong),1,Poaceae,NA,NA,NA,2,trait available
Lepidoptera,Hesperiidae,Epargyreus,Epargyreus_clarus,Epargyreus clarus,NA,NA,NA,NA,4.29,5.467727273,NA,NA,NA,NA,NA,2.8575,0,1,1,1,1,1,1,1,1,1,0,1,10,P,M,S,Mixed canopy (open affinity),Edge-associated (strong),Mesic-associated (weak),Disturbance-associated (strong),1,Fabaceae,NA,NA,NA,9,trait available
Lepidoptera,Hesperiidae,Erynnis,Erynnis_tages,Erynnis tages,2.8,3.2,2.8,3.2,1.3,1.6,NA,NA,NA,NA,NA,NA,0,0,0,1,1,1,1,1,1,1,1,0,8,L,M,S,Mixed canopy (open affinity),Edge-associated (strong),Xeric-associated (strong),Disturbance-associated (weak),2,NA,Fabaceae,Apiaceae,NA,5,trait available
Lepidoptera,Hesperiidae,Gretna,Gretna_waga,Gretna waga,NA,NA,NA,NA,NA,2.2,NA,NA,NA,NA,NA,NA,0,0,0,1,0,0,0,0,0,0,0,0,1,NA,B,NA,Canopy generalist,Edge-associated (weak),Both,Seen near and away from disturbed habitat,1,Arecaceae,NA,NA,NA,3,trait available
Lepidoptera,Hesperiidae,Hesperia,Hesperia_comma,Hesperia comma,2.8,3.4,2.4,3.3,2.557142857,3.157142857,NA,NA,NA,NA,NA,NA,0,0,0,0,0,1,1,1,1,1,0,0,5,E,B,S,Mixed canopy (open affinity),Edge-associated (strong),Xeric-associated (strong),Disturbance association varies,2,NA,Poaceae,Fabaceae,NA,8,trait available
Lepidoptera,Hesperiidae,Hesperia,Hesperia_comma,Hesperia florinda,NA,NA,NA,NA,NA,NA,NA,NA,NA,NA,NA,NA,0,0,0,0,0,0,1,1,0,0,0,0,2,E,U,NA,Open canopy,NA,Mesic-associated (strong),NA,1,Cyperaceae,NA,NA,NA,2,trait available
Lepidoptera,Hesperiidae,Hesperilla,Hesperilla_chrysotricha,Hesperilla chrysotricha,NA,3.6,NA,3.3,NA,NA,NA,NA,NA,NA,NA,NA,1,1,1,1,1,0,0,0,1,1,1,1,9,L,B,S,Mixed canopy (closed affinity),NA,Mesic-associated (strong),NA,1,Cyperaceae,NA,NA,NA,3,trait available
Lepidoptera,Hesperiidae,Hesperilla,Hesperilla_donnysa,Hesperilla donnysa,NA,3.6,NA,3.1,NA,NA,NA,NA,NA,NA,NA,NA,0,0,1,1,0,0,0,0,1,1,1,1,6,NA,M,S,Canopy generalist,Seen near and away from edges,Both,Seen near and away from disturbed habitat,1,Cyperaceae,NA,NA,NA,2,trait available
Lepidoptera,Hesperiidae,Mesodina,Mesodina_cyanophracta,Mesodina cyanophracta,NA,3.1,NA,3,NA,NA,NA,NA,NA,NA,NA,NA,0,0,1,0,1,0,0,0,0,1,1,1,5,NA,U,NA,Mixed canopy (open affinity),NA,Xeric-associated (strong),Disturbance-associated (strong),1,Iridaceae,NA,NA,NA,2,trait available
Lepidoptera,Hesperiidae,Motasingha,Motasingha_trimaculata,Motasingha trimaculata,NA,3.6,NA,3.3,NA,NA,NA,NA,NA,NA,NA,NA,0,1,0,0,0,0,0,0,1,1,1,1,5,L,U,NA,Mixed canopy (open affinity),NA,Xeric-associated (strong),NA,2,NA,Cyperaceae,Haemodoraceae,Yes,2,trait available
Lepidoptera,Hesperiidae,Pteroteinon,Pteroteinon_caenira,Pteroteinon caenira,NA,3.6,NA,NA,NA,2.5,NA,NA,NA,NA,NA,NA,0,0,0,0,0,1,0,0,0,0,0,0,1,NA,NA,NA,Closed canopy (+edge),NA,NA,Disturbance-associated (strong),1,Arecaceae,NA,NA,NA,2,trait available
Lepidoptera,Hesperiidae,Taractrocera,Taractrocera_papyria,Taractrocera papyria,NA,2,NA,1.9,NA,NA,NA,NA,NA,NA,NA,NA,1,0,0,1,1,0,0,1,1,1,1,0,7,NA,M,S,Open canopy,NA,Xeric-associated (strong),NA,2,NA,Poaceae,Cyperaceae,NA,3,trait available
Lepidoptera,Hesperiidae,Thymelicus,Thymelicus_acteon,Thymelicus acteon,2.2,2.6,2.2,2.6,NA,NA,NA,NA,NA,NA,NA,NA,0,1,0,1,1,1,1,1,1,1,0,0,8,L,M,NA,Mixed canopy (open affinity),Edge-associated (weak),Xeric-associated (strong),NA,1,Poaceae,NA,NA,NA,4,trait available
Lepidoptera,Hesperiidae,Thymelicus,Thymelicus_lineola,Thymelicus lineola,2.2,2.9,2.1,2.7,2.316666667,2.75,NA,NA,NA,NA,NA,NA,0,0,1,1,1,1,1,1,1,1,0,0,8,LLEE,U,C,Mixed canopy (open affinity),Edge-associated (weak),Both,Disturbance-associated (weak),4,NA,Poaceae,NA,NA,9,trait available
Lepidoptera,Hesperiidae,Trapezites,Trapezites_argenteoornatus,Trapezites argenteoornatus,NA,2.9,NA,2.5,NA,NA,NA,NA,NA,NA,NA,NA,0,0,0,0,0,1,1,0,1,0,1,1,5,NA,U,S,Open canopy,NA,NA,NA,1,Asparagaceae,NA,NA,NA,2,trait available
Lepidoptera,Hesperiidae,Trapezites,Trapezites_sciron,Trapezites sciron,NA,3,NA,2.8,NA,NA,NA,NA,NA,NA,NA,NA,0,0,0,0,0,0,0,1,1,1,1,0,4,NA,U,S,Open canopy,No evidence for edge associations,No evidence for moisture association,NA,1,Asparagaceae,NA,NA,NA,2,trait available
Lepidoptera,Lycaenidae,Anthene,Anthene_rubricinctus,Anthene rubricinctus,NA,NA,NA,2.1,NA,NA,NA,NA,NA,NA,NA,1.4,1,0,0,0,1,0,0,0,1,0,0,0,3,NA,NA,NA,Mixed canopy (closed affinity),No evidence for edge associations,Mesic-associated (strong),NA,1,Fabaceae,NA,NA,NA,3,trait available
Lepidoptera,Lycaenidae,Aricia,Aricia_cramera,Aricia cramera,2.2,2.8,2.2,2.8,NA,NA,NA,NA,NA,NA,NA,NA,0,0,0,1,0,0,0,0,1,0,0,0,2,NA,M,NA,Mixed canopy (open affinity),Edge-associated (strong),NA,NA,2,NA,Geraniaceae,Cistaceae,NA,2,trait available
Lepidoptera,Lycaenidae,Aricia,Aricia_cramera,Aricia agestis,NA,NA,NA,NA,NA,NA,NA,NA,NA,NA,NA,NA,0,0,0,0,0,1,1,1,1,1,0,0,5,NA,B,NA,Mixed canopy (open affinity),Edge association varies,Xeric-associated (strong),NA,3,NA,Geraniaceae,NA,NA,2,trait available
Lepidoptera,Lycaenidae,Callophrys,Callophrys_rubi,Callophrys rubi,2.7,3.15,2.7,3.15,NA,NA,NA,NA,NA,NA,NA,NA,0,0,1,1,1,1,1,1,1,0,0,0,7,NA,B,NA,Canopy generalist,Edge-associated (weak),Both,Seen near and away from disturbed habitat,8,NA,Fabaceae,NA,NA,4,trait available
Lepidoptera,Lycaenidae,Celastrina,Celastrina_argiolus,Celastrina argiolus,2.2,3.2,2.1,2.8,2.45,2.95,NA,NA,NA,NA,NA,NA,1,0,1,1,1,1,1,1,1,1,0,0,9,P,M,S,Canopy generalist,Edge-associated (strong),Mesic-associated (weak),Disturbance-associated (weak),20,NA,Fabaceae,NA,NA,5,trait available
Lepidoptera,Lycaenidae,Cupido,Cupido_minimus,Cupido minimus,2.15,2.45,2.1,2.5,NA,NA,NA,NA,NA,NA,NA,NA,0,0,0,1,1,1,1,1,1,0,0,0,6,NA,B,NA,Mixed canopy (open affinity),Edge-associated (strong),Mesic-associated (strong),Disturbance-avoidant (strong),2,NA,Fabaceae,Lamiaceae,NA,4,trait available
Lepidoptera,Lycaenidae,Cyaniris,Cyaniris_semiargus,Cyaniris semiargus,2.35,3.25,2.2,3.15,NA,NA,NA,NA,NA,NA,NA,NA,0,0,0,1,1,1,1,1,1,0,0,0,6,NA,B,NA,Mixed canopy (open affinity),Edge-associated (strong),Mesic-associated (strong),NA,2,NA,Fabaceae,Plumbaginaceae,NA,5,trait available
Lepidoptera,Lycaenidae,Glaucopsyche,Glaucopsyche_alexis,Glaucopsyche alexis,2.5,3.6,2.5,3.3,NA,NA,NA,NA,NA,NA,NA,NA,0,0,1,1,1,1,1,0,0,0,0,0,5,NA,U,NA,Mixed canopy (open affinity),Edge-associated (strong),Mesic-associated (strong),NA,2,NA,Fabaceae,Gentianaceae,NA,3,trait available
Lepidoptera,Lycaenidae,Glaucopsyche,Glaucopsyche_melanops,Glaucopsyche melanops,2.2,3.2,2.2,3.2,NA,NA,NA,NA,NA,NA,NA,NA,0,1,1,1,1,1,0,0,1,1,0,0,7,NA,B,NA,Mixed canopy (open affinity),No evidence for edge associations,No evidence for moisture association,NA,1,Fabaceae,NA,NA,NA,2,trait available
Lepidoptera,Lycaenidae,Hypochrysops,Hypochrysops_halyaetus,Hypochrysops halyaetus,NA,2.7,NA,2.5,NA,NA,NA,NA,NA,NA,NA,NA,0,0,0,0,0,0,1,1,1,1,1,1,6,NA,NA,C,Mixed canopy (open affinity),Edge-avoidant (strong),Xeric-associated (strong),Disturbance-avoidant (strong),1,Fabaceae,NA,NA,NA,3,trait available
Lepidoptera,Lycaenidae,Hypolycaena,Hypolycaena_antifaunus,Hypolycaena antifaunus,NA,NA,NA,NA,NA,NA,NA,NA,NA,NA,NA,1.6,0,0,0,0,0,0,0,0,0,0,1,0,1,NA,B,NA,Mixed canopy,Edge-associated (strong),Mesic-associated (strong),Seen near and away from disturbed habitat,NA,NA,NA,NA,NA,NA,trait available
Lepidoptera,Lycaenidae,Hypolycaena,Hypolycaena_dubia,Hypolycaena dubia,NA,NA,NA,NA,NA,1.5,NA,NA,NA,NA,NA,1.1,0,0,0,0,0,1,0,0,0,0,0,0,1,NA,B,NA,Closed canopy,NA,NA,Disturbance-associated (strong),NA,NA,NA,NA,NA,NA,trait available
Lepidoptera,Lycaenidae,Hypolycaena,Hypolycaena_kakumi,Hypolycaena kakumi,NA,NA,NA,NA,NA,NA,NA,NA,NA,NA,NA,1.1,0,0,0,0,0,0,0,0,0,0,0,1,1,NA,NA,NA,Closed canopy,NA,NA,Disturbance-avoidant (strong),NA,NA,NA,NA,NA,NA,trait available
Lepidoptera,Lycaenidae,Hypolycaena,Hypolycaena_scintillans,Hypolycaena scintillans,NA,NA,NA,NA,NA,NA,NA,NA,NA,NA,NA,1.1,0,0,0,0,0,0,0,0,0,0,1,0,1,NA,NA,NA,Mixed canopy (closed affinity),NA,NA,Disturbance-associated (strong),NA,NA,NA,NA,NA,NA,trait available
Lepidoptera,Lycaenidae,Lampides,Lampides_boeticus,Lampides boeticus,3,3.07,3,2.9875,2.522222222,3.283333333,NA,NA,NA,NA,NA,1.6,1,1,1,1,1,1,1,1,1,1,1,1,12,NA,M,S,Mixed canopy (open affinity),Seen near and away from edges,Xeric-associated (weak),Disturbance-associated (weak),6,NA,Fabaceae,NA,NA,27,trait available
Lepidoptera,Lycaenidae,Lycaena,Lycaena_phlaeas,Lycaena phlaeas,2.85,3.7,2.266666667,2.825,2.3,3.35,NA,NA,NA,NA,NA,NA,0,1,1,1,1,1,1,1,1,1,1,1,11,PLE,M,S,Canopy generalist,Seen near and away from edges,Moisture association varies,Disturbance-associated (weak),4,NA,Polygonaceae,NA,NA,15,trait available
Lepidoptera,Lycaenidae,Nacaduba,Nacaduba_biocellata,Nacaduba biocellata,NA,1.7,NA,1.7,NA,NA,NA,NA,NA,NA,NA,NA,0,0,0,0,0,0,0,0,0,0,1,0,1,E,M,S,Mixed canopy (open affinity),Seen near and away from edges,Xeric-associated (strong),Seen near and away from disturbed habitat,1,Fabaceae,NA,NA,NA,3,trait available
Lepidoptera,Lycaenidae,Neolucia,Neolucia_agricola,Neolucia agricola,NA,2.1,NA,2,NA,NA,NA,NA,NA,NA,NA,NA,1,1,1,1,0,0,1,0,1,1,1,1,9,NA,U,S,Mixed canopy (open affinity),NA,Xeric-associated (strong),NA,1,Fabaceae,NA,NA,NA,1,trait available
Lepidoptera,Lycaenidae,Ogyris,Ogyris_amaryllis,Ogyris amaryllis,NA,3.4,NA,3.4,NA,NA,NA,NA,NA,NA,NA,NA,0,0,1,1,1,0,0,1,0,1,1,0,6,L,B,"S,C",Mixed canopy (open affinity),Seen near and away from edges,Mesic-associated (strong),Seen near and away from disturbed habitat,1,Loranthaceae,NA,NA,NA,1,trait available
Lepidoptera,Lycaenidae,Oxylides,Oxylides_faunus,Oxylides faunus,NA,NA,NA,NA,NA,NA,NA,NA,NA,NA,NA,1.6,NA,NA,NA,NA,NA,NA,NA,NA,NA,NA,NA,NA,NA,NA,NA,NA,Closed canopy,Edge-associated (strong),No evidence for moisture association,Disturbance-associated (weak),NA,NA,NA,NA,NA,NA,trait available
Lepidoptera,Lycaenidae,Plebejus,Plebejus_argus,Plebejus argus,2.2,2.95,2.25,2.95,NA,NA,NA,NA,NA,NA,NA,NA,0,0,1,1,1,1,1,1,1,1,1,0,9,E,B,S,Canopy generalist,No evidence for edge associations,Moisture association varies,NA,7,NA,Fabaceae,NA,NA,5,trait available
Lepidoptera,Lycaenidae,Theclinesthes,Theclinesthes_miskini,Theclinesthes miskini,NA,2.2,NA,2.2,NA,NA,NA,NA,NA,NA,NA,NA,0,0,0,1,1,1,1,0,0,1,0,0,5,NA,M,S,Mixed canopy (open affinity),Edge-associated (strong),Moisture association varies,Disturbance-associated (strong),4,NA,Fabaceae,NA,NA,2,trait available
Lepidoptera,Lycaenidae,Theclinesthes,Theclinesthes_serpentata,Theclinesthes serpentata,NA,1.8,NA,1.8,NA,NA,NA,NA,NA,NA,NA,NA,0,1,1,1,0,1,1,0,0,0,1,0,6,NA,M,S,Mixed canopy (open affinity),NA,Xeric-associated (weak),Disturbance-associated (strong),NA,NA,NA,NA,NA,NA,trait available
Lepidoptera,Nymphalidae,Agatasa,Agatasa_calydonia,Agatasa calydonia,NA,NA,NA,NA,7,8.5,NA,NA,NA,NA,NA,NA,0,0,0,1,0,0,0,0,0,0,0,0,1,NA,U,NA,Closed canopy,Edge-associated (strong),NA,NA,1,Annonaceae,NA,NA,NA,2,trait available
Lepidoptera,Nymphalidae,Amathuxidia,Amathuxidia_amythaon,Amathuxidia amythaon,NA,NA,NA,NA,10,13,NA,NA,NA,NA,NA,NA,1,1,1,1,1,1,1,1,1,1,1,1,12,NA,NA,NA,Closed canopy,NA,Mesic-associated (strong),NA,NA,NA,NA,NA,NA,NA,trait available
Lepidoptera,Nymphalidae,Amauris,Amauris_niavius,Amauris niavius,7.5,8.1,7.5,8,7.5,9,NA,NA,NA,NA,NA,NA,1,1,1,1,1,1,1,1,1,1,1,1,12,NA,M,NA,Mixed canopy (closed affinity),Edge-associated (weak),Mesic-associated (weak),Seen near and away from disturbed habitat,3,NA,Apocynaceae,NA,NA,6,trait available
Lepidoptera,Nymphalidae,Amauris,Amauris_tartarea,Amauris tartarea,NA,4.3,NA,6.65,5.5,7,NA,NA,NA,NA,NA,NA,0,0,0,0,0,0,0,0,0,0,1,1,2,NA,U,NA,Canopy generalist,Edge-associated (strong),Both,Disturbance-associated (strong),1,Brassicaceae,NA,NA,NA,2,trait available
Lepidoptera,Nymphalidae,Amnosia,Amnosia_decora,Amnosia decora,NA,NA,NA,NA,NA,NA,NA,NA,NA,NA,NA,NA,NA,NA,NA,NA,NA,NA,NA,NA,NA,NA,NA,NA,NA,NA,M,S,Closed canopy,NA,NA,NA,NA,NA,NA,NA,NA,NA,trait available
Lepidoptera,Nymphalidae,Argynnis,Argynnis_pandora,Argynnis pandora,6.4,8,6.4,8,6.5,7.5,NA,NA,NA,NA,NA,NA,0,0,0,0,1,1,1,1,1,1,0,0,6,L,B,NA,Mixed canopy (open affinity),Edge-associated (strong),Xeric-associated (strong),Disturbance association varies,1,Violaceae,NA,NA,NA,4,trait available
Lepidoptera,Nymphalidae,Ariadne,Ariadne_enotrea,Ariadne enotrea,NA,5.2,NA,5.15,NA,NA,NA,NA,NA,NA,NA,NA,0,0,0,0,0,1,0,0,0,0,1,0,2,NA,NA,NA,Mixed canopy (closed affinity),Edge-associated (strong),Mesic-associated (strong),Disturbance-associated (strong),1,Euphorbiaceae,NA,NA,NA,1,trait available
Lepidoptera,Nymphalidae,Asterocampa,Asterocampa_celtis,Asterocampa celtis,NA,NA,NA,NA,4.475,6.05,NA,NA,NA,NA,NA,NA,0,0,0,1,1,1,1,1,1,1,0,0,7,NA,M,"S,C",Mixed canopy (closed affinity),Edge-associated (strong),Mesic-associated (strong),Disturbance-associated (weak),1,Cannabaceae,NA,NA,NA,2,trait available
Lepidoptera,Nymphalidae,Asterocampa,Asterocampa_clyton,Asterocampa clyton,NA,NA,NA,NA,4.625,6.8,NA,NA,NA,NA,NA,NA,0,0,1,1,1,1,1,1,1,1,1,0,9,L,M,C,Mixed canopy,Edge-associated (strong),Mesic-associated (strong),Disturbance-associated (strong),1,Cannabaceae,NA,NA,NA,3,trait available
Lepidoptera,Nymphalidae,Aterica,Aterica_galene,Aterica galene,NA,6.8,NA,4.95,4,5.9,NA,NA,NA,NA,NA,NA,1,1,1,1,1,1,1,1,1,1,1,1,12,NA,M,NA,Closed canopy (+edge),Edge-associated (strong),Mesic-associated (strong),Disturbance-associated (strong),3,NA,Combretaceae,NA,NA,2,trait available
Lepidoptera,Nymphalidae,Athyma,Athyma_kanwa,Athyma kanwa,NA,NA,NA,NA,5.25,6.5,NA,NA,NA,NA,NA,NA,1,1,0,1,1,1,1,1,1,0,1,1,10,NA,NA,NA,Closed canopy (+edge),Edge-associated (strong),NA,Disturbance-associated (strong),1,Rubiaceae,NA,NA,NA,2,trait available
Lepidoptera,Nymphalidae,Bebearia,Bebearia_abesa,Bebearia abesa,NA,NA,NA,NA,NA,NA,NA,NA,NA,NA,NA,NA,0,0,0,0,0,0,0,0,0,0,1,0,1,NA,NA,NA,Closed canopy,NA,NA,NA,NA,NA,NA,NA,NA,NA,trait available
Lepidoptera,Nymphalidae,Bebearia,Bebearia_absolon,Bebearia absolon,NA,NA,NA,4.9,NA,NA,NA,NA,NA,NA,NA,NA,0,0,0,0,0,1,0,0,0,0,0,0,1,NA,NA,NA,Closed canopy,Edge-associated (strong),No evidence for moisture association,NA,1,Marantaceae,NA,NA,NA,1,trait available
Lepidoptera,Nymphalidae,Bebearia,Bebearia_barce,Bebearia barce,NA,NA,NA,NA,NA,NA,NA,NA,NA,NA,NA,NA,0,0,0,0,0,1,0,0,0,0,0,0,1,NA,NA,NA,Canopy generalist,No evidence for edge associations,Mesic-associated (strong),NA,1,Marantaceae,NA,NA,NA,1,trait available
Lepidoptera,Nymphalidae,Bebearia,Bebearia_cocalia,Bebearia cocalia,NA,NA,NA,5.6,4,4.5,NA,NA,NA,NA,NA,NA,1,0,0,0,0,1,0,0,0,0,0,0,2,NA,NA,NA,Mixed canopy (closed affinity),Seen near and away from edges,Mesic-associated (weak),Seen near and away from disturbed habitat,1,Arecaceae,NA,NA,NA,2,trait available
Lepidoptera,Nymphalidae,Bebearia,Bebearia_demetra,Bebearia demetra,NA,NA,NA,NA,NA,NA,NA,NA,NA,NA,NA,NA,NA,NA,NA,NA,NA,NA,NA,NA,NA,NA,NA,NA,NA,NA,NA,NA,Closed canopy,NA,Mesic-associated (strong),Disturbance-avoidant (strong),NA,NA,NA,NA,NA,NA,trait available
Lepidoptera,Nymphalidae,Bebearia,Bebearia_lucayensis,Bebearia lucayensis,NA,NA,NA,NA,NA,NA,NA,NA,NA,NA,NA,NA,NA,NA,NA,NA,NA,NA,NA,NA,NA,NA,NA,NA,NA,NA,NA,NA,Closed canopy,NA,NA,NA,1,Marantaceae,NA,NA,NA,1,trait available
Lepidoptera,Nymphalidae,Bebearia,Bebearia_mandinga,Bebearia mandinga,NA,6.2,NA,4.2,NA,NA,NA,NA,NA,NA,NA,NA,0,0,0,0,0,1,0,0,0,0,1,0,2,NA,NA,NA,Closed canopy,No evidence for edge associations,Xeric-associated (strong),NA,1,Marantaceae,NA,NA,NA,1,trait available
Lepidoptera,Nymphalidae,Bebearia,Bebearia_oxione,Bebearia oxione,NA,NA,NA,NA,NA,NA,NA,NA,NA,NA,NA,NA,1,0,0,0,0,0,0,0,0,0,1,0,2,NA,NA,NA,Closed canopy,Edge-associated (strong),NA,NA,1,Marantaceae,NA,NA,NA,1,trait available
Lepidoptera,Nymphalidae,Bebearia,Bebearia_paludicola,Bebearia paludicola,NA,NA,NA,NA,NA,NA,NA,NA,NA,NA,NA,NA,NA,NA,NA,NA,NA,NA,NA,NA,NA,NA,NA,NA,NA,NA,NA,NA,Closed canopy,NA,Mesic-associated (strong),NA,1,Arecaceae,NA,NA,NA,1,trait available
Lepidoptera,Nymphalidae,Bebearia,Bebearia_phantasina,Bebearia phantasina,NA,6.2,NA,NA,NA,NA,NA,NA,NA,NA,NA,NA,0,0,0,0,0,0,0,0,0,0,1,0,1,NA,NA,NA,Edge associated,NA,NA,Disturbance-associated (strong),NA,NA,NA,NA,NA,NA,trait available
Lepidoptera,Nymphalidae,Bebearia,Bebearia_sophus,Bebearia sophus,NA,6.9,NA,5.5,NA,NA,NA,NA,NA,NA,NA,NA,0,0,0,0,0,0,0,0,0,1,1,0,2,NA,NA,NA,Mixed canopy (closed affinity),No evidence for edge associations,No evidence for moisture association,Disturbance-associated (strong),2,NA,Apocynaceae,Sapotaceae,Yes,1,trait available
Lepidoptera,Nymphalidae,Bebearia,Bebearia_tentyris,Bebearia tentyris,NA,NA,NA,NA,NA,NA,NA,NA,NA,NA,NA,NA,0,0,0,0,0,1,0,0,0,0,0,0,1,NA,NA,NA,Closed canopy,NA,Xeric-associated (strong),NA,1,Marantaceae,NA,NA,NA,1,trait available
Lepidoptera,Nymphalidae,Bebearia,Bebearia_zonara,Bebearia zonara,NA,NA,NA,NA,NA,NA,NA,NA,NA,NA,NA,NA,0,0,0,0,0,0,0,0,0,0,1,0,1,NA,NA,NA,Closed canopy,NA,Xeric-associated (strong),Disturbance-associated (strong),1,Marantaceae,NA,NA,NA,1,trait available
Lepidoptera,Nymphalidae,Bicyclus,Bicyclus_abnormis,Bicyclus abnormis,NA,NA,NA,NA,NA,NA,NA,NA,NA,NA,NA,NA,NA,NA,NA,NA,NA,NA,NA,NA,NA,NA,NA,NA,NA,NA,NA,NA,Closed canopy,NA,Mesic-associated (strong),NA,NA,NA,NA,NA,NA,NA,trait available
Lepidoptera,Nymphalidae,Bicyclus,Bicyclus_dorothea,Bicyclus dorothea,NA,NA,NA,3.5,NA,NA,NA,NA,NA,NA,NA,NA,0,0,0,0,0,0,0,0,0,0,1,0,1,NA,NA,NA,Mixed canopy (closed affinity),Edge-associated (strong),NA,Disturbance-associated (strong),1,Poaceae,NA,NA,NA,1,trait available
Lepidoptera,Nymphalidae,Bicyclus,Bicyclus_funebris,Bicyclus funebris,NA,5.1,NA,4.8,NA,NA,NA,NA,NA,NA,NA,NA,NA,NA,NA,NA,NA,NA,NA,NA,NA,NA,NA,NA,NA,NA,NA,NA,Mixed canopy (closed affinity),Edge-avoidant (strong),Both,NA,1,Poaceae,NA,NA,NA,1,trait available
Lepidoptera,Nymphalidae,Bicyclus,Bicyclus_madetes,Bicyclus madetes,NA,NA,NA,NA,NA,NA,NA,NA,NA,NA,NA,NA,NA,NA,NA,NA,NA,NA,NA,NA,NA,NA,NA,NA,NA,NA,NA,NA,Closed canopy,NA,NA,Disturbance-associated (strong),1,Poaceae,NA,NA,NA,1,trait available
Lepidoptera,Nymphalidae,Bicyclus,Bicyclus_martius,Bicyclus martius,NA,3.8,NA,NA,NA,NA,NA,NA,NA,NA,NA,NA,0,0,0,0,0,0,0,0,0,0,1,0,1,NA,NA,NA,Closed canopy (+edge),Edge-associated (strong),NA,Seen near and away from disturbed habitat,1,Poaceae,NA,NA,NA,1,trait available
Lepidoptera,Nymphalidae,Bicyclus,Bicyclus_sandace,Bicyclus sandace,NA,4.2,NA,3.9,NA,NA,NA,NA,NA,NA,NA,NA,NA,NA,NA,NA,NA,NA,NA,NA,NA,NA,NA,NA,NA,NA,NA,NA,Canopy generalist,Edge-avoidant (strong),Both,Disturbance-associated (strong),1,Poaceae,NA,NA,NA,1,trait available
Lepidoptera,Nymphalidae,Bicyclus,Bicyclus_taenias,Bicyclus taenias,NA,NA,NA,NA,NA,NA,NA,NA,NA,NA,NA,NA,NA,NA,NA,NA,NA,NA,NA,NA,NA,NA,NA,NA,NA,NA,NA,NA,Closed canopy,NA,Xeric-associated (strong),NA,NA,NA,NA,NA,NA,NA,trait available
Lepidoptera,Nymphalidae,Bicyclus,Bicyclus_vulgaris,Bicyclus vulgaris,NA,4.3,NA,3.7,NA,4.2,NA,NA,NA,NA,NA,NA,0,0,0,0,0,0,0,0,0,0,1,0,1,NA,NA,NA,Canopy generalist,Seen near and away from edges,Both,Disturbance-associated (strong),1,Poaceae,NA,NA,NA,1,trait available
Lepidoptera,Nymphalidae,Bicyclus,Bicyclus_xeneas,Bicyclus xeneas,NA,NA,NA,NA,NA,NA,NA,NA,NA,NA,NA,NA,0,0,0,0,0,0,0,0,0,0,1,0,1,NA,NA,NA,Closed canopy,NA,NA,NA,NA,NA,NA,NA,NA,NA,trait available
Lepidoptera,Nymphalidae,Bicyclus,Bicyclus_zinebi,Bicyclus zinebi,NA,NA,NA,NA,NA,NA,NA,NA,NA,NA,NA,NA,NA,NA,NA,NA,NA,NA,NA,NA,NA,NA,NA,NA,NA,NA,NA,NA,Closed canopy,NA,Xeric-associated (strong),NA,1,Zingiberaceae,NA,NA,NA,1,trait available
Lepidoptera,Nymphalidae,Brenthis,Brenthis_daphne,Brenthis daphne,4.2,5.2,4.2,5.2,NA,NA,NA,NA,NA,NA,NA,NA,0,0,0,0,1,1,1,1,0,0,0,0,4,E,U,S,Mixed canopy (open affinity),Edge-associated (strong),Mesic-associated (strong),Disturbance-associated (strong),2,NA,Rosaceae,Violaceae,NA,3,trait available
Lepidoptera,Nymphalidae,Brenthis,Brenthis_hecate,Brenthis hecate,3.6,4.4,3.6,4.4,NA,NA,NA,NA,NA,NA,NA,NA,0,0,0,1,1,1,1,1,0,0,0,0,5,NA,U,NA,Mixed canopy (open affinity),Edge-associated (strong),Xeric-associated (strong),NA,1,Rosaceae,NA,NA,NA,1,trait available
Lepidoptera,Nymphalidae,Catonephele,Catonephele_numilia,Catonephele numilia,NA,NA,NA,NA,5,6.9465,NA,NA,NA,NA,NA,NA,1,1,1,1,1,1,1,1,1,1,1,1,12,NA,NA,S,Closed canopy (+edge),Edge-associated (strong),Mesic-associated (strong),Disturbance-associated (strong),2,NA,Euphorbiaceae,Verbenaceae,Yes,1,trait available
Lepidoptera,Nymphalidae,Charaxes,Charaxes_ameliae,Charaxes ameliae,NA,NA,NA,7.8,NA,NA,NA,NA,NA,NA,NA,NA,0,0,0,0,0,1,1,0,0,0,0,0,2,NA,NA,NA,Mixed canopy (closed affinity),No evidence for edge associations,No evidence for moisture association,NA,1,Fabaceae,NA,NA,NA,1,trait available
Lepidoptera,Nymphalidae,Charaxes,Charaxes_anticlea,Charaxes anticlea,NA,NA,NA,4.9,4,4.5,NA,NA,NA,NA,NA,NA,0,1,0,0,0,1,0,0,0,0,0,1,3,NA,NA,NA,Mixed canopy (closed affinity),No evidence for edge associations,Xeric-associated (strong),Disturbance-associated (strong),1,Fabaceae,NA,NA,NA,2,trait available
Lepidoptera,Nymphalidae,Charaxes,Charaxes_bipunctatus,Charaxes bipunctatus,NA,NA,NA,8.1,NA,NA,NA,NA,NA,NA,NA,NA,0,0,0,0,0,1,0,0,0,0,0,0,1,NA,NA,NA,Closed canopy,No evidence for edge associations,No evidence for moisture association,NA,1,Sapindaceae,NA,NA,NA,1,trait available
Lepidoptera,Nymphalidae,Charaxes,Charaxes_boueti,Charaxes boueti,NA,NA,NA,NA,NA,7.8,NA,NA,NA,NA,NA,NA,0,0,1,1,0,0,0,1,1,1,0,0,5,NA,NA,NA,Mixed canopy (closed affinity),Edge-associated (strong),No evidence for moisture association,Disturbance-associated (strong),2,NA,Poaceae,Fabaceae,NA,5,trait available
Lepidoptera,Nymphalidae,Charaxes,Charaxes_brutus,Charaxes brutus,6,8.6,6,7.766666667,7.5,8.6,NA,NA,NA,NA,NA,NA,1,1,1,1,1,1,1,1,1,1,1,1,12,NA,M,S,Mixed canopy (closed affinity),Edge-avoidant (strong),Moisture association varies,Disturbance-associated (strong),5,NA,Meliaceae,NA,NA,6,trait available
Lepidoptera,Nymphalidae,Charaxes,Charaxes_cynthia,Charaxes cynthia,NA,NA,NA,6.5,NA,NA,NA,NA,NA,NA,NA,NA,0,0,0,0,0,1,1,0,0,0,0,0,2,NA,NA,NA,Closed canopy (+edge),Edge-associated (strong),No evidence for moisture association,Disturbance-avoidant (strong),6,NA,NA,NA,NA,1,trait available
Lepidoptera,Nymphalidae,Charaxes,Charaxes_distanti,Charaxes distanti,NA,NA,NA,NA,7,8.5,NA,NA,NA,NA,NA,NA,NA,NA,NA,NA,NA,NA,NA,NA,NA,NA,NA,NA,NA,NA,NA,NA,NA,NA,NA,NA,NA,NA,NA,NA,NA,NA,trait available
Lepidoptera,Nymphalidae,Charaxes,Charaxes_durnfordi,Charaxes durnfordi,NA,NA,NA,NA,6.5,9,NA,NA,NA,NA,NA,NA,NA,NA,NA,NA,NA,NA,NA,NA,NA,NA,NA,NA,NA,NA,NA,NA,NA,NA,NA,NA,NA,NA,NA,NA,NA,NA,trait available
Lepidoptera,Nymphalidae,Charaxes,Charaxes_etheocles,Charaxes etheocles,NA,6,NA,6,4,5,NA,NA,NA,NA,NA,NA,1,1,0,0,0,1,1,0,0,0,0,0,4,NA,NA,NA,Closed canopy,Edge-associated (strong),Mesic-associated (weak),Disturbance-associated (strong),3,NA,Fabaceae,NA,NA,2,trait available
Lepidoptera,Nymphalidae,Charaxes,Charaxes_eupale,Charaxes eupale,NA,6.2,NA,4.8,5,5.5,NA,NA,NA,NA,NA,NA,0,0,1,0,1,0,1,0,0,1,0,0,4,NA,NA,NA,Mixed canopy (closed affinity),No evidence for edge associations,Mesic-associated (strong),NA,2,NA,Fabaceae,Rhamnaceae,NA,2,trait available
Lepidoptera,Nymphalidae,Charaxes,Charaxes_fulvescens,Charaxes fulvescens,NA,NA,NA,7.9,7.5,8,NA,NA,NA,NA,NA,NA,0,0,0,0,0,0,0,0,0,0,1,0,1,NA,NA,NA,Closed canopy,Edge-associated (strong),No evidence for moisture association,NA,1,Sapindaceae,NA,NA,NA,2,trait available
Lepidoptera,Nymphalidae,Charaxes,Charaxes_lucretius,Charaxes lucretius,NA,NA,NA,6.5,NA,NA,NA,NA,NA,NA,NA,NA,0,0,0,1,0,0,1,1,0,0,1,0,4,NA,NA,NA,Closed canopy,Edge-associated (strong),No evidence for moisture association,Seen near and away from disturbed habitat,3,NA,NA,NA,NA,1,trait available
Lepidoptera,Nymphalidae,Charaxes,Charaxes_numenes,Charaxes numenes,NA,8.2,NA,NA,NA,NA,NA,NA,NA,NA,NA,NA,0,0,0,0,0,0,1,0,1,1,1,0,4,NA,NA,NA,Mixed canopy (closed affinity),Edge-avoidant (strong),Both,Disturbance-associated (strong),4,NA,Sapindaceae,NA,NA,1,trait available
Lepidoptera,Nymphalidae,Charaxes,Charaxes_paphianus,Charaxes paphianus,NA,NA,NA,NA,NA,NA,NA,NA,NA,NA,NA,NA,1,0,0,0,0,1,0,0,0,0,0,0,2,NA,NA,NA,Closed canopy,No evidence for edge associations,No evidence for moisture association,Disturbance-avoidant (strong),1,Fabaceae,NA,NA,NA,1,trait available
Lepidoptera,Nymphalidae,Charaxes,Charaxes_pleione,Charaxes pleione,NA,NA,NA,4.9,NA,NA,NA,NA,NA,NA,NA,NA,1,0,0,0,0,1,0,0,0,0,0,0,2,NA,NA,NA,Mixed canopy (closed affinity),Edge-avoidant (strong),Xeric-associated (strong),Disturbance-associated (strong),1,Fabaceae,NA,NA,NA,1,trait available
Lepidoptera,Nymphalidae,Charaxes,Charaxes_protoclea,Charaxes protoclea,6.5,9.5,6.5,8.05,6.5,7.95,NA,NA,NA,NA,NA,NA,1,0,1,1,0,1,1,1,0,0,1,0,7,NA,M,S,Mixed canopy (closed affinity),Seen near and away from edges,Mesic-associated (weak),NA,3,NA,Fabaceae,NA,NA,7,trait available
Lepidoptera,Nymphalidae,Charaxes,Charaxes_subornatus,Charaxes subornatus,NA,NA,NA,NA,NA,NA,NA,NA,NA,NA,NA,NA,NA,NA,NA,NA,NA,NA,NA,NA,NA,NA,NA,NA,NA,NA,NA,NA,Closed canopy,No evidence for edge associations,No evidence for moisture association,NA,1,Fabaceae,NA,NA,NA,1,trait available
Lepidoptera,Nymphalidae,Charaxes,Charaxes_tiridates,Charaxes tiridates,NA,NA,NA,8.9,7,8,NA,NA,NA,NA,NA,NA,0,0,1,0,0,0,0,0,0,0,0,0,1,NA,NA,NA,Mixed canopy (closed affinity),Edge association varies,Xeric-associated (strong),Disturbance-associated (strong),8,NA,Fabaceae,NA,NA,2,trait available
Lepidoptera,Nymphalidae,Charaxes,Charaxes_varanes,Charaxes varanes,6.5,8.6,6.5,7.9,6.5,8.466666667,NA,NA,NA,NA,NA,NA,1,1,1,1,1,1,1,1,1,1,1,1,12,NA,M,S,Canopy generalist,Edge-associated (weak),Xeric-associated (weak),Seen near and away from disturbed habitat,3,NA,Sapindaceae,NA,NA,7,trait available
Lepidoptera,Nymphalidae,Charaxes,Charaxes_zingha,Charaxes zingha,NA,NA,NA,7,NA,NA,NA,NA,NA,NA,NA,NA,0,0,0,0,0,1,1,0,0,0,0,0,2,NA,NA,NA,Closed canopy,NA,NA,NA,1,Linaceae,NA,NA,NA,1,trait available
Lepidoptera,Nymphalidae,Chazara,Chazara_briseis,Chazara briseis,4.2,6.8,4.2,6.8,NA,NA,NA,NA,NA,NA,NA,NA,0,0,0,0,1,1,1,1,1,1,1,0,7,NA,U,NA,Mixed canopy (open affinity),No evidence for edge associations,Xeric-associated (strong),Disturbance-associated (strong),1,Poaceae,NA,NA,NA,3,trait available
Lepidoptera,Nymphalidae,Chersonesia,Chersonesia_intermedia,Chersonesia intermedia,NA,NA,NA,NA,2.7,3.15,NA,NA,NA,NA,NA,NA,1,0,1,1,1,1,0,0,0,1,1,1,8,NA,B,NA,Edge associated,Edge-associated (strong),NA,NA,1,Moraceae,NA,NA,NA,4,trait available
Lepidoptera,Nymphalidae,Chersonesia,Chersonesia_peraka,Chersonesia peraka,NA,NA,NA,NA,3,4,NA,NA,NA,NA,NA,NA,NA,NA,NA,NA,NA,NA,NA,NA,NA,NA,NA,NA,NA,NA,NA,NA,NA,NA,NA,NA,1,Moraceae,NA,NA,NA,1,trait available
Lepidoptera,Nymphalidae,Cirrochroa,Cirrochroa_emalea,Cirrochroa emalea,NA,NA,NA,NA,5.5,6.5,NA,NA,NA,NA,NA,NA,NA,NA,NA,NA,NA,NA,NA,NA,NA,NA,NA,NA,NA,NA,M,NA,Edge associated,Edge-associated (strong),NA,NA,1,Salicaceae,NA,NA,NA,1,trait available
Lepidoptera,Nymphalidae,Coelites,Coelites_epiminthia,Coelites epiminthia,NA,NA,NA,NA,6,7,NA,NA,NA,NA,NA,NA,NA,NA,NA,NA,NA,NA,NA,NA,NA,NA,NA,NA,NA,NA,NA,NA,NA,NA,NA,NA,NA,NA,NA,NA,NA,NA,trait available
Lepidoptera,Nymphalidae,Coenonympha,Coenonympha_arcania,Coenonympha arcania,3.4,4,3.4,4,NA,NA,NA,NA,NA,NA,NA,NA,0,0,0,0,1,1,1,1,1,0,0,0,5,NA,U,NA,Mixed canopy (open affinity),Edge-associated (strong),No evidence for moisture association,Disturbance-associated (strong),2,NA,Poaceae,Cyperaceae,NA,1,trait available
Lepidoptera,Nymphalidae,Coenonympha,Coenonympha_dorus,Coenonympha dorus,2.8,3.4,2.8,3.4,NA,NA,NA,NA,NA,NA,NA,NA,0,0,0,0,0,1,1,1,0,0,0,0,3,NA,U,NA,Mixed canopy (open affinity),No evidence for edge associations,Xeric-associated (strong),NA,2,NA,Poaceae,Cyperaceae,NA,2,trait available
Lepidoptera,Nymphalidae,Coenonympha,Coenonympha_pamphilus,Coenonympha pamphilus,2.3,3.3,2.2,2.9,NA,NA,NA,NA,NA,NA,NA,NA,0,1,1,1,1,1,1,1,1,1,1,0,10,NA,M,NA,Canopy generalist,Edge-associated (strong),Mesic-associated (strong),Disturbance-associated (strong),1,Poaceae,NA,NA,NA,3,trait available
Lepidoptera,Nymphalidae,Cupha,Cupha_erymanthis,Cupha erymanthis,NA,NA,NA,NA,4.7,5.75,NA,NA,NA,NA,NA,NA,1,1,1,1,1,1,1,1,1,1,1,1,12,NA,M,S,Mixed canopy (closed affinity),Edge-associated (strong),Mesic-associated (strong),Disturbance-associated (strong),5,NA,Salicaceae,NA,NA,8,trait available
Lepidoptera,Nymphalidae,Cymothoe,Cymothoe_caenis,Cymothoe caenis,NA,NA,NA,5.5,NA,NA,NA,NA,NA,NA,NA,NA,0,0,0,0,0,1,0,0,0,0,1,0,2,NA,NA,NA,Mixed canopy (closed affinity),NA,NA,Disturbance-associated (strong),3,NA,Achariaceae,NA,NA,1,trait available
Lepidoptera,Nymphalidae,Cymothoe,Cymothoe_egesta,Cymothoe egesta,NA,NA,NA,NA,NA,NA,NA,NA,NA,NA,NA,NA,NA,NA,NA,NA,NA,NA,NA,NA,NA,NA,NA,NA,NA,NA,NA,NA,Closed canopy (+edge),NA,NA,Disturbance-associated (strong),1,Violaceae,NA,NA,NA,2,trait available
Lepidoptera,Nymphalidae,Cymothoe,Cymothoe_fumana,Cymothoe fumana,NA,NA,NA,NA,NA,NA,NA,NA,NA,NA,NA,NA,1,0,0,0,0,0,0,0,0,0,0,0,1,NA,NA,NA,Closed canopy,No evidence for edge associations,No evidence for moisture association,NA,NA,NA,NA,NA,NA,NA,trait available
Lepidoptera,Nymphalidae,Cymothoe,Cymothoe_mabillei,Cymothoe mabillei,NA,NA,NA,NA,NA,NA,NA,NA,NA,NA,NA,NA,NA,NA,NA,NA,NA,NA,NA,NA,NA,NA,NA,NA,NA,NA,NA,NA,Closed canopy,NA,NA,Disturbance-associated (strong),NA,NA,NA,NA,NA,NA,trait available
Lepidoptera,Nymphalidae,Danaus,Danaus_chrysippus,Danaus chrysippus,5,7.042857143,6.233333333,7.071428571,6.25,7.457142857,NA,NA,NA,NA,NA,NA,1,1,1,1,1,1,1,1,1,1,1,1,12,NA,M,S,Canopy generalist,Edge-associated (weak),Both,Disturbance-associated (strong),13,NA,Apocynaceae,NA,NA,26,trait available
Lepidoptera,Nymphalidae,Danaus,Danaus_plexippus,Danaus plexippus,NA,9.7,NA,9.75,8.3125,10.55,NA,NA,NA,NA,4,4.886666667,1,1,1,1,1,1,1,1,1,1,1,1,12,PLEAA,M,S,Mixed canopy (open affinity),Edge-associated (strong),Mesic-associated (strong),Disturbance-associated (strong),6,NA,Apocynaceae,NA,NA,25,trait available
Lepidoptera,Nymphalidae,Dichorragia,Dichorragia_nesimachus,Dichorragia nesimachus,NA,NA,NA,NA,5,7,NA,NA,NA,NA,NA,NA,0,0,1,1,1,1,1,1,1,1,1,1,10,PPL,M,S,Mixed canopy (closed affinity),Edge-associated (strong),Mesic-associated (strong),Disturbance-associated (strong),1,Sabiaceae,NA,NA,NA,7,trait available
Lepidoptera,Nymphalidae,Discophora,Discophora_necho,Discophora necho,NA,NA,NA,NA,6,7,NA,NA,NA,NA,NA,NA,0,1,1,1,1,1,1,1,0,1,1,1,10,NA,NA,NA,Closed canopy,NA,NA,NA,1,Poaceae,NA,NA,NA,1,trait available
Lepidoptera,Nymphalidae,Discophora,Discophora_sondaica,Discophora sondaica,NA,NA,NA,NA,6.5,7.75,NA,NA,NA,NA,NA,NA,1,1,1,1,1,1,1,1,1,1,1,1,12,NA,M,C,Closed canopy (+edge),Edge-associated (strong),Mesic-associated (strong),Disturbance-associated (strong),2,NA,Poaceae,Arecaceae,NA,6,trait available
Lepidoptera,Nymphalidae,Ectima,Ectima_thecla,Ectima thecla,NA,NA,NA,NA,NA,4.3,NA,NA,NA,NA,NA,NA,1,1,1,1,1,1,1,1,1,1,1,1,12,NA,NA,NA,Closed canopy,NA,NA,Disturbance-associated (strong),1,Euphorbiaceae,NA,NA,NA,2,trait available
Lepidoptera,Nymphalidae,Elymnias,Elymnias_dara,Elymnias dara,NA,NA,NA,NA,5,6,NA,NA,NA,NA,NA,NA,1,1,1,1,1,1,1,1,1,1,1,1,12,NA,M,NA,Closed canopy,Edge-associated (strong),Mesic-associated (strong),NA,1,Poaceae,NA,NA,NA,2,trait available
Lepidoptera,Nymphalidae,Elymnias,Elymnias_nesaea,Elymnias nesaea,NA,NA,NA,NA,7,7.5,NA,NA,NA,NA,NA,NA,NA,NA,NA,NA,NA,NA,NA,NA,NA,NA,NA,NA,NA,NA,B,NA,Edge associated,Edge-associated (strong),No evidence for moisture association,NA,1,Arecaceae,NA,NA,NA,4,trait available
Lepidoptera,Nymphalidae,Elymnias,Elymnias_panthera,Elymnias panthera,NA,NA,NA,NA,5,6,NA,NA,NA,NA,NA,NA,1,1,1,1,1,1,1,1,1,1,1,1,12,NA,M,NA,Mixed canopy (open affinity),Edge-associated (strong),No evidence for moisture association,Disturbance-associated (strong),1,Arecaceae,NA,NA,NA,3,trait available
Lepidoptera,Nymphalidae,Elymniopsis,Elymniopsis_bammakoo,Elymniopsis bammakoo,NA,8.4,NA,6.9,NA,NA,NA,NA,NA,NA,NA,NA,0,0,0,0,0,1,0,0,0,0,0,0,1,NA,B,NA,Mixed canopy (closed affinity),No evidence for edge associations,Mesic-associated (strong),Disturbance-associated (strong),1,Arecaceae,NA,NA,NA,1,trait available
Lepidoptera,Nymphalidae,Epiphile,Epiphile_orea,Epiphile orea,NA,NA,NA,NA,4,5.6,NA,NA,NA,NA,NA,NA,NA,NA,NA,NA,NA,NA,NA,NA,NA,NA,NA,NA,NA,NA,NA,NA,Mixed canopy (closed affinity),Edge-associated (strong),Mesic-associated (strong),Disturbance-associated (strong),1,Sapindaceae,NA,NA,NA,1,trait available
Lepidoptera,Nymphalidae,Erites,Erites_argentina,Erites argentina,NA,NA,NA,NA,4,5,NA,NA,NA,NA,NA,NA,NA,NA,NA,NA,NA,NA,NA,NA,NA,NA,NA,NA,NA,NA,NA,NA,Closed canopy,NA,NA,NA,NA,NA,NA,NA,NA,NA,trait available
Lepidoptera,Nymphalidae,Euphaedra,Euphaedra_ceres,Euphaedra ceres,NA,7.7,NA,6.3,NA,7.4,NA,NA,NA,NA,NA,NA,0,0,0,0,0,1,0,0,0,0,1,0,2,NA,M,NA,Mixed canopy (closed affinity),No evidence for edge associations,Both,Disturbance-associated (strong),1,Sapindaceae,NA,NA,NA,1,trait available
Lepidoptera,Nymphalidae,Euphaedra,Euphaedra_cyparissa,Euphaedra cyparissa,NA,NA,NA,NA,NA,NA,NA,NA,NA,NA,NA,NA,0,0,0,0,0,1,1,1,0,0,0,0,3,NA,NA,NA,Mixed canopy (closed affinity),Seen near and away from edges,Both,Disturbance-associated (strong),NA,NA,NA,NA,NA,NA,trait available
Lepidoptera,Nymphalidae,Euphaedra,Euphaedra_diffusa,Euphaedra diffusa,NA,NA,NA,NA,NA,NA,NA,NA,NA,NA,NA,NA,0,0,0,0,1,0,0,0,0,0,0,0,1,NA,NA,NA,Closed canopy,NA,Xeric-associated (strong),NA,NA,NA,NA,NA,NA,NA,trait available
Lepidoptera,Nymphalidae,Euphaedra,Euphaedra_edwardsii,Euphaedra edwardsii,NA,NA,NA,NA,NA,NA,NA,NA,NA,NA,NA,NA,0,0,0,1,0,0,0,0,1,1,0,0,3,NA,M,NA,Canopy generalist,Seen near and away from edges,Both,Seen near and away from disturbed habitat,1,Sapindaceae,NA,NA,NA,1,trait available
Lepidoptera,Nymphalidae,Euphaedra,Euphaedra_eupalus,Euphaedra eupalus,NA,NA,NA,7.8,NA,NA,NA,NA,NA,NA,NA,NA,0,0,0,0,1,0,0,0,0,0,1,0,2,NA,NA,NA,Closed canopy,NA,Mesic-associated (strong),Disturbance-avoidant (strong),NA,NA,NA,NA,NA,NA,trait available
Lepidoptera,Nymphalidae,Euphaedra,Euphaedra_gausape,Euphaedra gausape,NA,NA,NA,NA,NA,NA,NA,NA,NA,NA,NA,NA,1,0,0,0,0,0,0,0,0,0,0,0,1,NA,M,NA,Closed canopy,NA,NA,NA,NA,NA,NA,NA,NA,NA,trait available
Lepidoptera,Nymphalidae,Euphaedra,Euphaedra_harpalyce,Euphaedra harpalyce,NA,9.05,NA,NA,NA,NA,NA,NA,NA,NA,NA,NA,0,0,0,0,0,1,0,0,0,1,1,1,4,NA,M,NA,Closed canopy,No evidence for edge associations,No evidence for moisture association,NA,1,Sapindaceae,NA,NA,NA,1,trait available
Lepidoptera,Nymphalidae,Euphaedra,Euphaedra_hebes,Euphaedra hebes,NA,NA,NA,NA,NA,NA,NA,NA,NA,NA,NA,NA,NA,NA,NA,NA,NA,NA,NA,NA,NA,NA,NA,NA,NA,NA,NA,NA,Closed canopy,NA,Mesic-associated (strong),Disturbance-avoidant (strong),NA,NA,NA,NA,NA,NA,trait available
Lepidoptera,Nymphalidae,Euphaedra,Euphaedra_inanum,Euphaedra inanum,NA,NA,NA,NA,NA,NA,NA,NA,NA,NA,NA,NA,NA,NA,NA,NA,NA,NA,NA,NA,NA,NA,NA,NA,NA,NA,NA,NA,Closed canopy,NA,NA,NA,1,Anacardiaceae,NA,NA,NA,1,trait available
Lepidoptera,Nymphalidae,Euphaedra,Euphaedra_janetta,Euphaedra janetta,NA,NA,NA,NA,NA,NA,NA,NA,NA,NA,NA,NA,0,0,0,0,0,0,0,0,0,0,1,0,1,NA,B,NA,Closed canopy,NA,NA,Disturbance-associated (strong),NA,NA,NA,NA,NA,NA,trait available
Lepidoptera,Nymphalidae,Euphaedra,Euphaedra_medon,Euphaedra medon,NA,6.5,NA,5.55,4,6.6,NA,NA,NA,NA,NA,NA,0,0,0,0,0,1,0,0,0,0,1,1,3,NA,NA,NA,Mixed canopy (closed affinity),Edge-associated (weak),Mesic-associated (weak),Disturbance-associated (weak),1,Sapindaceae,NA,NA,NA,4,trait available
Lepidoptera,Nymphalidae,Euphaedra,Euphaedra_modesta,Euphaedra modesta,NA,NA,NA,NA,NA,NA,NA,NA,NA,NA,NA,NA,NA,NA,NA,NA,NA,NA,NA,NA,NA,NA,NA,NA,NA,NA,NA,NA,Closed canopy,NA,NA,NA,1,Sapindaceae,NA,NA,NA,1,trait available
Lepidoptera,Nymphalidae,Euphaedra,Euphaedra_perseis,Euphaedra perseis,NA,NA,NA,NA,NA,NA,NA,NA,NA,NA,NA,NA,NA,NA,NA,NA,NA,NA,NA,NA,NA,NA,NA,NA,NA,NA,NA,NA,Closed canopy,NA,Mesic-associated (strong),Disturbance-avoidant (strong),NA,NA,NA,NA,NA,NA,trait available
Lepidoptera,Nymphalidae,Euphaedra,Euphaedra_phaethusa,Euphaedra phaethusa,NA,NA,NA,6,NA,NA,NA,NA,NA,NA,NA,NA,0,0,0,0,0,0,0,0,0,0,1,0,1,NA,B,NA,Closed canopy,No evidence for edge associations,Mesic-associated (strong),Disturbance-associated (strong),1,Sapindaceae,NA,NA,NA,2,trait available
Lepidoptera,Nymphalidae,Euphaedra,Euphaedra_themis,Euphaedra themis,NA,NA,NA,6.7,NA,NA,NA,NA,NA,NA,NA,NA,0,0,0,0,0,0,0,0,0,0,1,0,1,NA,B,NA,Mixed canopy (closed affinity),NA,Xeric-associated (strong),Disturbance-associated (strong),1,Sapindaceae,NA,NA,NA,1,trait available
Lepidoptera,Nymphalidae,Euphaedra,Euphaedra_xypete,Euphaedra xypete,NA,NA,NA,NA,NA,NA,NA,NA,NA,NA,NA,NA,1,0,0,0,0,0,0,0,0,0,0,0,1,NA,NA,NA,Closed canopy,NA,NA,Disturbance-associated (strong),NA,NA,NA,NA,NA,NA,trait available
Lepidoptera,Nymphalidae,Euphydryas,Euphydryas_aurinia,Euphydryas aurinia,2.9,4.05,2.85,3.85,NA,NA,NA,NA,NA,NA,NA,NA,0,0,0,1,1,1,1,1,1,0,1,0,7,L,U,NA,Mixed canopy (open affinity),Edge-associated (strong),Moisture association varies,Disturbance-avoidant (strong),10,NA,Caprifoliaceae,NA,NA,7,trait available
Lepidoptera,Nymphalidae,Euptychoides,Euptychoides_castrensis,Euptychoides castrensis,NA,NA,NA,NA,2.6,3.5,NA,NA,NA,NA,NA,NA,NA,NA,NA,NA,NA,NA,NA,NA,NA,NA,NA,NA,NA,NA,NA,NA,NA,NA,NA,NA,NA,NA,NA,NA,NA,NA,trait available
Lepidoptera,Nymphalidae,Euriphene,Euriphene_amicia,Euriphene amicia,NA,NA,NA,NA,NA,NA,NA,NA,NA,NA,NA,NA,0,0,0,0,0,1,0,0,0,1,0,0,2,NA,B,NA,Closed canopy,Edge-associated (strong),No evidence for moisture association,NA,1,Lecythidaceae,NA,NA,NA,1,trait available
Lepidoptera,Nymphalidae,Euriphene,Euriphene_ampedusa,Euriphene ampedusa,NA,NA,NA,4.2,NA,NA,NA,NA,NA,NA,NA,NA,0,0,0,0,0,0,0,0,0,0,1,0,1,NA,B,NA,Closed canopy,NA,NA,Disturbance-associated (strong),NA,NA,NA,NA,NA,NA,trait available
Lepidoptera,Nymphalidae,Euriphene,Euriphene_aridatha,Euriphene aridatha,NA,NA,NA,NA,NA,NA,NA,NA,NA,NA,NA,NA,0,0,0,0,0,1,0,0,0,0,0,0,1,NA,NA,NA,Closed canopy,NA,NA,Disturbance-associated (strong),NA,NA,NA,NA,NA,NA,trait available
Lepidoptera,Nymphalidae,Euriphene,Euriphene_barombina,Euriphene barombina,NA,5.1,NA,4.2,NA,NA,NA,NA,NA,NA,NA,NA,0,0,0,0,0,0,0,0,0,0,1,0,1,NA,NA,NA,Closed canopy,NA,NA,Disturbance-associated (strong),1,Combretaceae,NA,NA,NA,1,trait available
Lepidoptera,Nymphalidae,Euriphene,Euriphene_gambiae,Euriphene gambiae,NA,NA,NA,NA,NA,NA,NA,NA,NA,NA,NA,NA,0,0,0,0,0,1,0,0,0,0,0,0,1,NA,NA,NA,Canopy generalist,Edge-avoidant (strong),Xeric-associated (strong),Disturbance-associated (strong),NA,NA,NA,NA,NA,NA,trait available
Lepidoptera,Nymphalidae,Euryphura,Euryphura_chalcis,Euryphura chalcis,NA,5.5,NA,4.8,4.2,5,NA,NA,NA,NA,NA,NA,0,0,0,0,1,0,0,1,0,0,1,0,3,NA,NA,NA,Closed canopy,No evidence for edge associations,Mesic-associated (strong),Disturbance-associated (strong),6,NA,NA,NA,NA,2,trait available
Lepidoptera,Nymphalidae,Eurytela,Eurytela_dryope,Eurytela dryope,NA,5,NA,4.5,4,5.5,NA,NA,NA,NA,NA,NA,1,1,1,1,1,1,1,1,1,1,1,1,12,NA,M,S,Canopy generalist,Edge association varies,Xeric-associated (weak),Disturbance-associated (strong),4,NA,Euphorbiaceae,NA,NA,5,trait available
Lepidoptera,Nymphalidae,Euthalia,Euthalia_mahadeva,Euthalia mahadeva,NA,NA,NA,NA,5,7,NA,NA,NA,NA,NA,NA,0,0,1,0,0,0,0,0,0,0,0,0,1,NA,NA,NA,NA,NA,NA,NA,NA,NA,NA,NA,NA,NA,trait available
Lepidoptera,Nymphalidae,Euthalia,Euthalia_monina,Euthalia monina,NA,NA,NA,NA,5,7,NA,NA,NA,NA,NA,NA,1,1,1,1,1,1,1,1,1,1,1,1,12,NA,M,S,Edge associated,Edge-associated (strong),NA,NA,6,NA,Euphorbiaceae,NA,NA,5,trait available
Lepidoptera,Nymphalidae,Euxanthe,Euxanthe_eurinome,Euxanthe eurinome,NA,9.5,NA,8.4,6,7,NA,NA,NA,NA,NA,NA,0,0,0,0,0,1,0,0,0,0,1,0,2,NA,NA,NA,Closed canopy,No evidence for edge associations,Mesic-associated (strong),NA,2,NA,Sapindaceae,Fabaceae,NA,2,trait available
Lepidoptera,Nymphalidae,Faunis,Faunis_kirata,Faunis kirata,NA,NA,NA,NA,5.5,7,NA,NA,NA,NA,NA,NA,NA,NA,NA,NA,NA,NA,NA,NA,NA,NA,NA,NA,NA,NA,M,NA,Closed canopy,NA,NA,NA,1,Arecaceae,NA,NA,NA,1,trait available
Lepidoptera,Nymphalidae,Faunis,Faunis_stomphax,Faunis stomphax,NA,NA,NA,NA,NA,NA,NA,NA,NA,NA,NA,NA,1,1,1,1,1,1,1,1,1,1,1,1,12,NA,M,NA,Closed canopy,NA,NA,NA,2,NA,Arecaceae,Pandanaceae,Yes,2,trait available
Lepidoptera,Nymphalidae,Forsterinaria,Forsterinaria_necys,Forsterinaria necys,NA,NA,NA,NA,3.5,5,NA,NA,NA,NA,NA,NA,NA,NA,NA,NA,NA,NA,NA,NA,NA,NA,NA,NA,NA,NA,NA,NA,Closed canopy,NA,Mesic-associated (strong),NA,NA,NA,NA,NA,NA,NA,trait available
Lepidoptera,Nymphalidae,Forsterinaria,Forsterinaria_quantius,Forsterinaria quantius,NA,NA,NA,NA,3.8,5.2,NA,NA,NA,NA,NA,NA,NA,NA,NA,NA,NA,NA,NA,NA,NA,NA,NA,NA,NA,NA,NA,NA,Closed canopy,NA,Mesic-associated (strong),NA,NA,NA,NA,NA,NA,NA,trait available
Lepidoptera,Nymphalidae,Geitoneura,Geitoneura_klugii,Geitoneura klugii,NA,4.2,NA,3.9,NA,NA,NA,NA,NA,NA,NA,NA,1,1,1,1,1,0,0,0,0,1,1,1,8,NA,U,S,Open canopy,Edge-avoidant (strong),Moisture association varies,Disturbance-avoidant (strong),NA,NA,NA,NA,NA,NA,trait available
Lepidoptera,Nymphalidae,Geitoneura,Geitoneura_minyas,Geitoneura minyas,NA,3.6,NA,3.2,NA,NA,NA,NA,NA,NA,NA,NA,0,0,0,0,0,0,0,0,1,1,1,0,3,NA,NA,NA,Mixed canopy (open affinity),NA,Mesic-associated (strong),NA,1,Poaceae,NA,NA,NA,1,trait available
Lepidoptera,Nymphalidae,Gnophodes,Gnophodes_betsimena,Gnophodes betsimena,5.95,6.533333333,5.7,6.2,5.5,6.55,NA,NA,NA,NA,NA,NA,1,1,1,1,1,1,1,1,1,1,1,1,12,NA,M,S,Mixed canopy (closed affinity),Edge-associated (strong),Mesic-associated (strong),NA,1,Poaceae,NA,NA,NA,4,trait available
Lepidoptera,Nymphalidae,Gnophodes,Gnophodes_chelys,Gnophodes chelys,NA,NA,NA,NA,NA,NA,NA,NA,NA,NA,NA,NA,NA,NA,NA,NA,NA,NA,NA,NA,NA,NA,NA,NA,NA,NA,NA,NA,Mixed canopy (closed affinity),Edge-associated (strong),NA,Disturbance-associated (strong),1,Poaceae,NA,NA,NA,1,trait available
Lepidoptera,Nymphalidae,Godartiana,Godartiana_muscosa,Godartiana muscosa,NA,NA,NA,NA,3.5,4.65,NA,NA,NA,NA,NA,NA,NA,NA,NA,NA,NA,NA,NA,NA,NA,NA,NA,NA,NA,NA,NA,NA,Closed canopy,Edge-associated (strong),Mesic-associated (strong),Disturbance-associated (strong),NA,NA,NA,NA,NA,NA,trait available
Lepidoptera,Nymphalidae,Hallelesis,Hallelesis_halyma,Hallelesis halyma,NA,NA,NA,NA,NA,NA,NA,NA,NA,NA,NA,NA,NA,NA,NA,NA,NA,NA,NA,NA,NA,NA,NA,NA,NA,NA,NA,NA,Mixed canopy (closed affinity),NA,Mesic-associated (strong),NA,NA,NA,NA,NA,NA,NA,trait available
Lepidoptera,Nymphalidae,Hamadryas,Hamadryas_amphinome,Hamadryas amphinome,NA,NA,NA,NA,6.9,8.2,NA,NA,NA,NA,NA,NA,1,1,1,1,1,1,1,1,1,1,1,1,12,NA,M,NA,Mixed canopy (closed affinity),Edge-associated (strong),Mesic-associated (strong),NA,1,Euphorbiaceae,NA,NA,NA,4,trait available
Lepidoptera,Nymphalidae,Hamadryas,Hamadryas_epinome,Hamadryas epinome,NA,NA,NA,NA,5,7.5,NA,NA,NA,NA,NA,NA,NA,NA,NA,NA,NA,NA,NA,NA,NA,NA,NA,NA,NA,NA,NA,NA,Mixed canopy (closed affinity),NA,Mesic-associated (strong),Disturbance-associated (strong),NA,NA,NA,NA,NA,NA,trait available
Lepidoptera,Nymphalidae,Hamadryas,Hamadryas_fornax,Hamadryas fornax,NA,NA,NA,NA,5,6.9,NA,NA,NA,NA,NA,NA,1,1,1,1,1,1,1,1,1,1,1,1,12,NA,NA,NA,Mixed canopy,NA,Mesic-associated (strong),Disturbance-associated (strong),1,Euphorbiaceae,NA,NA,NA,1,trait available
Lepidoptera,Nymphalidae,Harma,Harma_theobene,Harma theobene,NA,6.9,NA,5.1,NA,NA,NA,NA,NA,NA,NA,NA,0,0,0,0,0,1,0,0,0,0,1,1,3,NA,B,NA,Mixed canopy (closed affinity),Edge-associated (strong),No evidence for moisture association,Disturbance-associated (strong),3,NA,Salicaceae,Achariaceae,Yes,1,trait available
Lepidoptera,Nymphalidae,Heteronympha,Heteronympha_merope,Heteronympha merope,NA,6.4,NA,5.6,NA,NA,NA,NA,NA,NA,NA,NA,1,1,1,1,1,0,1,0,1,1,1,1,10,A,B,S,Canopy generalist,Seen near and away from edges,Xeric-associated (weak),Disturbance-associated (weak),2,NA,Poaceae,Cyperaceae,NA,1,trait available
Lepidoptera,Nymphalidae,Hipparchia,Hipparchia_fidia,Hipparchia fidia,5.6,6.2,5.6,6.2,NA,NA,NA,NA,NA,NA,NA,NA,0,0,0,0,0,1,1,1,0,1,0,0,4,NA,U,NA,Mixed canopy (open affinity),NA,NA,NA,1,Poaceae,NA,NA,NA,2,trait available
Lepidoptera,Nymphalidae,Hipparchia,Hipparchia_hermione,Hipparchia hermione,5.6,6.6,5.6,6.6,NA,NA,NA,NA,NA,NA,NA,NA,0,0,0,0,0,1,1,1,0,0,0,0,3,NA,U,NA,Canopy generalist,No evidence for edge associations,Xeric-associated (strong),NA,1,Poaceae,NA,NA,NA,1,trait available
Lepidoptera,Nymphalidae,Hipparchia,Hipparchia_semele,Hipparchia semele,4.766666667,5.566666667,4.7,5.266666667,NA,NA,NA,NA,NA,NA,NA,NA,0,0,0,0,0,1,0,1,1,0,0,0,3,NA,U,NA,Mixed canopy (open affinity),Edge-avoidant (strong),Xeric-associated (strong),Disturbance-avoidant (strong),1,Poaceae,NA,NA,NA,3,trait available
Lepidoptera,Nymphalidae,Hypna,Hypna_clytemnestra,Hypna clytemnestra,NA,NA,NA,NA,7.25,8.571428571,NA,NA,NA,NA,NA,NA,NA,NA,NA,NA,NA,NA,NA,NA,NA,NA,NA,NA,NA,NA,NA,NA,Mixed canopy (closed affinity),Edge-associated (strong),Mesic-associated (strong),Disturbance-associated (strong),NA,NA,NA,NA,NA,NA,trait available
Lepidoptera,Nymphalidae,Hypolimnas,Hypolimnas_anomala,Hypolimnas anomala,NA,7.6,NA,7.2,6.5,7.5,NA,NA,NA,NA,NA,NA,0,1,1,1,1,0,1,0,1,0,0,1,7,NA,M,"C, S, S,C",Closed canopy (+edge),Edge-associated (strong),Mesic-associated (strong),NA,1,Urticaceae,NA,NA,NA,7,trait available
Lepidoptera,Nymphalidae,Hypolimnas,Hypolimnas_anthedon,Hypolimnas anthedon,NA,8.6,7.7,7.85,7.5,8.7,NA,NA,NA,NA,NA,NA,1,1,1,1,1,1,1,1,1,1,1,1,12,NA,M,"C, S",Mixed canopy (closed affinity),Edge association varies,Moisture association varies,Disturbance-associated (strong),2,NA,Urticaceae,Asteraceae,NA,3,trait available
Lepidoptera,Nymphalidae,Hypolimnas,Hypolimnas_bolina,Hypolimnas bolina,4,7,3.4,6.05,6.375,9.333333333,NA,NA,NA,NA,NA,NA,1,1,1,1,1,NA,1,1,1,1,1,1,11,A,NA,"S, S,C",Canopy generalist,Edge-associated (strong),Mesic-associated (weak),Disturbance-associated (strong),16,NA,NA,NA,NA,21,trait available
Lepidoptera,Nymphalidae,Hypolimnas,Hypolimnas_salmacis,Hypolimnas salmacis,NA,9.4,NA,8.65,NA,NA,NA,NA,NA,NA,NA,NA,0,0,0,0,0,1,0,0,0,0,1,0,2,NA,B,NA,Mixed canopy (closed affinity),Seen near and away from edges,Xeric-associated (strong),Disturbance-associated (strong),1,Urticaceae,NA,NA,NA,1,trait available
Lepidoptera,Nymphalidae,Junonia,Junonia_cymodoce,Junonia cymodoce,NA,5.4,NA,5.3,NA,NA,NA,NA,NA,NA,NA,NA,0,0,1,0,0,0,0,0,0,0,0,0,1,NA,NA,NA,Mixed canopy (closed affinity),No evidence for edge associations,No evidence for moisture association,NA,1,Acanthaceae,NA,NA,NA,1,trait available
Lepidoptera,Nymphalidae,Junonia,Junonia_terea,Junonia terea,NA,5.7,NA,4.833333333,4.25,5.166666667,NA,NA,NA,NA,NA,NA,0,0,0,0,0,1,0,0,0,1,1,0,3,NA,M,S,Canopy generalist,Edge-associated (strong),Mesic-associated (strong),Disturbance-associated (strong),2,NA,Acanthaceae,Lamiaceae,NA,6,trait available
Lepidoptera,Nymphalidae,Junonia,Junonia_villida,Junonia villida,NA,4.3,NA,4,4.8,4.85,NA,NA,NA,NA,NA,NA,1,1,1,1,1,1,1,0,1,1,1,1,11,NA,M,S,Mixed canopy (open affinity),Edge association varies,Moisture association varies,Disturbance-associated (strong),12,NA,NA,NA,NA,8,trait available
Lepidoptera,Nymphalidae,Kallima,Kallima_limborgii,Kallima limborgii,NA,NA,NA,NA,6,8,NA,NA,NA,NA,NA,NA,1,0,1,1,1,1,1,1,1,0,0,1,9,NA,M,S,Closed canopy (+edge),Edge-associated (strong),Mesic-associated (strong),NA,3,NA,Acanthaceae,NA,NA,2,trait available
Lepidoptera,Nymphalidae,Lachnoptera,Lachnoptera_anticlia,Lachnoptera anticlia,NA,6,5,5.8,NA,NA,NA,NA,NA,NA,NA,NA,0,0,0,0,0,0,0,0,0,0,1,0,1,NA,NA,NA,Closed canopy,Edge-associated (strong),Mesic-associated (strong),NA,1,Achariaceae,NA,NA,NA,2,trait available
Lepidoptera,Nymphalidae,Lebadea,Lebadea_martha,Lebadea martha,NA,NA,NA,NA,4.5,6,NA,NA,NA,NA,NA,NA,1,0,1,1,1,1,1,1,1,1,1,1,11,NA,NA,NA,Mixed canopy (open affinity),NA,NA,Disturbance-associated (strong),4,NA,NA,NA,NA,4,trait available
Lepidoptera,Nymphalidae,Lethe,Lethe_chandica,Lethe chandica,NA,NA,NA,NA,5.5,6,NA,NA,NA,NA,NA,NA,1,1,1,1,1,1,1,1,1,1,1,1,12,L,M,NA,Closed canopy,Edge-associated (strong),NA,Disturbance-associated (strong),2,NA,Poaceae,Arecaceae,NA,4,trait available
Lepidoptera,Nymphalidae,Lethe,Lethe_mekara,Lethe mekara,NA,NA,NA,NA,5,6,NA,NA,NA,NA,NA,NA,NA,NA,NA,NA,NA,NA,NA,NA,NA,NA,NA,NA,NA,NA,M,NA,Closed canopy,NA,NA,NA,1,Poaceae,NA,NA,NA,2,trait available
Lepidoptera,Nymphalidae,Lexias,Lexias_canescens,Lexias canescens,NA,NA,NA,NA,6.3,8,NA,NA,NA,NA,NA,NA,NA,NA,NA,NA,NA,NA,NA,NA,NA,NA,NA,NA,NA,NA,NA,NA,NA,NA,NA,NA,NA,NA,NA,NA,NA,NA,trait available
Lepidoptera,Nymphalidae,Lexias,Lexias_dirtea,Lexias dirtea,NA,NA,NA,NA,6.5,9,NA,NA,NA,NA,NA,NA,1,1,1,1,1,1,1,1,1,0,1,1,11,NA,M,NA,Closed canopy (+edge),NA,NA,NA,2,NA,Hypericaceae,Clusiaceae,NA,5,trait available
Lepidoptera,Nymphalidae,Lexias,Lexias_pardalis,Lexias pardalis,NA,NA,NA,NA,6.5,9,NA,NA,NA,NA,NA,NA,1,0,1,1,1,1,1,0,1,1,1,1,10,NA,M,S,Closed canopy,Edge-associated (strong),NA,NA,3,NA,Hypericaceae,NA,NA,4,trait available
Lepidoptera,Nymphalidae,Limenitis,Limenitis_reducta,Limenitis reducta,4.6,5.4,4.6,5.4,NA,NA,NA,NA,NA,NA,NA,NA,0,0,0,1,1,1,1,1,1,1,1,1,9,NA,M,NA,Mixed canopy (open affinity),Edge-associated (strong),NA,Disturbance-associated (strong),1,Caprifoliaceae,NA,NA,NA,1,trait available
Lepidoptera,Nymphalidae,Maniola,Maniola_jurtina,Maniola jurtina,3.7,4.6,3.6,4.4,NA,NA,NA,NA,NA,NA,NA,NA,0,0,1,0,1,1,1,1,1,1,0,0,7,NA,U,NA,Canopy generalist,Edge-associated (strong),Both,Disturbance-associated (weak),1,Poaceae,NA,NA,NA,3,trait available
Lepidoptera,Nymphalidae,Melanargia,Melanargia_lachesis,Melanargia lachesis,4.5,5.3,4.5,5.3,NA,NA,NA,NA,NA,NA,NA,NA,0,0,0,0,0,1,0,1,0,0,0,0,2,NA,U,NA,Open canopy,NA,Xeric-associated (strong),NA,1,Poaceae,NA,NA,NA,1,trait available
Lepidoptera,Nymphalidae,Melanitis,Melanitis_leda,Melanitis leda,6.35,6.775,5.95,6.525,5.72,7.3375,NA,NA,NA,NA,NA,NA,1,1,1,1,1,1,1,1,1,1,1,1,12,NA,M,"S, S,C",Canopy generalist,Edge-associated (weak),Mesic-associated (weak),Disturbance-associated (weak),4,NA,Poaceae,NA,NA,22,trait available
Lepidoptera,Nymphalidae,Melanitis,Melanitis_libya,Melanitis libya,NA,NA,NA,NA,NA,7.3,NA,NA,NA,NA,NA,NA,1,1,1,1,1,1,1,1,1,1,1,1,12,NA,M,NA,Canopy generalist,Seen near and away from edges,Mesic-associated (weak),Seen near and away from disturbed habitat,1,Poaceae,NA,NA,NA,1,trait available
Lepidoptera,Nymphalidae,Melanitis,Melanitis_zitenius,Melanitis zitenius,NA,NA,NA,NA,6,7.5,NA,NA,NA,NA,NA,NA,NA,NA,NA,NA,NA,NA,NA,NA,NA,NA,NA,NA,NA,NA,NA,NA,Closed canopy,NA,Mesic-associated (strong),NA,1,Poaceae,NA,NA,NA,5,trait available
Lepidoptera,Nymphalidae,Melitaea,Melitaea_cinxia,Melitaea cinxia,3.1,4,3.2,4,NA,NA,NA,NA,NA,NA,NA,NA,0,0,0,1,1,1,1,1,1,0,0,0,6,NA,M,NA,Canopy generalist,Edge-associated (strong),Moisture association varies,NA,4,NA,Melitaea cinxia,NA,NA,5,trait available
Lepidoptera,Nymphalidae,Melitaea,Melitaea_didyma,Melitaea didyma,3,4.4,3,4.4,NA,NA,NA,NA,NA,NA,NA,NA,0,0,1,1,1,1,1,1,1,1,0,0,8,NA,M,NA,Mixed canopy (open affinity),Edge-associated (strong),Xeric-associated (strong),Disturbance-associated (strong),11,NA,NA,NA,NA,4,trait available
Lepidoptera,Nymphalidae,Melitaea,Melitaea_phoebe,Melitaea phoebe,3.9,5,3.9,5,NA,NA,NA,NA,NA,NA,NA,NA,0,0,1,1,1,1,1,1,1,0,0,0,7,NA,B,NA,Mixed canopy (open affinity),Edge-associated (strong),Xeric-associated (strong),Disturbance association varies,3,NA,Asteraceae,NA,NA,5,trait available
Lepidoptera,Nymphalidae,Memphis,Memphis_appias,Memphis appias,NA,NA,NA,NA,5,5.75,NA,NA,NA,NA,NA,NA,NA,NA,NA,NA,NA,NA,NA,NA,NA,NA,NA,NA,NA,NA,NA,NA,NA,NA,Mesic-associated (strong),NA,NA,NA,NA,NA,NA,NA,trait available
Lepidoptera,Nymphalidae,Memphis,Memphis_arginussa,Memphis arginussa,NA,NA,NA,NA,NA,6.5,NA,NA,NA,NA,NA,NA,NA,NA,NA,NA,NA,NA,NA,NA,NA,NA,NA,NA,NA,NA,NA,NA,Canopy generalist,NA,NA,Disturbance-associated (strong),1,Euphorbiaceae,NA,NA,NA,1,trait available
Lepidoptera,Nymphalidae,Memphis,Memphis_otrere,Memphis otrere,NA,NA,NA,NA,4,5.6,NA,NA,NA,NA,NA,NA,NA,NA,NA,NA,NA,NA,NA,NA,NA,NA,NA,NA,NA,NA,NA,NA,NA,NA,NA,NA,NA,NA,NA,NA,NA,NA,trait available
Lepidoptera,Nymphalidae,Moneuptychia,Moneuptychia_paeon,Moneuptychia paeon,NA,NA,NA,NA,3,3.95,NA,NA,NA,NA,NA,NA,NA,NA,NA,NA,NA,NA,NA,NA,NA,NA,NA,NA,NA,NA,NA,NA,Closed canopy,NA,Mesic-associated (strong),NA,NA,NA,NA,NA,NA,NA,trait available
Lepidoptera,Nymphalidae,Moneuptychia,Moneuptychia_soter,Moneuptychia soter,NA,NA,NA,NA,3,3.9,NA,NA,NA,NA,NA,NA,NA,NA,NA,NA,NA,NA,NA,NA,NA,NA,NA,NA,NA,NA,NA,NA,Edge associated,Edge-associated (strong),Mesic-associated (strong),NA,NA,NA,NA,NA,NA,NA,trait available
Lepidoptera,Nymphalidae,Mycalesis,Mycalesis_anapita,Mycalesis anapita,NA,NA,NA,NA,3.5,4.5,NA,NA,NA,NA,NA,NA,NA,NA,NA,NA,NA,NA,NA,NA,NA,NA,NA,NA,NA,NA,M,NA,Closed canopy,NA,NA,NA,1,Poaceae,NA,NA,NA,1,trait available
Lepidoptera,Nymphalidae,Mycalesis,Mycalesis_janardana,Mycalesis janardana,NA,NA,NA,NA,3.5,4.5,NA,NA,NA,NA,NA,NA,1,1,1,1,1,1,1,1,1,1,1,1,12,NA,M,S,NA,NA,NA,NA,1,Poaceae,NA,NA,NA,2,trait available
Lepidoptera,Nymphalidae,Mycalesis,Mycalesis_kina,Mycalesis kina,NA,NA,NA,NA,NA,NA,NA,NA,NA,NA,NA,NA,NA,NA,NA,NA,NA,NA,NA,NA,NA,NA,NA,NA,NA,NA,NA,NA,Closed canopy,Edge-associated (strong),NA,NA,1,Poaceae,NA,NA,NA,1,trait available
Lepidoptera,Nymphalidae,Mycalesis,Mycalesis_maianeas,Mycalesis maianeas,NA,NA,NA,NA,4,4.5,NA,NA,NA,NA,NA,NA,NA,NA,NA,NA,NA,NA,NA,NA,NA,NA,NA,NA,NA,NA,NA,S,Closed canopy,NA,NA,NA,1,Zingiberaceae,NA,NA,NA,2,trait available
Lepidoptera,Nymphalidae,Mycalesis,Mycalesis_mineus,Mycalesis mineus,2.4,2.6,2.1,2.4,4,4.6,NA,NA,NA,NA,NA,NA,1,1,1,1,1,1,1,1,1,1,1,1,12,NA,M,S,Mixed canopy (open affinity),Seen near and away from edges,Both,Disturbance-associated (weak),1,Poaceae,NA,NA,NA,5,trait available
Lepidoptera,Nymphalidae,Mycalesis,Mycalesis_oroatis,Mycalesis oroatis,NA,NA,NA,NA,4.4,5.5,NA,NA,NA,NA,NA,NA,NA,NA,NA,NA,NA,NA,NA,NA,NA,NA,NA,NA,NA,NA,NA,NA,NA,NA,NA,NA,NA,NA,NA,NA,NA,NA,trait available
Lepidoptera,Nymphalidae,Mycalesis,Mycalesis_orseis,Mycalesis orseis,NA,NA,NA,NA,4,5,NA,NA,NA,NA,NA,NA,0,0,0,0,0,0,1,1,1,0,0,0,3,NA,M,S,Closed canopy,Edge-associated (strong),NA,NA,1,Poaceae,NA,NA,NA,3,trait available
Lepidoptera,Nymphalidae,Mycalesis,Mycalesis_patiana,Mycalesis patiana,NA,NA,NA,NA,NA,NA,NA,NA,NA,NA,NA,NA,NA,NA,NA,NA,NA,NA,NA,NA,NA,NA,NA,NA,NA,NA,M,NA,Edge associated,Edge-associated (strong),NA,NA,1,Poaceae,NA,NA,NA,1,trait available
Lepidoptera,Nymphalidae,Myscelia,Myscelia_orsis,Myscelia orsis,NA,NA,NA,NA,4,6,NA,NA,NA,NA,NA,NA,NA,NA,NA,NA,NA,NA,NA,NA,NA,NA,NA,NA,NA,NA,NA,NA,Edge associated,Edge-associated (strong),Mesic-associated (strong),NA,NA,NA,NA,NA,NA,NA,trait available
Lepidoptera,Nymphalidae,Neorina,Neorina_lowii,Neorina lowii,NA,NA,NA,NA,9,10,NA,NA,NA,NA,NA,NA,NA,NA,NA,NA,NA,NA,NA,NA,NA,NA,NA,NA,NA,NA,M,S,Closed canopy,Edge-associated (strong),NA,Disturbance-associated (strong),1,Poaceae,NA,NA,NA,3,trait available
Lepidoptera,Nymphalidae,Neptidopsis,Neptidopsis_ophione,Neptidopsis ophione,NA,NA,NA,4.55,3.5,4,NA,NA,NA,NA,NA,NA,1,0,0,1,1,1,0,1,1,0,1,0,7,NA,NA,NA,Canopy generalist,Edge-associated (strong),Mesic-associated (strong),Disturbance-associated (strong),1,Euphorbiaceae,NA,NA,NA,2,trait available
Lepidoptera,Nymphalidae,Neptis,Neptis_leucoporos,Neptis leucoporos,NA,NA,NA,NA,5,6,NA,NA,NA,NA,NA,NA,1,1,1,1,1,1,1,1,0,0,0,0,8,NA,NA,NA,Mixed canopy (closed affinity),Edge-associated (strong),NA,NA,1,Cannabaceae,NA,NA,NA,3,trait available
Lepidoptera,Nymphalidae,Neptis,Neptis_melicerta,Neptis melicerta,NA,4.4,NA,3.7,NA,NA,NA,NA,NA,NA,NA,NA,0,0,0,0,0,1,0,0,0,0,0,0,1,NA,NA,NA,Closed canopy,NA,NA,NA,3,NA,Fabaceae,NA,NA,1,trait available
Lepidoptera,Nymphalidae,Neptis,Neptis_metella,Neptis metella,NA,NA,NA,4.5,NA,NA,NA,NA,NA,NA,NA,NA,0,0,0,0,0,0,0,1,0,0,0,0,1,NA,NA,NA,Closed canopy,Edge-associated (strong),No evidence for moisture association,Disturbance-associated (strong),1,Euphorbiaceae,NA,NA,NA,1,trait available
Lepidoptera,Nymphalidae,Neptis,Neptis_nemetes,Neptis nemetes,NA,NA,NA,3.8,NA,NA,NA,NA,NA,NA,NA,NA,0,0,0,0,1,0,0,0,0,0,0,0,1,NA,NA,NA,Closed canopy,NA,NA,NA,2,NA,Euphorbiaceae,Asteraceae,NA,1,trait available
Lepidoptera,Nymphalidae,Neptis,Neptis_nicoteles,Neptis nicoteles,NA,NA,NA,4.2,NA,NA,NA,NA,NA,NA,NA,NA,0,0,0,0,0,0,0,0,0,0,1,0,1,NA,NA,NA,Mixed canopy (closed affinity),NA,NA,Disturbance-associated (strong),1,Fabaceae,NA,NA,NA,1,trait available
Lepidoptera,Nymphalidae,Neptis,Neptis_nysiades,Neptis nysiades,NA,NA,NA,NA,NA,NA,NA,NA,NA,NA,NA,NA,0,0,0,0,0,1,0,0,0,0,0,0,1,NA,NA,NA,Edge associated,NA,Mesic-associated (strong),Disturbance-associated (strong),1,Sapindaceae,NA,NA,NA,1,trait available
Lepidoptera,Nymphalidae,Nymphalis,Nymphalis_polychloros,Nymphalis polychloros,5.6,6.8,5.6,6.8,NA,NA,NA,NA,NA,NA,NA,NA,1,0,1,1,1,1,1,1,1,0,0,0,8,NA,U,NA,Mixed canopy (open affinity),No evidence for edge associations,No evidence for moisture association,Disturbance-associated (strong),3,NA,Rosaceae,Salicaceae,Yes,3,trait available
Lepidoptera,Nymphalidae,Opsiphanes,Opsiphanes_invirae,Opsiphanes invirae,NA,NA,NA,NA,5.7,8.428571429,NA,NA,NA,NA,NA,NA,NA,NA,NA,NA,NA,NA,NA,NA,NA,NA,NA,NA,NA,NA,NA,NA,Closed canopy,NA,Mesic-associated (strong),Disturbance-associated (strong),NA,NA,NA,NA,NA,NA,trait available
Lepidoptera,Nymphalidae,Palla,Palla_decius,Palla decius,NA,NA,NA,6.5,NA,NA,NA,NA,NA,NA,NA,NA,1,0,0,0,1,0,0,0,0,0,1,0,3,NA,NA,NA,Closed canopy,NA,NA,Disturbance-associated (strong),2,NA,Convolvulaceae,Lamiaceae,NA,1,trait available
Lepidoptera,Nymphalidae,Palla,Palla_publius,Palla publius,NA,NA,NA,NA,NA,NA,NA,NA,NA,NA,NA,NA,1,0,0,1,0,0,0,0,0,1,0,0,3,NA,NA,NA,Closed canopy,No evidence for edge associations,No evidence for moisture association,Disturbance-avoidant (strong),NA,NA,NA,NA,NA,NA,trait available
Lepidoptera,Nymphalidae,Palla,Palla_ussheri,Palla ussheri,NA,NA,NA,7,NA,NA,NA,NA,NA,NA,NA,NA,1,0,1,1,1,0,0,0,0,0,0,1,5,NA,NA,NA,Canopy generalist,No evidence for edge associations,No evidence for moisture association,NA,3,NA,Convolvulaceae,NA,NA,1,trait available
Lepidoptera,Nymphalidae,Palla,Palla_violinitens,Palla violinitens,NA,NA,NA,NA,NA,NA,NA,NA,NA,NA,NA,NA,1,0,1,0,1,1,0,0,0,0,0,0,4,NA,NA,NA,Closed canopy,No evidence for edge associations,No evidence for moisture association,Disturbance-avoidant (strong),2,NA,Lamiaceae,Convolvulaceae,Yes,1,trait available
Lepidoptera,Nymphalidae,Pandita,Pandita_sinope,Pandita sinope,NA,NA,NA,NA,4.5,6,NA,NA,NA,NA,NA,NA,1,0,0,0,0,0,0,0,0,0,1,0,2,NA,NA,NA,Edge associated,Edge-associated (strong),NA,NA,1,Rubiaceae,NA,NA,NA,3,trait available
Lepidoptera,Nymphalidae,Polygonia,Polygonia_interrogationis,Polygonia interrogationis,NA,NA,NA,NA,5.275,7.08,NA,NA,NA,NA,NA,NA,1,1,1,1,1,1,1,1,1,1,1,1,12,A,M,S,Canopy generalist,Edge-associated (strong),Mesic-associated (strong),Disturbance-associated (strong),3,NA,Urticaceae,Cannabaceae,Yes,7,trait available
Lepidoptera,Nymphalidae,Polyura,Polyura_athamas,Polyura athamas,NA,NA,NA,NA,5.166666667,6.666666667,NA,NA,NA,NA,NA,NA,1,1,1,1,1,1,1,1,1,1,1,1,12,L,M,S,Canopy generalist,Edge-associated (strong),Mesic-associated (weak),Disturbance-associated (strong),2,NA,Fabaceae,Malvaceae,NA,7,trait available
Lepidoptera,Nymphalidae,Pseudacraea,Pseudacraea_eurytus,Pseudacraea eurytus,NA,6.7,6,6.4,6,7.5,NA,NA,NA,NA,NA,NA,1,1,1,1,1,1,0,0,0,0,1,0,7,NA,M,S,Closed canopy (+edge),Edge-associated (strong),No evidence for moisture association,Disturbance-associated (strong),1,Sapotaceae,NA,NA,NA,6,trait available
Lepidoptera,Nymphalidae,Pseudacraea,Pseudacraea_lucretia,Pseudacraea lucretia,NA,7,6.5,6.4,6,7.4,NA,NA,NA,NA,NA,NA,1,1,1,1,1,1,1,1,1,1,1,1,12,NA,M,S,Mixed canopy (closed affinity),Edge-associated (strong),Mesic-associated (strong),Disturbance-associated (strong),2,NA,Sapotaceae,Rhamnaceae,NA,7,trait available
Lepidoptera,Nymphalidae,Pseudacraea,Pseudacraea_semire,Pseudacraea semire,NA,NA,NA,NA,NA,NA,NA,NA,NA,NA,NA,NA,1,0,0,0,0,0,0,0,0,0,0,0,1,NA,NA,NA,Closed canopy,NA,Xeric-associated (strong),Disturbance-associated (strong),1,Ochnaceae,NA,NA,NA,1,trait available
Lepidoptera,Nymphalidae,Pseudoneptis,Pseudoneptis_bugandensis,Pseudoneptis bugandensis,NA,NA,NA,5.2,NA,5,NA,NA,NA,NA,NA,NA,0,0,0,0,0,1,0,0,0,0,1,0,2,NA,NA,NA,Mixed canopy (closed affinity),Edge-associated (strong),Moisture association varies,Disturbance-associated (strong),2,NA,Moraceae,Capparaceae,NA,2,trait available
Lepidoptera,Nymphalidae,Pyronia,Pyronia_bathseba,Pyronia bathseba,3.6,3.8,3.6,3.8,NA,NA,NA,NA,NA,NA,NA,NA,0,0,0,1,1,0,1,1,0,0,0,0,4,NA,U,NA,Mixed canopy (open affinity),No evidence for edge associations,No evidence for moisture association,NA,1,Poaceae,NA,NA,NA,1,trait available
Lepidoptera,Nymphalidae,Pyronia,Pyronia_cecilia,Pyronia cecilia,3,3.2,3,3.2,NA,NA,NA,NA,NA,NA,NA,NA,0,0,0,1,1,1,0,1,1,0,0,0,5,NA,U,NA,Canopy generalist,No evidence for edge associations,Xeric-associated (strong),NA,1,Poaceae,NA,NA,NA,2,trait available
Lepidoptera,Nymphalidae,Pyronia,Pyronia_tithonus,Pyronia tithonus,3.4,3.8,3.4,3.8,NA,NA,NA,NA,NA,NA,NA,NA,0,0,0,0,1,0,1,0,1,0,0,0,3,NA,U,NA,Edge associated,Edge-associated (strong),NA,NA,2,NA,Poaceae,Cyperaceae,NA,2,trait available
Lepidoptera,Nymphalidae,Ragadia,Ragadia_makuta,Ragadia makuta,NA,NA,NA,NA,4,5,NA,NA,NA,NA,NA,NA,NA,NA,NA,NA,NA,NA,NA,NA,NA,NA,NA,NA,NA,NA,M,NA,Closed canopy,NA,NA,NA,NA,NA,NA,NA,NA,NA,trait available
Lepidoptera,Nymphalidae,Rhinopalpa,Rhinopalpa_polynice,Rhinopalpa polynice,NA,NA,NA,NA,6.5,7.9,NA,NA,NA,NA,NA,NA,0,0,1,1,1,1,1,1,0,1,1,0,8,NA,M,NA,Closed canopy (+edge),Edge-associated (strong),No evidence for moisture association,NA,1,Urticaceae,NA,NA,NA,5,trait available
Lepidoptera,Nymphalidae,Salamis,Salamis_cacta,Salamis cacta,NA,NA,NA,NA,NA,7.5,NA,NA,NA,NA,NA,NA,1,1,1,1,1,1,1,1,1,1,1,1,12,NA,M,"C, S,C",Closed canopy,Edge-associated (strong),Mesic-associated (strong),Disturbance-associated (strong),2,NA,Urticaceae,Hydrocharitaceae,NA,3,trait available
Lepidoptera,Nymphalidae,Satyrus,Satyrus_actaea,Satyrus actaea,5,6,5,6,NA,NA,NA,NA,NA,NA,NA,NA,0,0,0,0,0,1,0,1,0,0,0,0,2,NA,U,NA,Mixed canopy (open affinity),NA,NA,NA,1,Poaceae,NA,NA,NA,1,trait available
Lepidoptera,Nymphalidae,Splendeuptychia,Splendeuptychia_doxes,Splendeuptychia doxes,NA,NA,NA,NA,3.1,4.75,NA,NA,NA,NA,NA,NA,NA,NA,NA,NA,NA,NA,NA,NA,NA,NA,NA,NA,NA,NA,NA,NA,NA,NA,NA,NA,1,Poaceae,NA,NA,NA,1,trait available
Lepidoptera,Nymphalidae,Tanaecia,Tanaecia_aruna,Tanaecia aruna,NA,NA,NA,NA,5,6,NA,NA,NA,NA,NA,NA,NA,NA,NA,NA,NA,NA,NA,NA,NA,NA,NA,NA,NA,NA,NA,NA,NA,NA,NA,NA,NA,NA,NA,NA,NA,NA,trait available
Lepidoptera,Nymphalidae,Tanaecia,Tanaecia_clathrata,Tanaecia clathrata,NA,NA,NA,NA,5,6,NA,NA,NA,NA,NA,NA,NA,NA,NA,NA,NA,NA,NA,NA,NA,NA,NA,NA,NA,NA,NA,NA,Edge associated,Edge-associated (strong),NA,NA,NA,NA,NA,NA,NA,NA,trait available
Lepidoptera,Nymphalidae,Tanaecia,Tanaecia_munda,Tanaecia munda,NA,NA,NA,NA,4.5,5.5,NA,NA,NA,NA,NA,NA,NA,NA,NA,NA,NA,NA,NA,NA,NA,NA,NA,NA,NA,NA,NA,NA,Closed canopy,NA,NA,NA,1,Melastomataceae,NA,NA,NA,1,trait available
Lepidoptera,Nymphalidae,Tanaecia,Tanaecia_orphne,Tanaecia orphne,NA,NA,2.4,2.7,NA,NA,NA,NA,NA,NA,NA,NA,NA,NA,NA,NA,NA,NA,NA,NA,NA,NA,NA,NA,NA,NA,NA,NA,NA,NA,NA,NA,NA,NA,NA,NA,NA,NA,trait available
Lepidoptera,Nymphalidae,Tanaecia,Tanaecia_pelea,Tanaecia pelea,NA,NA,NA,NA,5,7,NA,NA,NA,NA,NA,NA,NA,NA,NA,NA,NA,NA,NA,NA,NA,NA,NA,NA,NA,NA,NA,NA,NA,NA,NA,NA,2,NA,Primulaceae,Melastomataceae,NA,2,trait available
Lepidoptera,Nymphalidae,Taygetis,Taygetis_acuta,Taygetis acuta,NA,NA,NA,NA,5.5,7.1,NA,NA,NA,NA,NA,NA,NA,NA,NA,NA,NA,NA,NA,NA,NA,NA,NA,NA,NA,NA,NA,NA,NA,NA,Mesic-associated (strong),NA,NA,NA,NA,NA,NA,NA,trait available
Lepidoptera,Nymphalidae,Terinos,Terinos_terpander,Terinos terpander,NA,NA,NA,NA,5.5,6.5,NA,NA,NA,NA,NA,NA,1,0,1,1,1,1,1,0,1,1,1,1,10,NA,NA,S,Closed canopy,NA,Mesic-associated (strong),NA,3,NA,Phyllanthaceae,NA,NA,3,trait available
Lepidoptera,Nymphalidae,Thaumantis,Thaumantis_klugius,Thaumantis klugius,NA,NA,NA,NA,8,9,NA,NA,NA,NA,NA,NA,NA,NA,NA,NA,NA,NA,NA,NA,NA,NA,NA,NA,NA,NA,NA,NA,Closed canopy,NA,Mesic-associated (strong),NA,1,Arecaceae,NA,NA,NA,1,trait available
Lepidoptera,Nymphalidae,Thaumantis,Thaumantis_noureddin,Thaumantis noureddin,NA,NA,NA,NA,8,9,NA,NA,NA,NA,NA,NA,NA,NA,NA,NA,NA,NA,NA,NA,NA,NA,NA,NA,NA,NA,M,NA,Closed canopy,NA,NA,NA,NA,NA,NA,NA,NA,NA,trait available
Lepidoptera,Nymphalidae,Thauria,Thauria_aliris,Thauria aliris,NA,NA,NA,NA,8.85,11.75,NA,NA,NA,NA,NA,NA,NA,NA,NA,NA,NA,NA,NA,NA,NA,NA,NA,NA,NA,NA,M,S,Closed canopy,Edge-associated (strong),NA,Seen near and away from disturbed habitat,1,Arecaceae,NA,NA,NA,1,trait available
Lepidoptera,Nymphalidae,Thauria,Thauria_aliris,Thauria lathyi,NA,NA,NA,NA,8.7,11.5,NA,NA,NA,NA,NA,NA,0,1,1,1,1,1,1,1,1,1,0,1,10,NA,NA,NA,NA,NA,NA,NA,NA,NA,NA,NA,NA,NA,trait available
Lepidoptera,Nymphalidae,Vanessa,Vanessa_cardui,Vanessa cardui,4.6,4.83,4.7,4.995,4.961538462,6.091388889,NA,NA,NA,NA,2.7,3.3,1,1,1,1,1,1,1,1,1,1,1,1,12,LA,M,S,Canopy generalist,Seen near and away from edges,Both,Disturbance-associated (weak),24,NA,Asteraceae,NA,NA,35,trait available
Lepidoptera,Nymphalidae,Vanessa,Vanessa_itea,Vanessa itea,NA,5,NA,5,4.8,5.5,NA,NA,NA,NA,NA,NA,0,0,0,0,1,0,1,1,0,0,0,0,3,A,M,S,Mixed canopy (open affinity),Edge-associated (strong),Mesic-associated (strong),Disturbance-associated (strong),1,Urticaceae,NA,NA,NA,3,trait available
Lepidoptera,Nymphalidae,Vanessa,Vanessa_kershawi,Vanessa kershawi,4.6,4.7,4.7,4.75,4.935714286,6.086578947,NA,NA,NA,NA,2.7,3.3,1,1,1,1,1,1,1,1,1,1,1,1,12,NA,M,S,Canopy generalist,Seen near and away from edges,Both,Seen near and away from disturbed habitat,2,NA,Asteraceae,Lamiaceae,NA,2,trait available
Lepidoptera,Nymphalidae,Vanessa,Vanessa_kershawi,Vanessa cardui,4.6,4.83,4.7,4.995,4.961538462,6.091388889,NA,NA,NA,NA,2.7,3.3,1,1,1,1,1,1,1,1,1,1,1,1,12,LA,M,S,Canopy generalist,Seen near and away from edges,Both,Disturbance-associated (weak),24,NA,Asteraceae,NA,NA,35,trait available
Lepidoptera,Nymphalidae,Vindula,Vindula_dejone,Vindula dejone,NA,NA,NA,NA,7,8,NA,NA,NA,NA,NA,NA,1,0,1,1,1,1,1,1,1,1,1,1,11,NA,NA,NA,Edge associated,Edge-associated (strong),Mesic-associated (strong),Disturbance-associated (strong),1,Passifloraceae,NA,NA,NA,5,trait available
Lepidoptera,Nymphalidae,Xanthotaenia,Xanthotaenia_busiris,Xanthotaenia busiris,NA,NA,NA,NA,5.5,6.5,NA,NA,NA,NA,NA,NA,NA,NA,NA,NA,NA,NA,NA,NA,NA,NA,NA,NA,NA,NA,M,S,Closed canopy,NA,NA,NA,NA,NA,NA,NA,NA,NA,trait available
Lepidoptera,Nymphalidae,Ypthima,Ypthima_pandocus,Ypthima pandocus,NA,NA,NA,NA,4,4.5,NA,NA,NA,NA,NA,NA,1,1,1,1,1,1,1,1,1,1,1,1,12,NA,M,NA,Open canopy,NA,NA,NA,1,Poaceae,NA,NA,NA,3,trait available
Lepidoptera,Nymphalidae,Ypthimomorpha,Ypthimomorpha_itonia,Ypthimomorpha itonia,NA,NA,NA,3.1,2.2,2.8,NA,NA,NA,NA,NA,NA,1,0,0,0,0,0,0,0,0,0,0,0,1,NA,M,NA,Mixed canopy (open affinity),No evidence for edge associations,Mesic-associated (strong),NA,1,Poaceae,NA,NA,NA,1,trait available
Lepidoptera,Nymphalidae,Zaretis,Zaretis_itys,Zaretis itys,NA,4.445,NA,4.7625,NA,6.4,NA,NA,NA,NA,NA,NA,NA,NA,NA,NA,NA,NA,NA,NA,NA,NA,NA,NA,NA,NA,NA,NA,Closed canopy,NA,Mesic-associated (strong),NA,1,Salicaceae,NA,NA,NA,1,trait available
Lepidoptera,Nymphalidae,Zeuxidia,Zeuxidia_amethystus,Zeuxidia amethystus,NA,NA,NA,NA,9.25,12.5,NA,NA,NA,NA,NA,NA,1,1,1,1,1,1,1,1,1,1,1,1,12,NA,M,NA,Closed canopy,NA,NA,NA,2,NA,Arecaceae,Poaceae,Yes,1,trait available
Lepidoptera,Nymphalidae,Zeuxidia,Zeuxidia_aurelius,Zeuxidia aurelius,NA,NA,NA,NA,11,15,NA,NA,NA,NA,NA,NA,NA,NA,NA,NA,NA,NA,NA,NA,NA,NA,NA,NA,NA,NA,M,NA,Closed canopy,NA,NA,NA,1,Arecaceae,NA,NA,NA,2,trait available
Lepidoptera,Papilionidae,Papilio,Papilio_cyproeofila,Papilio cyproeofila,NA,NA,NA,8.8,NA,5.5,NA,NA,NA,NA,NA,NA,0,0,0,0,0,0,0,0,0,1,1,0,2,NA,NA,NA,Mixed canopy (closed affinity),Edge-associated (strong),NA,Disturbance-associated (strong),1,Piperaceae,NA,NA,NA,2,trait available
Lepidoptera,Papilionidae,Papilio,Papilio_machaon,Papilio machaon,6,9,6,8,6.6,8.8,NA,NA,NA,NA,NA,NA,0,1,1,1,1,1,1,1,1,1,1,1,11,P,M,S,Canopy generalist,Edge association varies,Both,Disturbance-associated (weak),10,NA,Apiaceae,NA,NA,19,trait available
Lepidoptera,Papilionidae,Zerynthia,Zerynthia_rumina,Zerynthia rumina,4.4,4.6,4.4,4.6,NA,NA,NA,NA,NA,NA,NA,NA,0,1,1,1,1,1,1,1,1,1,1,0,10,P,M,S,Open canopy,No evidence for edge associations,Xeric-associated (strong),Disturbance-associated (strong),1,Aristolochiaceae,NA,NA,NA,4,trait available
Lepidoptera,Pieridae,Anthocharis,Anthocharis_cardamines,Anthocharis cardamines,2.9,3.55,3.3,3.4,4.4,5.1,NA,NA,NA,NA,NA,NA,0,0,1,1,1,1,1,1,0,0,0,0,6,P,U,S,Mixed canopy (open affinity),Edge-associated (strong),Mesic-associated (strong),Disturbance association varies,2,NA,Brassicaceae,Resedaceae,NA,5,trait available
Lepidoptera,Pieridae,Anthocharis,Anthocharis_euphenoides,Anthocharis euphenoides,3.4,4,3.4,4,NA,NA,NA,NA,NA,NA,NA,NA,0,0,1,1,0,1,0,0,0,0,0,0,3,NA,U,NA,Mixed canopy (open affinity),Edge-associated (strong),NA,NA,1,Brassicaceae,NA,NA,NA,1,trait available
Lepidoptera,Pieridae,Aporia,Aporia_crataegi,Aporia crataegi,5.7,6.8,5.1,6.5,5.45,7.35,NA,NA,NA,NA,NA,NA,0,0,1,1,1,1,1,1,0,1,0,0,7,PLL,U,S,Mixed canopy (open affinity),Edge-associated (strong),Mesic-associated (weak),Disturbance-associated (strong),4,NA,Rosaceae,NA,NA,7,trait available
Lepidoptera,Pieridae,Colias,Colias_alfacariensis,Colias alfacariensis,4.2,4.5,4.2,4.5,NA,NA,NA,NA,NA,NA,NA,NA,0,0,0,1,1,1,1,1,1,1,0,0,7,NA,M,NA,Mixed canopy (open affinity),NA,Xeric-associated (strong),Disturbance-associated (strong),1,Fabaceae,NA,NA,NA,1,trait available
Lepidoptera,Pieridae,Delias,Delias_aganippe,Delias aganippe,NA,6.3,NA,6.1,NA,NA,NA,NA,NA,NA,NA,NA,0,0,0,1,1,1,0,1,1,1,0,1,7,NA,NA,C,Closed canopy,NA,Xeric-associated (strong),NA,2,NA,Santalaceae,Loranthaceae,NA,1,trait available
Lepidoptera,Pieridae,Gonepteryx,Gonepteryx_cleopatra,Gonepteryx cleopatra,5,6.8,5,6.8,NA,NA,NA,NA,NA,NA,NA,NA,1,1,1,1,1,1,1,1,1,0,1,0,10,P,M,NA,Mixed canopy (open affinity),No evidence for edge associations,No evidence for moisture association,NA,1,Rhamnaceae,NA,NA,NA,2,trait available
Lepidoptera,Pieridae,Pieris,Pieris_rapae,Pieris rapae,3.9,4.7,3.9,4.7,3.966666667,5.03,NA,NA,NA,NA,NA,2.38125,1,1,1,1,1,1,1,1,1,1,1,1,12,PPL,M,S,Mixed canopy (open affinity),Edge-associated (weak),Both,Disturbance-associated (strong),8,NA,Brassicaceae,NA,NA,16,trait available
Lepidoptera,Pieridae,Zegris,Zegris_eupheme,Zegris eupheme,4.6,5.1,3.8,4.266666667,4.6,5,NA,NA,NA,NA,NA,NA,0,1,1,1,1,1,1,1,0,0,0,0,7,NA,U,NA,Open canopy,Edge association varies,Xeric-associated (strong),Disturbance-associated (strong),1,Brassicaceae,NA,NA,NA,4,trait available
Lepidoptera,Nymphalidae,Archeuptychia,Archeuptychia_cluena,Archeuptychia cluena,NA,NA,NA,NA,NA,3.6,NA,NA,NA,NA,NA,NA,NA,NA,NA,NA,NA,NA,NA,NA,NA,NA,NA,NA,NA,NA,NA,NA,NA,NA,NA,NA,NA,NA,NA,NA,NA,NA,trait available
Lepidoptera,Nymphalidae,Bicyclus,Bicyclus_procora,Bicyclus procora,NA,NA,NA,NA,NA,NA,NA,NA,NA,NA,NA,NA,NA,NA,NA,NA,NA,NA,NA,NA,NA,NA,NA,NA,NA,NA,NA,NA,Closed canopy,NA,NA,NA,NA,NA,NA,NA,NA,NA,trait available
Lepidoptera,Nymphalidae,Bicyclus,Bicyclus_sangmelinae,Bicyclus sangmelinae,NA,NA,NA,NA,NA,NA,NA,NA,NA,NA,NA,NA,NA,NA,NA,NA,NA,NA,NA,NA,NA,NA,NA,NA,NA,NA,NA,NA,Closed canopy,NA,NA,NA,NA,NA,NA,NA,NA,NA,trait available
Lepidoptera,Nymphalidae,Caligo,Caligo_arisbe,Caligo arisbe,NA,NA,NA,NA,NA,13.9,NA,NA,NA,NA,NA,NA,NA,NA,NA,NA,NA,NA,NA,NA,NA,NA,NA,NA,NA,NA,NA,NA,NA,NA,NA,NA,NA,NA,NA,NA,NA,NA,trait available
Lepidoptera,Nymphalidae,Dasyophthalma,Dasyophthalma_creusa,Dasyophthalma creusa,NA,NA,NA,NA,NA,10,NA,NA,NA,NA,NA,NA,NA,NA,NA,NA,NA,NA,NA,NA,NA,NA,NA,NA,NA,NA,NA,NA,NA,NA,NA,NA,NA,NA,NA,NA,NA,NA,trait available
Lepidoptera,Nymphalidae,Euriphene,Euriphene_simplex,Euriphene simplex,NA,NA,NA,NA,NA,NA,NA,NA,NA,NA,NA,NA,NA,NA,NA,NA,NA,NA,NA,NA,NA,NA,NA,NA,NA,NA,NA,NA,Closed canopy,NA,NA,NA,NA,NA,NA,NA,NA,NA,trait available
Lepidoptera,Nymphalidae,Opoptera,Opoptera_syme,Opoptera syme,NA,NA,NA,NA,NA,9.6,NA,NA,NA,NA,NA,NA,NA,NA,NA,NA,NA,NA,NA,NA,NA,NA,NA,NA,NA,NA,NA,NA,NA,NA,NA,NA,NA,NA,NA,NA,NA,NA,trait available
Lepidoptera,Nymphalidae,Taygetis,Taygetis_ypthima,Taygetis ypthima,NA,NA,NA,NA,NA,7.6,NA,NA,NA,NA,NA,NA,NA,NA,NA,NA,NA,NA,NA,NA,NA,NA,NA,NA,NA,NA,NA,NA,NA,NA,NA,NA,NA,NA,NA,NA,NA,NA,trait available
