taxon,original_name,Species,status,Body_size_mm,Body_mass_g,Fos,Ter,Aqu,Arb,Leaves,Flowers,Seeds,Fruits,Arthro,Vert,Diu,Noc,Crepu,Dir,Lar,Viv,taxon_no_data
Anura,Adelphobates galactonotus,Adelphobates galactonotus,up_to_date,40.5,NA,0,1,0,0,0,0,0,0,1,0,1,0,0,0,1,0,trait available
Anura,Adenomera ajurauna,Adenomera ajurauna,up_to_date,19.03,NA,0,1,0,0,NA,NA,NA,NA,NA,NA,0,1,0,0,1,0,trait available
Anura,Adenomera andreae,Adenomera andreae,up_to_date,28,31,0,1,0,0,0,0,0,0,1,0,1,1,1,0,1,0,trait available
Anura,Adenomera hylaedactyla,Adenomera hylaedactyla,up_to_date,30,31,0,1,1,0,NA,NA,NA,NA,NA,NA,1,1,0,0,1,0,trait available
Anura,Adenomera marmorata,Adenomera marmorata,up_to_date,25,31,0,1,0,0,NA,NA,NA,NA,NA,NA,1,1,0,0,1,0,trait available
Anura,Agalychnis calcarifer,Cruziohyla calcarifer,updated,87,NA,0,0,0,1,NA,NA,NA,NA,NA,NA,1,1,0,0,1,0,trait available
Anura,Agalychnis callidryas,Agalychnis callidryas,up_to_date,77.2,12,0,1,1,1,NA,NA,NA,NA,NA,NA,0,1,0,0,1,0,trait available
Anura,Agalychnis saltator,Agalychnis saltator,up_to_date,66,47,0,1,0,1,NA,NA,NA,NA,NA,NA,1,1,0,0,1,0,trait available
Anura,Agalychnis sp. 1,Agalychnis sp. 1,morphospecies,70,NA,NA,NA,NA,1,NA,NA,NA,NA,NA,NA,NA,1,NA,0,1,0,trait available
Anura,Allobates marchesianus,Allobates marchesianus,up_to_date,18,NA,0,1,1,1,0,0,0,0,1,0,1,1,0,0,1,0,trait available
Anura,Anodonthyla nigrigularis,Anodonthyla nigrigularis,up_to_date,21.7,NA,0,1,0,1,0,0,0,0,1,0,NA,NA,NA,0,1,0,trait available
Anura,Aparasphenodon bokermanni,Nyctimantis bokermanni,updated,81,NA,0,1,1,1,NA,NA,NA,NA,NA,NA,0,1,0,0,1,0,trait available
Anura,Aplastodiscus leucopygius,Aplastodiscus leucopygius,up_to_date,45.1,4.4,0,1,1,1,NA,NA,NA,NA,NA,NA,0,1,0,0,1,0,trait available
Anura,Atelopus pulcher,Atelopus pulcher,up_to_date,35.1,NA,0,1,1,0,NA,NA,NA,NA,NA,NA,1,0,0,0,1,0,trait available
Anura,Boana albopunctata,Boana albopunctata,up_to_date,75,NA,0,0,0,1,1,0,0,0,1,0,0,1,0,0,1,0,trait available
Anura,Boana bischoffi,Boana bischoffi,up_to_date,69,NA,0,1,0,1,NA,NA,NA,NA,NA,NA,0,1,0,0,1,0,trait available
Anura,Bokermannohyla astartea,Bokermannohyla astartea,up_to_date,45,NA,0,1,1,1,NA,NA,NA,NA,NA,NA,0,1,0,0,1,0,trait available
Anura,Bokermannohyla circumdata,Bokermannohyla circumdata,up_to_date,71,NA,0,1,1,1,NA,NA,NA,NA,NA,NA,0,1,0,0,1,0,trait available
Anura,Bokermannohyla hylax,Bokermannohyla hylax,up_to_date,64,NA,0,1,1,1,NA,NA,NA,NA,NA,NA,0,1,0,0,1,0,trait available
Anura,Bokermannohyla izecksohni,Bokermannohyla izecksohni,up_to_date,50.8,NA,0,1,1,0,NA,NA,NA,NA,NA,NA,0,1,0,0,1,0,trait available
Anura,Bolitoglossa alberchi,Bolitoglossa alberchi,up_to_date,140.9,NA,0,1,1,0,NA,NA,NA,NA,NA,NA,NA,NA,NA,1,0,0,trait available
Anura,Bolitoglossa rufescens,Bolitoglossa rufescens,up_to_date,83,NA,0,1,0,1,0,0,0,0,1,0,NA,NA,NA,1,0,0,trait available
Anura,Boophis ankaratra,Boophis ankaratra,up_to_date,26,NA,0,0,0,1,NA,NA,NA,NA,NA,NA,0,1,0,0,1,0,trait available
Anura,Boophis cf. brachychir,Boophis brachychir,updated,71,NA,0,0,0,1,NA,NA,NA,NA,NA,NA,0,1,0,0,1,0,trait available
Anura,Boophis goudotii,Boophis goudotii,up_to_date,80,NA,0,1,0,1,NA,NA,NA,NA,NA,NA,0,1,0,0,1,0,trait available
Anura,Boophis luteus,Boophis luteus,up_to_date,60,NA,0,0,0,1,NA,NA,NA,NA,NA,NA,NA,NA,NA,0,1,0,trait available
Anura,Boophis madagascariensis,Boophis madagascariensis,up_to_date,80,NA,0,0,0,1,NA,NA,NA,NA,NA,NA,NA,NA,NA,0,1,0,trait available
Anura,Boophis microtympanum,Boophis microtympanum,up_to_date,42,NA,0,0,0,1,NA,NA,NA,NA,NA,NA,1,1,0,0,1,0,trait available
Anura,Boophis reticulatus,Boophis reticulatus,up_to_date,44,NA,0,0,0,1,NA,NA,NA,NA,NA,NA,1,0,0,0,1,0,trait available
Anura,Brachycephalus pitanga,Brachycephalus pitanga,up_to_date,14,NA,0,1,0,0,0,0,0,0,1,0,1,0,0,1,0,0,trait available
Anura,Bromeliohyla dendroscarta,Bromeliohyla dendroscarta,up_to_date,34.6,NA,0,0,1,1,NA,NA,NA,NA,NA,NA,NA,NA,NA,0,1,0,trait available
Anura,Bufo cristatus,Incilius cristatus,updated,101.3,60,0,1,0,0,0,0,0,0,1,0,0,1,1,0,1,0,trait available
Anura,Bufo haematiticus,Rhaebo haematiticus,updated,111.3,NA,0,1,1,0,0,0,0,0,1,0,1,1,0,0,1,0,trait available
Anura,Bufo melanochlorus,Incilius melanochlorus,updated,106.7,NA,0,1,0,0,NA,NA,NA,NA,NA,NA,1,0,0,0,1,0,trait available
Anura,Bufo typhonius,Rhinella margaritifera,updated,74,29.5,0,1,0,0,0,0,0,0,1,0,1,0,0,0,1,0,trait available
Anura,Bufo valliceps,Incilius valliceps,updated,125,60,0,1,0,0,NA,NA,NA,NA,NA,NA,1,0,0,0,1,0,trait available
Anura,Bufo vittatus,Sclerophrys vittata,updated,36,NA,0,1,0,0,NA,NA,NA,NA,NA,NA,NA,NA,NA,NA,NA,NA,trait available
Anura,Centrolenella albomaculata,Sachatamia albomaculata,updated,32,NA,0,1,1,1,0,0,0,0,1,0,0,1,0,0,1,0,trait available
Anura,Centrolenella prosoblepon,Espadarana prosoblepon,updated,31,NA,0,1,1,1,0,0,0,0,1,0,0,1,0,0,1,0,trait available
Anura,Centrolenella spinosa,Teratohyla spinosa,updated,28,NA,0,1,1,1,NA,NA,NA,NA,NA,NA,0,1,0,0,1,0,trait available
Anura,Ceratophrys cornuta,Ceratophrys cornuta,up_to_date,120,130,0,1,0,0,0,0,0,0,1,1,1,1,0,0,1,0,trait available
Anura,Chiasmocleis leucosticta,Chiasmocleis leucosticta,up_to_date,23.6,NA,0,1,0,0,0,0,0,0,1,0,1,1,0,0,1,0,trait available
Anura,Colosthetus stepheni,Anomaloglossus stepheni,up_to_date,18.24,NA,0,1,0,0,0,0,0,0,1,0,1,0,0,0,1,0,trait available
Anura,Craugastor alfredi,Craugastor alfredi,up_to_date,45,NA,0,1,1,0,NA,NA,NA,NA,NA,NA,0,1,0,1,0,0,trait available
Anura,Craugastor berkenbuschii,Craugastor berkenbuschii,up_to_date,83.2,NA,0,1,1,1,NA,NA,NA,NA,NA,NA,0,1,0,1,0,0,trait available
Anura,Craugastor loki,Craugastor loki,up_to_date,38,NA,0,1,1,0,NA,NA,NA,NA,NA,NA,NA,NA,NA,1,0,0,trait available
Anura,Crossodactylus caramaschii,Crossodactylus caramaschii,up_to_date,27.2,NA,0,1,1,0,NA,NA,NA,NA,NA,NA,1,0,0,0,1,0,trait available
Anura,Ctenophryne geayi,Ctenophryne geayi,up_to_date,54,NA,1,1,0,0,0,0,0,0,1,0,0,0,1,0,1,0,trait available
Anura,Cycloramphus acangatan,Cycloramphus acangatan,up_to_date,48.1,NA,0,1,0,0,NA,NA,NA,NA,NA,NA,0,1,0,0,1,0,trait available
Anura,Cycloramphus boraceiensis,Cycloramphus boraceiensis,up_to_date,59,NA,0,1,1,0,0,0,0,0,1,0,0,1,0,0,1,0,trait available
Anura,Cycloramphus eleutherodactylus,Cycloramphus eleutherodactylus,up_to_date,58.3,NA,0,1,0,0,NA,NA,NA,NA,NA,NA,0,1,0,0,1,0,trait available
Anura,Cycloramphus lutzorum,Cycloramphus lutzorum,up_to_date,58,NA,0,1,1,0,NA,NA,NA,NA,NA,NA,1,1,1,0,1,0,trait available
Anura,Dendrobates auratus,Dendrobates auratus,up_to_date,42,NA,0,1,1,0,0,0,0,0,1,0,1,0,0,0,1,0,trait available
Anura,Dendrobates pumilio,Oophaga pumilio,updated,25,NA,0,1,0,1,0,0,0,0,1,0,1,0,0,0,1,0,trait available
Anura,Dendrophryniscus brevipollicatus,Dendrophryniscus brevipollicatus,up_to_date,25,NA,0,1,0,1,NA,NA,NA,NA,NA,NA,1,1,0,0,1,0,trait available
Anura,Dendrophryniscus minutus,Amazophrynella minuta,updated,24,NA,0,1,1,0,0,0,0,0,1,0,1,0,0,0,1,0,trait available
Anura,Dendropsophus berthalutzae,Dendropsophus berthalutzae,up_to_date,24,NA,0,0,0,1,NA,NA,NA,NA,NA,NA,0,1,0,0,1,0,trait available
Anura,Dendropsophus elegans,Dendropsophus elegans,up_to_date,35.7,NA,0,0,0,1,NA,NA,NA,NA,NA,NA,0,1,0,0,1,0,trait available
Anura,Dendropsophus giesleri,Dendropsophus giesleri,up_to_date,35.9,NA,0,0,0,1,NA,NA,NA,NA,NA,NA,0,1,0,0,1,0,trait available
Anura,Dendropsophus leucophyllatus,Dendropsophus leucophyllatus,up_to_date,50,7.5,0,1,0,1,0,0,0,0,1,0,0,1,0,0,1,0,trait available
Anura,Dendropsophus melanargyreus,Dendropsophus melanargyreus,up_to_date,50,NA,0,0,0,1,0,0,0,0,1,0,NA,NA,NA,0,1,0,trait available
Anura,Dendropsophus microcephalus,Dendropsophus microcephalus,up_to_date,32,28,0,0,0,1,NA,NA,NA,NA,NA,NA,0,1,0,0,1,0,trait available
Anura,Dendropsophus microps,Dendropsophus microps,up_to_date,33,NA,0,0,0,1,NA,NA,NA,NA,NA,NA,0,1,0,0,1,0,trait available
Anura,Dendropsophus minutus,Dendropsophus minutus,up_to_date,27.6,NA,0,0,0,1,0,0,0,0,1,0,0,1,0,0,1,0,trait available
Anura,Dendropsophus sanborni,Dendropsophus sanborni,up_to_date,21.1,NA,0,0,0,1,0,0,0,0,1,0,0,1,0,0,1,0,trait available
Anura,Dendropsophus seniculus,Dendropsophus seniculus,up_to_date,43,NA,0,0,0,1,NA,NA,NA,NA,NA,NA,0,1,0,0,1,0,trait available
Anura,Dendropsophus walfordi,Dendropsophus walfordi,up_to_date,20,NA,0,0,1,1,NA,NA,NA,NA,NA,NA,0,1,0,0,1,0,trait available
Anura,Dendropsophus werneri,Dendropsophus werneri,up_to_date,23,0.4,0,0,0,1,NA,NA,NA,NA,NA,NA,0,1,0,0,1,0,trait available
Anura,Dermatonotus muelleri,Dermatonotus muelleri,up_to_date,74.15,NA,1,0,0,0,0,0,0,0,1,0,0,1,0,0,1,0,trait available
Anura,Elachistocleis cesarii,Elachistocleis cesarii,up_to_date,42.7,8.5,1,0,0,0,0,0,0,0,1,0,0,1,0,0,1,0,trait available
Anura,Eleutherodactylus bransfordii,Craugastor bransfordii,updated,30,NA,0,1,1,0,NA,NA,NA,NA,NA,NA,0,1,0,1,0,0,trait available
Anura,Eleutherodactylus cerasinus,Pristimantis cerasinus,updated,35,NA,0,1,0,1,NA,NA,NA,NA,NA,NA,1,0,0,1,0,0,trait available
Anura,Eleutherodactylus crassidigitus,Craugastor crassidigitus,updated,48,NA,0,1,1,0,NA,NA,NA,NA,NA,NA,0,1,0,1,0,0,trait available
Anura,Eleutherodactylus cruentus,Pristimantis cruentus,updated,42,NA,0,1,0,1,NA,NA,NA,NA,NA,NA,0,1,0,1,0,0,trait available
Anura,Eleutherodactylus cystignathoides,Eleutherodactylus cystignathoides,up_to_date,25.5,NA,0,1,0,1,NA,NA,NA,NA,NA,NA,1,1,1,1,0,0,trait available
Anura,Eleutherodactylus decoratus,Craugastor decoratus,updated,25,NA,0,1,1,0,NA,NA,NA,NA,NA,NA,NA,NA,NA,1,0,0,trait available
Anura,Eleutherodactylus diastema,Diasporus diastema,updated,25,NA,0,1,0,1,0,0,0,0,1,0,1,1,0,1,0,0,trait available
Anura,Eleutherodactylus fenestratus,Pristimantis fenestratus,updated,55,NA,0,1,0,1,0,0,0,0,1,0,1,1,0,1,0,0,trait available
Anura,Eleutherodactylus fitzingeri,Craugastor fitzingeri,updated,53,11,0,1,0,1,0,0,0,0,1,0,0,1,0,1,0,0,trait available
Anura,Eleutherodactylus megacephalus,Craugastor megacephalus,updated,70,NA,1,1,0,0,0,0,0,0,1,0,0,1,0,1,0,0,trait available
Anura,Eleutherodactylus mexicanus,Craugastor occidentalis,updated,28,NA,0,1,1,1,NA,NA,NA,NA,NA,NA,1,0,0,1,0,0,trait available
Anura,Eleutherodactylus mimus,Craugastor mimus,updated,58,NA,0,1,1,0,NA,NA,NA,NA,NA,NA,NA,NA,NA,1,0,0,trait available
Anura,Eleutherodactylus noblei,Craugastor noblei,updated,66,NA,0,1,1,0,NA,NA,NA,NA,NA,NA,0,1,0,1,0,0,trait available
Anura,Eleutherodactylus pygmaeus,Craugastor pygmaeus,updated,18,NA,0,1,1,0,NA,NA,NA,NA,NA,NA,1,0,0,1,0,0,trait available
Anura,Eleutherodactylus rhodopsis,Craugastor rhodopis,updated,40,NA,0,1,1,0,NA,NA,NA,NA,NA,NA,1,0,0,1,0,0,trait available
Anura,Eleutherodactylus ridens,Pristimantis ridens,updated,26.4,NA,0,1,0,1,NA,NA,NA,NA,NA,NA,0,1,0,1,0,0,trait available
Anura,Eleutherodactylus sp. 1,Eleutherodactylus sp. 1,morphospecies,NA,NA,0,1,0,0,NA,NA,NA,NA,NA,NA,0,1,NA,1,0,0,trait available
Anura,Eleutherodactylus spatulatus,Craugastor spatulatus,updated,42.8,NA,0,1,1,0,NA,NA,NA,NA,NA,NA,NA,NA,NA,1,0,0,trait available
Anura,Eleutherodactylus talamancae,Craugastor talamancae,updated,50,NA,0,1,0,1,NA,NA,NA,NA,NA,NA,0,1,0,1,0,0,trait available
Anura,Eleutherodactylus zimmermanae,Pristimantis zimmermanae,updated,25.8,NA,0,1,0,1,NA,NA,NA,NA,NA,NA,0,1,0,1,0,0,trait available
Anura,Fritziana fissilis,Fritziana fissilis,up_to_date,28,NA,0,0,0,1,NA,NA,NA,NA,NA,NA,0,1,0,0,1,0,trait available
Anura,Gastrophryne elegans,Gastrophryne elegans,up_to_date,38,NA,0,1,1,0,0,0,0,0,1,0,NA,NA,NA,0,1,0,trait available
Anura,Gastrophryne pictiventris,Hypopachus pictiventris,updated,38,NA,0,1,1,0,0,0,0,0,1,0,NA,NA,NA,0,1,0,trait available
Anura,Gastrophryne usta,Hypopachus ustus,updated,27,NA,1,1,1,0,0,0,0,0,1,0,NA,NA,NA,0,1,0,trait available
Anura,Haddadus binotatus,Haddadus binotatus,up_to_date,63.8,3.9,0,1,0,0,0,0,0,0,1,0,1,1,1,1,0,0,trait available
Anura,Hyalinobatrachium fleischmanni,Hyalinobatrachium fleischmanni,up_to_date,32,NA,0,0,0,1,0,0,0,0,1,0,0,1,0,0,1,0,trait available
Anura,Hyla arborescandens,Sarcohyla arborescandens,updated,51.6,NA,0,1,1,1,NA,NA,NA,NA,NA,NA,1,0,0,0,1,0,trait available
Anura,Hyla ebraccata,Dendropsophus ebraccatus,updated,37,NA,0,1,1,1,0,0,0,0,1,0,0,1,0,0,1,0,trait available
Anura,Hyla miotympanum,Rheohyla miotympanum,updated,51.6,NA,0,1,0,1,NA,NA,NA,NA,NA,NA,0,1,0,0,1,0,trait available
Anura,Hyla mixomaculata,Megastomatohyla mixomaculata,updated,36.6,NA,0,0,0,1,NA,NA,NA,NA,NA,NA,0,1,0,0,1,0,trait available
Anura,Hyla phlebodes,Dendropsophus phlebodes,updated,28,29,0,1,1,0,0,0,0,0,1,0,0,1,0,0,1,0,trait available
Anura,Hyla picta,Tlalocohyla picta,updated,31,NA,0,1,1,1,NA,NA,NA,NA,NA,NA,0,1,0,0,1,0,trait available
Anura,Hyla pulveratum,Teratohyla pulverata,updated,33,NA,0,0,1,1,NA,NA,NA,NA,NA,NA,0,1,0,0,1,0,trait available
Anura,Hyla rufitela,Boana rufitela,updated,55,55,0,1,0,1,NA,NA,NA,NA,NA,NA,0,1,0,0,1,0,trait available
Anura,Hyla sp. 1,Hyla sp. 1,morphospecies,NA,NA,0,0,0,1,NA,NA,NA,NA,NA,NA,0,1,NA,0,1,0,trait available
Anura,Hyla taeniopus,Charadrahyla taeniopus,updated,70,NA,0,1,1,1,NA,NA,NA,NA,NA,NA,0,1,0,0,1,0,trait available
Anura,Hyla valerioi,Hyalinobatrachium valerioi,updated,26,NA,0,1,1,1,NA,NA,NA,NA,NA,NA,0,1,0,0,1,0,trait available
Anura,Hylodes asper,Hylodes asper,up_to_date,47,NA,0,1,1,0,NA,NA,NA,NA,NA,NA,1,0,0,0,1,0,trait available
Anura,Hylodes dactylocinus,Hylodes dactylocinus,up_to_date,31,NA,0,1,1,0,NA,NA,NA,NA,NA,NA,1,0,0,0,1,0,trait available
Anura,Hylodes phyllodes,Hylodes phyllodes,up_to_date,32.2,NA,0,1,1,0,0,0,0,0,1,0,1,0,0,0,1,0,trait available
Anura,Hylodes sazimai,Hylodes sazimai,up_to_date,30.3,NA,0,1,1,0,NA,NA,NA,NA,NA,NA,1,0,0,0,1,0,trait available
Anura,Hypsiboas albomarginatus,Boana albomarginata,updated,58,NA,0,0,0,1,NA,NA,NA,NA,NA,NA,0,1,0,0,1,0,trait available
Anura,Hypsiboas bandeirantes,Boana bandeirantes,updated,31,NA,0,0,0,1,NA,NA,NA,NA,NA,NA,1,0,1,0,1,0,trait available
Anura,Hypsiboas caipora,Boana caipora,updated,44.3,NA,0,0,0,1,NA,NA,NA,NA,NA,NA,0,1,0,0,1,0,trait available
Anura,Hypsiboas faber,Boana faber,updated,104,95,0,1,1,1,0,0,0,0,1,0,0,1,1,0,1,0,trait available
Anura,Hypsiboas pardalis,Boana pardalis,updated,68,NA,0,1,1,1,NA,NA,NA,NA,NA,NA,0,1,0,0,1,0,trait available
Anura,Hypsiboas pulchellus,Boana pulchella,updated,45,NA,0,1,0,1,NA,NA,NA,NA,NA,NA,0,1,0,0,1,0,trait available
Anura,Hypsiboas raniceps,Boana raniceps,updated,82,22.5,0,0,0,1,NA,NA,NA,NA,NA,NA,0,1,0,0,1,0,trait available
Anura,Hypsiboas semilineatus,Boana semilineata,updated,56,NA,0,0,0,1,0,0,0,0,1,1,0,1,0,0,1,0,trait available
Anura,Hypsiboas wavrini,Boana wavrini,updated,113,NA,NA,1,1,1,0,0,0,0,1,0,0,1,0,0,1,0,trait available
Anura,Incilius cavifrons,Incilius cavifrons,up_to_date,88.2,NA,0,1,0,0,NA,NA,NA,NA,NA,NA,NA,NA,NA,0,1,0,trait available
Anura,Ischnocnema guentheri,Ischnocnema guentheri,up_to_date,40,1.1,0,1,0,0,NA,NA,NA,NA,NA,NA,0,1,1,1,0,0,trait available
Anura,Ischnocnema henselii,Ischnocnema henselii,up_to_date,36,NA,0,1,0,0,NA,NA,NA,NA,NA,NA,0,1,0,1,0,0,trait available
Anura,Ischnocnema parva,Ischnocnema parva,up_to_date,25.5,19,0,1,0,0,1,0,0,0,1,0,1,1,1,1,0,0,trait available
Anura,Itapotihyla langsdorffii,Itapotihyla langsdorffii,up_to_date,112,NA,0,0,0,1,0,0,0,0,1,1,0,1,0,0,1,0,trait available
Anura,Leptodactylus flavopictus,Leptodactylus flavopictus,up_to_date,134.9,NA,NA,1,0,0,NA,NA,NA,NA,NA,NA,0,1,0,0,1,0,trait available
Anura,Leptodactylus furnarius,Leptodactylus furnarius,up_to_date,44,NA,1,1,0,0,NA,NA,NA,NA,NA,NA,1,1,1,0,1,0,trait available
Anura,Leptodactylus fuscus,Leptodactylus fuscus,up_to_date,46,50,0,1,1,0,NA,NA,NA,NA,NA,NA,1,1,1,0,1,0,trait available
Anura,Leptodactylus labialis,Leptodactylus mystacinus,updated,65,15.3,1,1,1,0,0,0,0,0,1,0,1,1,0,0,1,0,trait available
Anura,Leptodactylus labyrinthicus,Leptodactylus labyrinthicus,up_to_date,158.5,561,0,1,1,0,0,0,0,0,1,1,0,1,1,0,1,0,trait available
Anura,Leptodactylus latrans,Leptodactylus latrans,up_to_date,120,113.4,0,1,1,0,0,0,0,0,1,1,1,1,0,0,1,0,trait available
Anura,Leptodactylus lineatus,Lithodytes lineatus,updated,56,12.5,0,1,0,0,0,0,0,0,1,0,1,1,0,0,1,0,trait available
Anura,Leptodactylus macrosternum,Leptodactylus macrosternum,up_to_date,80,161,0,1,1,0,0,0,0,0,1,0,0,1,1,0,1,0,trait available
Anura,Leptodactylus mystaceus,Leptodactylus mystaceus,up_to_date,60,NA,0,1,0,0,0,0,0,0,1,0,1,1,0,0,1,0,trait available
Anura,Leptodactylus natalensis,Leptodactylus natalensis,up_to_date,52,10,0,1,1,0,0,0,0,0,1,1,0,1,0,0,1,0,trait available
Anura,Leptodactylus notoaktites,Leptodactylus notoaktites,up_to_date,50,10.7,0,1,1,0,NA,NA,NA,NA,NA,NA,1,0,0,0,1,0,trait available
Anura,Leptodactylus pentadactylus,Leptodactylus pentadactylus,up_to_date,185,415,0,1,1,0,1,0,0,0,1,1,0,1,0,0,1,0,trait available
Anura,Leptodactylus petersii,Leptodactylus petersii,up_to_date,51,4.2,0,1,1,0,0,0,0,0,1,0,1,1,0,0,1,0,trait available
Anura,Leptodactylus plaumanni,Leptodactylus plaumanni,up_to_date,46,NA,1,1,1,0,0,0,0,0,1,0,1,0,0,0,1,0,trait available
Anura,Leptodactylus pustulatus,Leptodactylus pustulatus,up_to_date,40,NA,0,1,1,0,NA,NA,NA,NA,NA,NA,1,0,0,0,1,0,trait available
Anura,Leptodactylus rhodomystax,Leptodactylus rhodomystax,up_to_date,90,NA,0,1,1,0,0,0,0,0,1,0,0,1,0,0,1,0,trait available
Anura,Leptodactylus troglodytes,Leptodactylus troglodytes,up_to_date,53.6,11,1,1,1,0,0,0,0,0,1,0,0,1,1,0,1,0,trait available
Anura,Leptodactylus vastus,Leptodactylus vastus,up_to_date,250,1000,0,1,1,0,0,0,0,0,1,1,1,0,0,0,1,0,trait available
Anura,Lithobates brownorum,Lithobates brownorum,up_to_date,78,NA,0,1,0,0,NA,NA,NA,NA,NA,NA,NA,NA,NA,0,1,0,trait available
Anura,Lithobates vaillanti,Lithobates vaillanti,up_to_date,125,125,0,1,1,0,0,0,0,0,1,1,1,1,0,0,1,0,trait available
Anura,Mantidactylus aglavei,Spinomantis aglavei,updated,51,NA,0,0,0,1,NA,NA,NA,NA,NA,NA,0,1,0,0,1,0,trait available
Anura,Mantidactylus albofrenatus,Mantidactylus albofrenatus,up_to_date,28,NA,0,1,1,0,NA,NA,NA,NA,NA,NA,1,0,0,0,1,0,trait available
Anura,Mantidactylus betsileanus,Mantidactylus betsileanus,up_to_date,35,NA,0,1,1,0,0,0,0,0,1,0,1,1,0,0,1,0,trait available
Anura,Mantidactylus biporus,Mantidactylus biporus,up_to_date,34,NA,0,1,1,0,NA,NA,NA,NA,NA,NA,1,0,0,0,1,0,trait available
Anura,Mantidactylus brevipalmatus,Mantidactylus brevipalmatus,up_to_date,45,NA,0,1,1,0,NA,NA,NA,NA,NA,NA,1,0,1,0,1,0,trait available
Anura,Mantidactylus cf. wittei,Blommersia wittei,updated,27,NA,0,1,0,1,NA,NA,NA,NA,NA,NA,1,1,0,0,1,0,trait available
Anura,Mantidactylus cornutus,Gephyromantis cornutus,updated,40,NA,0,1,0,1,0,0,0,0,1,0,NA,NA,NA,NA,NA,NA,trait available
Anura,Mantidactylus curtus,Mantidactylus curtus,up_to_date,43,NA,0,1,1,0,NA,NA,NA,NA,NA,NA,1,0,1,0,1,0,trait available
Anura,Mantidactylus femoralis,Mantidactylus femoralis,up_to_date,55,NA,0,1,1,0,0,0,0,0,1,1,1,0,1,0,1,0,trait available
Anura,Mantidactylus grandidieri,Mantidactylus grandidieri,up_to_date,108,NA,0,1,1,0,NA,NA,NA,NA,NA,NA,0,1,0,0,1,0,trait available
Anura,Mantidactylus liber,Guibemantis liber,updated,29,NA,0,0,0,1,0,0,0,0,1,0,0,1,0,0,1,0,trait available
Anura,Mantidactylus malagasius,Gephyromantis malagasius,updated,26,NA,0,1,0,0,NA,NA,NA,NA,NA,NA,NA,NA,NA,1,0,0,trait available
Anura,Mantidactylus mocquardi,Mantidactylus mocquardi,updated,67,NA,0,1,1,0,NA,NA,NA,NA,NA,NA,NA,NA,NA,0,1,0,trait available
Anura,Mantidactylus opiparis,Mantidactylus opiparis,up_to_date,33,NA,0,1,1,1,NA,NA,NA,NA,NA,NA,1,0,0,0,1,0,trait available
Anura,Mantidactylus peraccae,Spinomantis peraccae,updated,44.3,NA,0,0,0,1,NA,NA,NA,NA,NA,NA,0,1,0,0,1,0,trait available
Anura,Megaelosia boticariana,Phantasmarana boticariana,updated,99,NA,0,1,1,0,NA,NA,NA,NA,NA,NA,1,0,0,0,1,0,trait available
Anura,Myersiella microps,Myersiella microps,up_to_date,40,NA,1,0,0,0,0,0,0,0,1,0,0,1,1,1,0,0,trait available
Anura,Osteocephalus taurinus,Osteocephalus taurinus,up_to_date,103.9,50,0,1,1,1,0,0,0,0,1,0,0,1,0,0,1,0,trait available
Anura,Paratelmatobius cardosoi,Paratelmatobius cardosoi,up_to_date,17.9,NA,0,1,1,0,NA,NA,NA,NA,NA,NA,0,1,0,0,1,0,trait available
Anura,Paratelmatobius gaigeae,Paratelmatobius gaigeae,up_to_date,20,NA,0,1,1,0,NA,NA,NA,NA,NA,NA,0,1,0,0,1,0,trait available
Anura,Phrynomedusa dryade,Phrynomedusa dryade,up_to_date,36.1,NA,0,0,0,1,NA,NA,NA,NA,NA,NA,1,0,1,0,1,0,trait available
Anura,Phyllomedusa bicolor,Phyllomedusa bicolor,up_to_date,135,NA,0,0,0,1,NA,NA,NA,NA,NA,NA,0,1,0,0,1,0,trait available
Anura,Phyllomedusa distincta,Phyllomedusa distincta,up_to_date,70,NA,0,0,0,1,NA,NA,NA,NA,NA,NA,0,1,0,0,1,0,trait available
Anura,Phyllomedusa hypochondrialis,Pithecopus hypochondrialis,updated,46,4.8,0,0,0,1,1,0,0,0,1,1,0,1,0,0,1,0,trait available
Anura,Physalaemus atlanticus,Physalaemus atlanticus,up_to_date,26.8,NA,0,1,1,0,NA,NA,NA,NA,NA,NA,0,1,1,0,1,0,trait available
Anura,Physalaemus bokermanni,Physalaemus bokermanni,up_to_date,19.46,NA,0,1,1,0,NA,NA,NA,NA,NA,NA,0,1,0,0,1,0,trait available
Anura,Physalaemus cuvieri,Physalaemus cuvieri,up_to_date,36.5,4.7,0,1,1,0,0,0,0,0,1,0,0,1,1,0,1,0,trait available
Anura,Physalaemus ephippifer,Physalaemus ephippifer,up_to_date,29,NA,0,1,1,0,NA,NA,NA,NA,NA,NA,0,1,0,0,1,0,trait available
Anura,Physalaemus kroyeri,Physalaemus kroyeri,up_to_date,35,NA,0,1,1,0,0,0,0,0,1,0,0,1,1,0,1,0,trait available
Anura,Physalaemus lateristriga,Physalaemus lateristriga,up_to_date,40.3,NA,0,1,1,0,NA,NA,NA,NA,NA,NA,0,1,0,0,1,0,trait available
Anura,Physalaemus olfersii,Physalaemus olfersii,up_to_date,41,3.8,0,1,1,0,NA,NA,NA,NA,NA,NA,0,1,0,0,1,0,trait available
Anura,Physalaemus sp.,Physalaemus sp.,morphospecies,28,NA,NA,1,1,NA,NA,NA,NA,NA,NA,NA,0,1,NA,0,1,0,trait available
Anura,Physalaemus spiniger,Physalaemus spiniger,up_to_date,22.7,1,0,1,0,0,NA,NA,NA,NA,NA,NA,1,1,0,0,1,0,trait available
Anura,Platypelis grandis,Cophyla grandis,updated,88,NA,0,0,0,1,0,0,0,0,1,0,NA,NA,NA,0,1,0,trait available
Anura,Platypelis pollicaris,Cophyla pollicaris,updated,28,NA,0,1,0,1,0,0,0,0,1,0,0,1,0,0,1,0,trait available
Anura,Plethodontohyla alluaudi,Plethodontohyla alluaudi,up_to_date,47.4,NA,1,1,0,0,0,0,0,0,1,0,1,1,1,0,1,0,trait available
Anura,Plethodontohyla notosticta,Plethodontohyla notosticta,up_to_date,42,NA,0,1,1,1,0,0,0,0,1,0,NA,1,1,0,1,0,trait available
Anura,Pleurodema diplolister,Pleurodema diplolister,up_to_date,20,NA,1,1,0,0,NA,NA,NA,NA,NA,NA,0,1,0,0,1,0,trait available
Anura,Pristimantis fenestratus,Pristimantis fenestratus,up_to_date,55,NA,0,1,0,1,0,0,0,0,1,0,1,1,0,1,0,0,trait available
Anura,Proceratophrys boiei,Proceratophrys boiei,up_to_date,74.3,9.5,0,1,1,0,0,0,0,0,1,0,0,1,0,0,1,0,trait available
Anura,Proceratophrys concavitympanum,Proceratophrys concavitympanum,up_to_date,59,NA,0,1,1,0,NA,NA,NA,NA,NA,NA,0,1,0,0,1,0,trait available
Anura,Proceratophrys melanopogon,Proceratophrys melanopogon,up_to_date,65.8,NA,0,1,1,0,NA,NA,NA,NA,NA,NA,0,1,0,0,1,0,trait available
Anura,Pseudoeurycea orchimelas,Pseudoeurycea orchimelas,up_to_date,134,NA,1,1,1,0,NA,NA,NA,NA,NA,NA,NA,NA,NA,1,0,0,trait available
Anura,Pseudopaludicola sp.,Pseudopaludicola sp.,morphospecies,NA,NA,NA,NA,NA,NA,NA,NA,NA,NA,NA,NA,NA,1,NA,0,1,0,trait available
Anura,Rana berlandieri,Lithobates berlandieri,updated,120,NA,0,1,1,0,0,0,0,0,1,1,NA,NA,NA,0,1,0,trait available
Anura,Rana warszewitschii,Lithobates warszewitschii,updated,80,NA,0,1,1,0,NA,NA,NA,NA,NA,NA,1,1,0,0,1,0,trait available
Anura,Rhinella hoogmoedi,Rhinella hoogmoedi,up_to_date,42,60,0,1,0,0,0,0,0,0,1,0,0,1,0,0,1,0,trait available
Anura,Rhinella icterica,Rhinella icterica,up_to_date,190,120,0,1,0,0,0,0,0,0,1,0,1,0,0,0,1,0,trait available
Anura,Rhinella jimi,Rhinella diptycha,updated,250,210,NA,1,1,0,0,0,0,0,1,0,0,1,0,0,1,0,trait available
Anura,Rhinella marina,Rhinella marina,up_to_date,241,106.25,NA,0,1,0,0,0,0,0,1,1,1,1,0,0,1,0,trait available
Anura,Rhinella ornata,Rhinella ornata,up_to_date,84.29,12.1,0,1,0,0,0,0,0,0,1,0,1,1,0,0,1,0,trait available
Anura,Scinax argyreornatus,Scinax argyreornatus,up_to_date,23,1.2,0,0,0,1,0,0,0,0,1,0,1,1,0,0,1,0,trait available
Anura,Scinax boesemani,Scinax boesemani,up_to_date,40,NA,0,1,0,1,NA,NA,NA,NA,NA,NA,0,1,0,0,1,0,trait available
Anura,Scinax crospedospilus,Scinax crospedospilus,up_to_date,37.6,NA,0,1,0,1,NA,NA,NA,NA,NA,NA,0,1,0,0,1,0,trait available
Anura,Scinax fuscovarius,Scinax fuscovarius,up_to_date,55.3,17.6,0,1,1,1,0,0,0,0,1,0,0,1,0,0,1,0,trait available
Anura,Scinax hayii,Scinax hayii,up_to_date,53,NA,0,1,1,1,NA,NA,NA,NA,NA,NA,0,1,0,0,1,0,trait available
Anura,Scinax imbegue,Scinax imbegue,up_to_date,32,NA,0,0,0,1,NA,NA,NA,NA,NA,NA,0,1,0,0,1,0,trait available
Anura,Scinax littoralis,Scinax littoralis,up_to_date,39.9,NA,0,1,0,1,NA,NA,NA,NA,NA,NA,0,1,1,0,1,0,trait available
Anura,Scinax nebulosus,Scinax nebulosus,up_to_date,40,NA,0,1,1,1,NA,NA,NA,NA,NA,NA,0,1,0,0,1,0,trait available
Anura,Scinax obtriangulatus,Scinax obtriangulatus,up_to_date,39,NA,0,1,0,1,NA,NA,NA,NA,NA,NA,0,1,0,0,1,0,trait available
Anura,Scinax perereca,Scinax perereca,up_to_date,42.2,NA,0,1,1,1,NA,NA,NA,NA,NA,NA,0,1,0,0,1,0,trait available
Anura,Scinax perpusillus,Scinax perpusillus,up_to_date,25,NA,0,1,0,1,NA,NA,NA,NA,NA,NA,0,1,1,0,1,0,trait available
Anura,Scinax rizibilis,Scinax rizibilis,up_to_date,34,NA,0,0,0,1,NA,NA,NA,NA,NA,NA,1,1,1,0,1,0,trait available
Anura,Scinax ruber,Scinax ruber,up_to_date,45,4.5,0,1,NA,1,0,0,0,0,1,0,0,1,0,0,1,0,trait available
Anura,Scinax staufferi,Scinax staufferi,up_to_date,32,29,0,1,1,1,NA,NA,NA,NA,NA,NA,0,1,0,0,1,0,trait available
Anura,Scinax tymbamirim,Scinax tymbamirim,up_to_date,26,NA,0,0,0,1,NA,NA,NA,NA,NA,NA,0,1,0,0,1,0,trait available
Anura,Scinax x-signatus,Scinax x-signatus,updated,48,NA,0,1,1,1,NA,NA,NA,NA,NA,NA,0,1,0,0,1,0,trait available
Anura,Smilisca baudinii,Smilisca baudinii,up_to_date,90,NA,0,0,0,1,NA,NA,NA,NA,NA,NA,0,1,0,0,1,0,trait available
Anura,Smilisca boulengeri,Scinax boulengeri,up_to_date,53,4.5,0,1,1,1,0,0,0,0,1,0,0,1,1,0,1,0,trait available
Anura,Smilisca cyanosticta,Smilisca cyanosticta,up_to_date,70,NA,0,1,1,1,NA,NA,NA,NA,NA,NA,1,1,0,0,1,0,trait available
Anura,Smilisca elaeochroa,Scinax elaeochroa,up_to_date,40.3,NA,0,1,1,1,NA,NA,NA,NA,NA,NA,0,1,0,0,1,0,trait available
Anura,Smilisca phaeota,Smilisca phaeota,up_to_date,81,NA,0,1,1,1,0,0,0,0,1,0,0,1,0,0,1,0,trait available
Anura,Smilisca puma,Smilisca puma,up_to_date,46,NA,0,1,1,1,NA,NA,NA,NA,NA,NA,0,1,0,0,1,0,trait available
Anura,Smilisca sordida,Smilisca sordida,up_to_date,64,NA,0,1,1,1,NA,NA,NA,NA,NA,NA,1,1,0,0,1,0,trait available
Anura,Sphaenorhynchus caramaschii,Sphaenorhynchus caramaschii,up_to_date,29.3,NA,0,0,1,1,NA,NA,NA,NA,NA,NA,0,1,0,0,1,0,trait available
Anura,Stumpffia sp. a,Stumpffia sp. a,morphospecies,12,NA,NA,NA,NA,NA,NA,NA,NA,NA,NA,NA,NA,NA,NA,0,1,0,trait available
Anura,Synapturanus sp.,Synapturanus sp.,morphospecies,28,NA,NA,NA,NA,NA,NA,NA,NA,NA,NA,NA,NA,NA,NA,0,1,0,trait available
Anura,Thoropa taophora,Thoropa taophora,up_to_date,102.1,NA,0,1,1,0,0,0,0,0,1,0,1,1,0,0,1,0,trait available
Anura,Trachycephalus imitatrix,Trachycephalus imitatrix,up_to_date,71,NA,0,1,0,1,NA,NA,NA,NA,NA,NA,0,1,0,0,1,0,trait available
Anura,Trachycephalus lepidus,Trachycephalus lepidus,up_to_date,58.7,NA,0,0,0,1,NA,NA,NA,NA,NA,NA,0,1,0,0,1,0,trait available
Anura,Trachycephalus mesophaeus,Trachycephalus mesophaeus,up_to_date,80.5,NA,0,0,0,1,0,0,0,0,1,0,0,1,0,0,1,0,trait available
Anura,Vitreorana uranoscopa,Vitreorana uranoscopa,up_to_date,27,NA,0,0,0,1,NA,NA,NA,NA,NA,NA,0,1,0,0,1,0,trait available
Anura,Agalychnis festiva,Agalychnis festiva sp,morphospecies,NA,NA,NA,NA,NA,NA,NA,NA,NA,NA,NA,NA,NA,NA,NA,NA,NA,NA,no data
Anura,Anura sp. 1,Anura sp. 1,morphospecies,NA,NA,NA,NA,NA,NA,NA,NA,NA,NA,NA,NA,NA,NA,NA,NA,NA,NA,no data
Anura,Bufo plumifrons,Bufo plumifrons sp,morphospecies,NA,NA,NA,NA,NA,NA,NA,NA,NA,NA,NA,NA,NA,NA,NA,NA,NA,NA,no data
Anura,Bufo striatula,Bufo striatula sp,morphospecies,NA,NA,NA,NA,NA,NA,NA,NA,NA,NA,NA,NA,NA,NA,NA,NA,NA,NA,no data
Anura,Centrolenella cristatus,Centrolenella cristatus sp,morphospecies,NA,NA,NA,NA,NA,NA,NA,NA,NA,NA,NA,NA,NA,NA,NA,NA,NA,NA,no data
Anura,Unidentified frog,Unidentified frog,morphospecies,NA,NA,NA,NA,NA,NA,NA,NA,NA,NA,NA,NA,NA,NA,NA,NA,NA,NA,no data
