taxon,scientific_name,Family,Subfamily,body_size_female (mm),N_body_size_female,body_size_male (mm),N_body_size_male,forewing_length_females (mm),N_forewing_length_females,forewing_length_males (mm),N_forewing_length_males,trophic level / diet,reproductive mode,foraging strata / habitat,References,OBS
Hymenoptera,Aclastus sp. 01,Ichneumonidae,Phygadeuontinae,2.4-2.6 [1]; 3-4 [9],12 [1]; 4 [9],3 [7] ; 3.5 [8],1 [7]; 1 [8],2.5 [1]; ,7 [1],3.8 [6],1 [6],spider eggs sacs of the family Linyphiidae [2; 3; 4] and Amaurobiidae [5],idiobiont solitary parasitoids  [1],Eucalyptus plantation [1];  2100-2200 m [6]; species favour damp habitats [10],"1. Bordera, S. & Mazon, M. (2015) Description of a new species of Aclastus Förster (Hymenoptera: Ichneumonidae: Cryptinae) from the Peruvian Andes, with dimorphic females. Zootaxa, 3955(3): 340-348. http://dx.doi.org/10.11646/zootaxa.3955.3.3",
Hymenoptera,Aclastus sp. 02,Ichneumonidae,Phygadeuontinae,2.4-2.6 [1]; 3-4 [9],12 [1]; 4 [9],3 [7] ; 3.5 [8],1 [7]; 1 [8],2.5 [1]; ,7 [1],3.8 [6],1 [6],spider eggs sacs of the family Linyphiidae [2; 3; 4] and Amaurobiidae [5],idiobiont solitary parasitoids  [1],,"2. Wingerden, W.K.R.E. (1973) Dynamik einer Population von Erigone arctica White (Araneae, Micryphantidae). Prozesse der Natalität. Faunistisch-Ökologische Mitteilungen, 4(5): 207-222.",
Hymenoptera,Aclastus sp. 03,Ichneumonidae,Phygadeuontinae,2.4-2.6 [1]; 3-4 [9],12 [1]; 4 [9],3 [7] ; 3.5 [8],1 [7]; 1 [8],2.5 [1]; ,7 [1],3.8 [6],1 [6],spider eggs sacs of the family Linyphiidae [2; 3; 4] and Amaurobiidae [5],idiobiont solitary parasitoids  [1],,"3. Horstmann, K. (1980) Revision der europäischen Arten der Gattung Aclastus Förster. Polskie Pismo Entomologiczne, 50: 133-158.",
Hymenoptera,Amblyaclastus sp.,Ichneumonidae,Phygadeuontinae,3 [11],1 [11],NA,NA,2.65 [11],1 [11],NA,NA,unknown [10],unknown [10],"forest, fragment [86]","4. Finch, O.D. (2005) The parasitoid complex and parasitoid-induced mortality of spiders (Araneae) in a central European woodland. Journal of Natural History, 39(25): 2339-2354. http://dx.doi.org/10.1080/00222930500101720",Na diagnose do gênero o tamanho da asa anterior é dado como 3-5 mm.  Foram analisadas 6 fêmeas e 4 machos. Gauld (1984) não especifica o tamanho para cada sexo  [10]
Hymenoptera,Aucklandella sp. 03,Ichneumonidae,Ichneumoninae,9-10 [13]; 8.48-9.54 [14]; 4.7-9.57 [15],não informado [13] [14]; 2 [15],8-11 [13],não informado [13],3.5-8.54 [15],2 [15],NA,NA,parasitoid of Lepidoptera: Izatha attactella (Oecophoridae) and Pseudocoremia suavis (Geometridae) [12],NA,"forest, fragment [86]","5. Schwarz, M. & Shaw, M.R. (2000) Western Palaearctic Cryptinae (Hymenoptera: Ichneumonidae) in the National Museums of Scotland, with nomenclatural changes, taxonomic notes, rearing records and special reference to the British check list. Part 3. Tribe Phygadeuontini, subtribea Chiroticina, Acrolytina, Hemitelina and Gelina (excluding Gelis), with descriptions of new species. Entomologist's Gazette, 51: 147-186.",
Hymenoptera,Aucklandella sp. 04,Ichneumonidae,Ichneumoninae,9-10 [13]; 8.48-9.54 [14]; 4.7-9.57 [15],não informado [13] [14]; 2 [15],8-11 [13],não informado [13],3.5-8.54 [15],2 [15],NA,NA,parasitoid of Lepidoptera: Izatha attactella (Oecophoridae) and Pseudocoremia suavis (Geometridae) [12],NA,"forest, fragment [86]","6. Rossem, G. (1990) Key to the Genera of the Palaearctic Oxytorinae, with the Description of Three New Genera (Hymenoptera: Ichneumonidae). Zoologische Mededelingen, 63(23): 309-323.",
Hymenoptera,Aucklandella sp. 05,Ichneumonidae,Ichneumoninae,9-10 [13]; 8.48-9.54 [14]; 4.7-9.57 [15],não informado [13] [14]; 2 [15],8-11 [13],não informado [13],3.5-8.54 [15],2 [15],NA,NA,parasitoid of Lepidoptera: Izatha attactella (Oecophoridae) and Pseudocoremia suavis (Geometridae) [12],NA,"forest, fragment [86]","7. Davis, G.C. (1897) A Review of the Ichneumonid Subfamily Tryphoninae. Transactions of the American Entomological Society, 24: 193-348.",
Hymenoptera,Aucklandella sp. 06,Ichneumonidae,Ichneumoninae,9-10 [13]; 8.48-9.54 [14]; 4.7-9.57 [15],não informado [13] [14]; 2 [15],8-11 [13],não informado [13],3.5-8.54 [15],2 [15],NA,NA,parasitoid of Lepidoptera: Izatha attactella (Oecophoridae) and Pseudocoremia suavis (Geometridae) [12],NA,"forest, fragment [86]","8. Ashmead, W.H. (1902) Papers from the Harriman Alaska Expedition XXVIII. Hymenoptera. Proceedings of the Washington Academy of Science, 4: 117-268.",
Hymenoptera,Aucklandella sp. 07,Ichneumonidae,Ichneumoninae,9-10 [13]; 8.48-9.54 [14]; 4.7-9.57 [15],não informado [13] [14]; 2 [15],8-11 [13],não informado [13],3.5-8.54 [15],2 [15],NA,NA,parasitoid of Lepidoptera: Izatha attactella (Oecophoridae) and Pseudocoremia suavis (Geometridae) [12],NA,"forest, fragment [86]","9. Graham, M.W.R.V. (1988) Madeira Atlantic, a revised list of Ichneumonidae (Hymenoptera) with additions: description of a new species of Aclastus Förster and of the hitherto unknown female of Dichrogaster madeirae Roman. Boletim do Museu Municipal do Funchal, 40: 5-44.",
Hymenoptera,Aucklandella sp. 09,Ichneumonidae,Ichneumoninae,9-10 [13]; 8.48-9.54 [14]; 4.7-9.57 [15],não informado [13] [14]; 2 [15],8-11 [13],não informado [13],3.5-8.54 [15],2 [15],NA,NA,parasitoid of Lepidoptera: Izatha attactella (Oecophoridae) and Pseudocoremia suavis (Geometridae) [12],NA,"forest, fragment [86]","10. Gauld, I.D. (1984) An introduction to the Ichneumonidae of Australia. British Museum (Natural History). The Chameleon Press Ltda. Cromwell Road, London, Great Britain. 413 pp.",
Hymenoptera,Aucklandella sp. 11,Ichneumonidae,Ichneumoninae,9-10 [13]; 8.48-9.54 [14]; 4.7-9.57 [15],não informado [13] [14]; 2 [15],8-11 [13],não informado [13],3.5-8.54 [15],2 [15],NA,NA,parasitoid of Lepidoptera: Izatha attactella (Oecophoridae) and Pseudocoremia suavis (Geometridae) [12],NA,"forest, fragment [86]",11. Auckland Museum (https://www.aucklandmuseum.com/collection/object/am_naturalsciences-object-824027) [Access on 19/04/2022],
Hymenoptera,Aucklandella sp. 12,Ichneumonidae,Ichneumoninae,9-10 [13]; 8.48-9.54 [14]; 4.7-9.57 [15],não informado [13] [14]; 2 [15],8-11 [13],não informado [13],3.5-8.54 [15],2 [15],NA,NA,parasitoid of Lepidoptera: Izatha attactella (Oecophoridae) and Pseudocoremia suavis (Geometridae) [12],NA,"forest, fragment [86]","12. Valentine, E.W. & Walker, A.K. (1991) Annotated catalogue of New Zealand Hymenoptera. Department of Scientific and Industrial Research, Auckland, New Zealand. 84pp.",
Hymenoptera,Aucklandella sp. 13,Ichneumonidae,Ichneumoninae,9-10 [13]; 8.48-9.54 [14]; 4.7-9.57 [15],não informado [13] [14]; 2 [15],8-11 [13],não informado [13],3.5-8.54 [15],2 [15],NA,NA,parasitoid of Lepidoptera: Izatha attactella (Oecophoridae) and Pseudocoremia suavis (Geometridae) [12],NA,"forest, fragment [86]","13. Cameron, P. (1901) On a collection of Hymenoptera made in the neighbourhood of Wellington by Mr. G.V. Hudson, with descriptions of new genera and species. Transactions of the New Zealand Institute, 33: 104-120.",
Hymenoptera,Aucklandella sp. 15,Ichneumonidae,Ichneumoninae,9-10 [13]; 8.48-9.54 [14]; 4.7-9.57 [15],não informado [13] [14]; 2 [15],8-11 [13],não informado [13],3.5-8.54 [15],2 [15],NA,NA,parasitoid of Lepidoptera: Izatha attactella (Oecophoridae) and Pseudocoremia suavis (Geometridae) [12],NA,"forest, fragment [86]","14. Smith, F. (1876) Descriptions of new species of Hymenopterous insects of New Zealand, collected by C.M. Wakefield, Esq., principally in the neighbourhood of Canterbury. Transactions of the Entomological Society of London, 473-487.",
Hymenoptera,Aucklandella sp. 16,Ichneumonidae,Ichneumoninae,9-10 [13]; 8.48-9.54 [14]; 4.7-9.57 [15],não informado [13] [14]; 2 [15],8-11 [13],não informado [13],3.5-8.54 [15],2 [15],NA,NA,parasitoid of Lepidoptera: Izatha attactella (Oecophoridae) and Pseudocoremia suavis (Geometridae) [12],NA,"forest, fragment [86]","15. Ward, D.F. & Schnnitzler, F.R. (2013) Ichneumonidae of New Zealand. Ichneumonidae Image Gallery. Available at https://oldwww.landcareresearch.co.nz/science/plants-animals-fungi/animals/invertebrates/systematics/hymenoptera/ichneumonidae/ichneumonidae-image-gallery. Accessed on 5 May 2022",
Hymenoptera,Aucklandella sp. 17,Ichneumonidae,Ichneumoninae,9-10 [13]; 8.48-9.54 [14]; 4.7-9.57 [15],não informado [13] [14]; 2 [15],8-11 [13],não informado [13],3.5-8.54 [15],2 [15],NA,NA,parasitoid of Lepidoptera: Izatha attactella (Oecophoridae) and Pseudocoremia suavis (Geometridae) [12],NA,"forest, fragment [86]","16. Vas, Z. (2021) New species and records of Afrotropical Campoletis Förster, 1869 (Hymenoptera: Ichneumonidae: Campopleginae). Annales Musei Historico-Naturalis Hungarici, 113: 39-49.",
Hymenoptera,Aucklandella sp. 18,Ichneumonidae,Ichneumoninae,9-10 [13]; 8.48-9.54 [14]; 4.7-9.57 [15],não informado [13] [14]; 2 [15],8-11 [13],não informado [13],3.5-8.54 [15],2 [15],NA,NA,parasitoid of Lepidoptera: Izatha attactella (Oecophoridae) and Pseudocoremia suavis (Geometridae) [12],NA,"forest, fragment [86]","17. Townes, H. (1970) The Genera of Ichneumonidae, Part 3. Memoirs of the American Entomological Institute, 13: 1-310.",
Hymenoptera,Aucklandella sp. 19,Ichneumonidae,Ichneumoninae,9-10 [13]; 8.48-9.54 [14]; 4.7-9.57 [15],não informado [13] [14]; 2 [15],8-11 [13],não informado [13],3.5-8.54 [15],2 [15],NA,NA,parasitoid of Lepidoptera: Izatha attactella (Oecophoridae) and Pseudocoremia suavis (Geometridae) [12],NA,"forest, fragment [86]","18. Wei, Y-W; Zhou, Y-B; Zou, Q-C & Sheng, M-L (2020) A new species of Campoletis Förster (Hymenoptera, Ichneumonidae) with a key to species known from China, Japan and South Korea. ZooKeys, 1004: 99-108. http://dx.doi.org/10.3897/zookeys.1004.57913",
Hymenoptera,Aucklandella sp. 20,Ichneumonidae,Ichneumoninae,9-10 [13]; 8.48-9.54 [14]; 4.7-9.57 [15],não informado [13] [14]; 2 [15],8-11 [13],não informado [13],3.5-8.54 [15],2 [15],NA,NA,parasitoid of Lepidoptera: Izatha attactella (Oecophoridae) and Pseudocoremia suavis (Geometridae) [12],NA,"forest, fragment [86]","19. Camargo, L.F.; Brito, R.A. & Penteado-Dias, A.M. (2015) Redescription of Campoletis sonorensis (Cameron, 1886) (Hymenoptera, Ichneumonidae, Campopleginae), parasitoid of Spodoptera frugiperda (J.E. Smith, 1797) (Lepidoptera, Noctuidae) in Brazil. Brazilian Journal of Biology, 75(4): 989-998. http://dx.doi.org/10.1590/1519-6984.04914",
Hymenoptera,Aucklandella sp. 21,Ichneumonidae,Ichneumoninae,9-10 [13]; 8.48-9.54 [14]; 4.7-9.57 [15],não informado [13] [14]; 2 [15],8-11 [13],não informado [13],3.5-8.54 [15],2 [15],NA,NA,parasitoid of Lepidoptera: Izatha attactella (Oecophoridae) and Pseudocoremia suavis (Geometridae) [12],NA,"forest, fragment [86]","20. Broad, G.R.; Shaw, M.R. & Fitton, M.G. (2018) Ichneumonid Wasps (Hymenoptera: Ichneumonidae): their Classification and Biology. Royal Entomological Society the Field Studies Council, Handbooks for the Identification of British Insects, 7(12): 1-424.",
Hymenoptera,Aucklandella sp. 22,Ichneumonidae,Ichneumoninae,9-10 [13]; 8.48-9.54 [14]; 4.7-9.57 [15],não informado [13] [14]; 2 [15],8-11 [13],não informado [13],3.5-8.54 [15],2 [15],NA,NA,parasitoid of Lepidoptera: Izatha attactella (Oecophoridae) and Pseudocoremia suavis (Geometridae) [12],NA,"forest, fragment [86]","21. Onody, H.C. & Penteado-Dias, A.M. (2006) Aiura, a new genus of Campopleginae (Hymenoptera; Ichneumonidae) from Brazil. Brazilian Journal of Biology, 66(2B): 755-758.",
Hymenoptera,Aucklandella sp. 23,Ichneumonidae,Ichneumoninae,9-10 [13]; 8.48-9.54 [14]; 4.7-9.57 [15],não informado [13] [14]; 2 [15],8-11 [13],não informado [13],3.5-8.54 [15],2 [15],NA,NA,parasitoid of Lepidoptera: Izatha attactella (Oecophoridae) and Pseudocoremia suavis (Geometridae) [12],NA,"forest, fragment [86]","22. Vikberg, V. (1999) Lathroplex anthreni sp. n. (Hymenoptera, Ichneumonidae), a parasitoid on Anthrenus museorum (Linnaeus) in southern Finland. Entomologica Fennica, 10: 239-244.",
Hymenoptera,Aucklandella sp. 24,Ichneumonidae,Ichneumoninae,9-10 [13]; 8.48-9.54 [14]; 4.7-9.57 [15],não informado [13] [14]; 2 [15],8-11 [13],não informado [13],3.5-8.54 [15],2 [15],NA,NA,parasitoid of Lepidoptera: Izatha attactella (Oecophoridae) and Pseudocoremia suavis (Geometridae) [12],NA,"forest, fragment [86]","24. Graf, V. & Kumagai, A.F. (1997) Novo Gênero de Campopleginae (Hymenoptera, Ichneumonidae) do Brasil. Revista Brasileira de Zoologia, 14(3): 649-658.",
Hymenoptera,Campoletis sp. 01,Ichneumonidae,Campopleginae,5-7 [16]; 6.4-7.2 [18]; 4-6 [19],4 [16]; 4 [18]; 194 [19],5-6 [16]; 6.0-7.2 [18]; 4-6 [19],4 [16]; 24 [18]; 227 [19],3.5-5.5 [16]; 4.7-5.0 [18],4 [16]; 4 [18],3.5-4.5 [16]; 4.3-5.0 [18],4 [16]; 24 [18],parasitoid of larvae of Noctuidae (Lepidoptera) [17],NA,"bamboo (Arundinaria apina) thicket; subalpine Ericaceae bush; dry evergreen montane forest [16]; most common in open habitats, and are found mostly in temperate areas [17]","25. Luo, Y-Q. & Sheng, M-L. (2010) The species of Rhimphoctona (Xylophylax) (Hymenoptera: Ichneumonidae: Campopleginae) parasitizing woodborers in China. Journal of Insect Science, 10(4): 1-9.",
Hymenoptera,Campoletis sp. 02,Ichneumonidae,Campopleginae,5-7 [16]; 6.4-7.2 [18]; 4-6 [19],4 [16]; 4 [18]; 194 [19],5-6 [16]; 6.0-7.2 [18]; 4-6 [19],4 [16]; 24 [18]; 227 [19],3.5-5.5 [16]; 4.7-5.0 [18],4 [16]; 4 [18],3.5-4.5 [16]; 4.3-5.0 [18],4 [16]; 24 [18],parasitoid of larvae of Noctuidae (Lepidoptera) [17],NA,"bamboo (Arundinaria apina) thicket; subalpine Ericaceae bush; dry evergreen montane forest [16]; most common in open habitats, and are found mostly in temperate areas [17]","26. Jerman, E.J. & Gauld, I.D. (1988) Casinaria, a paraphyletic ichneumonid genus (Hymenoptera), and a revision of the Australian species. Journal of Natural History, 22(3): 589-609. http://dx.doi.org/10.1080/00222938800770401",
Hymenoptera,Campopleginae sp. 01,Ichneumonidae,Campopleginae,2.4-3.4 [22]; 9 [24]; 5.5-11.4 [15],65 [22]; 1 [24]; 6 [15],10-11 [24]; 8.5-10.5 [25],2 [24]; 32 [25],2.4-3.0 [22]; 3.5-5.0 [21]; 8.9 [24]; 4.6-8.5 [15],65 [22]; 9 [21]; 1 [24]; 6 [15],5.0 [23]; 9.83-11.0 [24]; 6-7.5 [25],2 [23]; 2 [24]; 32 [25],the vast majority as solitary parasitoid of Lepidoptera [20],koinobiont endoparasitoids [20],Atlantic forest (high altitudes) [21]; open eucalypt woodlands [10],"27. Askew, R.R. & Shaw, M.R. (1986) Parasitoid communities: their size, structure and development, pp. 225-264. In: Insect Parasitoids. Waage, J. & Greathead, D. (Ed.). London: Academic Press. 389 pp.",
Hymenoptera,Carria fortipes,Ichneumonidae,Metopiinae,"5 [33,87]","1 [33,87]",6.0 [87],190 [87],3.1-5.8 [87],190 [87],3.1-5.8 [87],190 [87],"Parasitoid of Lepidoptera [86, 87]","holometabolous [86, 87]","forest, fragment 1180 a 4738m2 [86, 87]","28. Sandonato, D.L.; Onody, H.C. & Penteado-Dias, A.M. (2010) Fauna de Campopleginae (Hymenoptera, Ichneumonidae) em hortas orgânicas em Araraquara e São Paulo, SP, Brasil. Biota Neotropica, 10(2): 117-121.",Berry 1970 não especifica o gênero para o tamanho da asa dianteira. 
Hymenoptera,Casinaria sp. 01,Ichneumonidae,Campopleginae,7.5 [15]; 6-12.5 [30],1 [15]; 6 [30],6 [31]; 7 [32],1 [31]; 1 [32],5 [15]; 4-8 [30],1 [15]; 6 [30],3-10 [26],303 [26],parasitoid of Lepidoptera larvae (mainly families Geometridae and Hesperiidae) [26],koinobiont endoparasitoids [27],"species are encountered in a wide variety of habitats, but they can be particularly common in moist areas and woodlands [26]; organic crops in Brazil [28]","30. Vas, Z. (2020) New species and records of Afrotropical, Australasian, Oriental and Palaearctic Casinaria Holmgren, 1859 (Hymenoptera: Ichneumonidae: Campopleginae). Opuscula Zoologica Budapest, 51(2): 133-152.  http://dx.doi.org/10.18348/opzool.2020.2.133",
Hymenoptera,Casinaria sp. 02,Ichneumonidae,Campopleginae,7.5 [15]; 6-12.5 [30],1 [15]; 6 [30],6 [31]; 7 [32],1 [31]; 1 [32],5 [15]; 4-8 [30],1 [15]; 6 [30],3-10 [26],303 [26],parasitoid of Lepidoptera larvae (mainly families Geometridae and Hesperiidae) [26],koinobiont endoparasitoids [27],"species are encountered in a wide variety of habitats, but they can be particularly common in moist areas and woodlands [26]; organic crops in Brazil [28]","31. Walley, G.S. (1947) The genus Casinaria Holmgren in America north of Mexico (Hymen., Ichneumonidae). Scientific Agriculture, 27: 364-395.",
Hymenoptera,Degithina sp. 01,Ichneumonidae,Ichneumoninae,13.8 [15]; 13-16 [13],1 [15]; 2 [13],13-18 [13],2 [13],10 [15],1 [15],NA,NA,"Wiseana cervinata, W. umbraculata (Hepialidae) and Graphania ustistriga, Persectania aversa (Noctuidae) [12]; Pseudocoremia sp. (Geometridae) [34]",solitary endoparasitoids [34],NA,"32. Chou, J-K. & Lee, J-W. (2010) Taxonomic study of the genus Casinaria Holmgren (Hymenoptera: Ichneumonidae: Campopleginae) from Korea. Entomological Research, 40: 148-156. http://dx.doi.org/10.1111/j.1748-5967.2020.00270.x",
Hymenoptera,Degithina sp. 02,Ichneumonidae,Ichneumoninae,13.8 [15]; 13-16 [13],1 [15]; 2 [13],13-18 [13],2 [13],10 [15],1 [15],NA,NA,"Wiseana cervinata, W. umbraculata (Hepialidae) and Graphania ustistriga, Persectania aversa (Noctuidae) [12]; Pseudocoremia sp. (Geometridae) [34]",solitary endoparasitoids [34],NA,"33. Cameron, P. (1898) Notes on a collection of Hymenoptera from Greymouth, New Zealand, with descriptions of new species. Memoirs and Proceedings of the Manchester Literary and Philosophical Society, 42(1): 1-53.",
Hymenoptera,Degithina sp. 03,Ichneumonidae,Ichneumoninae,13.8 [15]; 13-16 [13],1 [15]; 2 [13],13-18 [13],2 [13],10 [15],1 [15],NA,NA,"Wiseana cervinata, W. umbraculata (Hepialidae) and Graphania ustistriga, Persectania aversa (Noctuidae) [12]; Pseudocoremia sp. (Geometridae) [34]",solitary endoparasitoids [34],NA,"34. Berndt, L.A.; Berry, J.A. & Brockerhoff, E.G. (2006) Parasitoids and predators of the endemic defoliator Pseudocoremia suavis (Butler) (Lepidoptera: Geometridae: Ennominae). New Zealand Entomologist, 29: 89-98.",
Hymenoptera,Degithina sp. 04,Ichneumonidae,Ichneumoninae,13.8 [15]; 13-16 [13],1 [15]; 2 [13],13-18 [13],2 [13],10 [15],1 [15],NA,NA,"Wiseana cervinata, W. umbraculata (Hepialidae) and Graphania ustistriga, Persectania aversa (Noctuidae) [12]; Pseudocoremia sp. (Geometridae) [34]",solitary endoparasitoids [34],NA,"35. Wagener, B.; Reineke, A.; Löhr, B. & Zebitz, C.P.W. (2006) Phylogenetic study of Diadegma species (Hymenoptera: Ichneumonidae) inferred from analysis of mitochondrial and nuclear DNA sequences. Biological Control, 37: 131-140.",
Hymenoptera,Diadegma sp. 01,Ichneumonidae,Campopleginae,6.75 [15]; 4.8-8.0 [37]; 10 [38],1 [15]; 534 [37]; 3 [38],2.69-7.26 [37],366 [37],5.14 [15]; 2.42-4.52 [37],1 [15]; 534 [37],3.9-4.4 [38],20 [38],parasitoid of various lepidopteran species [35],koinobiont solitary [36],cruciferous crops [35],"36. Jervis, M.A.; Ellers, J. & Harvey, J.A. (2008) Resource Acquisition, Allocation, and Utilization in Parasitoid Reprodutive Strategies. Annual Review of Entomology, 53: 361-385.",
Hymenoptera,Diadegma sp. 02,Ichneumonidae,Campopleginae,6.75 [15]; 4.8-8.0 [37]; 10 [38],1 [15]; 534 [37]; 3 [38],2.69-7.26 [37],366 [37],5.14 [15]; 2.42-4.52 [37],1 [15]; 534 [37],3.9-4.4 [38],20 [38],parasitoid of various lepidopteran species [35],koinobiont solitary [36],cruciferous crops [35],"37. Azidah, A.A.; Fitton, M.G. & Quicke, D.L.J. (2000) Identification of the Diadegma species (Hymenoptera: Ichneumonidae, Campopleginae) attacking the diamondback moth, Plutella xylostella (Lepidoptera: Plutellidae). Bulletin of Entomological Research, 90: 375-389.",
Hymenoptera,Diadegma sp. 03,Ichneumonidae,Campopleginae,6.75 [15]; 4.8-8.0 [37]; 10 [38],1 [15]; 534 [37]; 3 [38],2.69-7.26 [37],366 [37],5.14 [15]; 2.42-4.52 [37],1 [15]; 534 [37],3.9-4.4 [38],20 [38],parasitoid of various lepidopteran species [35],koinobiont solitary [36],cruciferous crops [35],"38. Walley, G.S. (1967) Nearctic species of the Diadegma stenosomus complex (Hymenoptera: Ichneumonidae). Canadian Entomologist, 99: 925-943.",
Hymenoptera,Diadegma sp. 04,Ichneumonidae,Campopleginae,6.75 [15]; 4.8-8.0 [37]; 10 [38],1 [15]; 534 [37]; 3 [38],2.69-7.26 [37],366 [37],5.14 [15]; 2.42-4.52 [37],1 [15]; 534 [37],3.9-4.4 [38],20 [38],parasitoid of various lepidopteran species [35],koinobiont solitary [36],cruciferous crops [35],"39. Early, J.W. & Dugdale, J.S. (1994) Fustiserphus (Hymenoptera: Proctotrupidae) parasitises Lepidoptera in leaf litter in New Zealand. New Zealand Journal of Zoology, 21(3): 249-252. http://dx.doi.org/10.1080/03014223.1994.9517992",
Hymenoptera,Diadegma sp. 05,Ichneumonidae,Campopleginae,6.75 [15]; 4.8-8.0 [37]; 10 [38],1 [15]; 534 [37]; 3 [38],2.69-7.26 [37],366 [37],5.14 [15]; 2.42-4.52 [37],1 [15]; 534 [37],3.9-4.4 [38],20 [38],parasitoid of various lepidopteran species [35],koinobiont solitary [36],cruciferous crops [35],"40. Townes, H. & Townes, M. (1981) A Revision of the Serphidae (Hymenoptera). Memoirs of the American Entomological Institute, 32: 1-548.",
Hymenoptera,Diadegma sp. 07,Ichneumonidae,Campopleginae,6.75 [15]; 4.8-8.0 [37]; 10 [38],1 [15]; 534 [37]; 3 [38],2.69-7.26 [37],366 [37],5.14 [15]; 2.42-4.52 [37],1 [15]; 534 [37],3.9-4.4 [38],20 [38],parasitoid of various lepidopteran species [35],koinobiont solitary [36],cruciferous crops [35],41. The Proctotrupidae (Hymenoptera) of the World. Available from: https://proctotrupidae.myspecies.info/taxonomy/term/81. Accessed 30 April 2022.,
Hymenoptera,Diadegma sp. 08,Ichneumonidae,Campopleginae,6.75 [15]; 4.8-8.0 [37]; 10 [38],1 [15]; 534 [37]; 3 [38],2.69-7.26 [37],366 [37],5.14 [15]; 2.42-4.52 [37],1 [15]; 534 [37],3.9-4.4 [38],20 [38],parasitoid of various lepidopteran species [35],koinobiont solitary [36],cruciferous crops [35],"42. Kolyada, V.A. & Mostovski, M.B. (2007) Revision of Proctotrupidae (Insecta: Hymenoptera) described by Ch. T. Brues from Baltic amber. Zootaxa, 1661: 29-38.",
Hymenoptera,Diadegma sp. 09,Ichneumonidae,Campopleginae,6.75 [15]; 4.8-8.0 [37]; 10 [38],1 [15]; 534 [37]; 3 [38],2.69-7.26 [37],366 [37],5.14 [15]; 2.42-4.52 [37],1 [15]; 534 [37],3.9-4.4 [38],20 [38],parasitoid of various lepidopteran species [35],koinobiont solitary [36],cruciferous crops [35],"43. Perkins, J.F. (1960) Handbooks for the identification of British insects. Vol. VII. Part 2. Hymenoptera. Ichneumonoidea. Ichneumonidae, subfamilies Ichneumoninae II, Alomyinae, Agriotypinae and Lycorininae. Royal Entomological Society of London, 117-213.",
Hymenoptera,Diadegma sp. 10,Ichneumonidae,Campopleginae,6.75 [15]; 4.8-8.0 [37]; 10 [38],1 [15]; 534 [37]; 3 [38],2.69-7.26 [37],366 [37],5.14 [15]; 2.42-4.52 [37],1 [15]; 534 [37],3.9-4.4 [38],20 [38],parasitoid of various lepidopteran species [35],koinobiont solitary [36],cruciferous crops [35],"44. Morley, C. (1903) Ichneumonologia Britannica. The Ichneumons of Great Britain. Ichneumoninae. Plymouth. 315 pp.",
Hymenoptera,Diadegma sp. 11,Ichneumonidae,Campopleginae,6.75 [15]; 4.8-8.0 [37]; 10 [38],1 [15]; 534 [37]; 3 [38],2.69-7.26 [37],366 [37],5.14 [15]; 2.42-4.52 [37],1 [15]; 534 [37],3.9-4.4 [38],20 [38],parasitoid of various lepidopteran species [35],koinobiont solitary [36],cruciferous crops [35],"45. Desvignes, T. (1856) Catalogue of British Ichneumonidae in the collection of the British Museum. London. 120 pp.",
Hymenoptera,Dusona destructor,Ichneumonidae,Campopleginae,12.2 [73],1 [73],7.1 [73],6 [73],7.9 [73],1 [73],4.4 [73],6 [73],Parasitoid of Lepidoptera [86],holometabolous [86],"forest, fragment 3804 a 12190 m2 [86]","46. Cameron, P. (1903) A list of the Hymenoptera of New Zealand. Transactions and Proceedings of the New Zealand Institute, 35: 290-299.",
Hymenoptera,Dusona stramineipes,Ichneumonidae,Campopleginae,7.6 [73],5 [73],NA,NA,5.4 [73],5 [73],NA,NA,Parasitoid of Lepidoptera [86],holometabolous [86],"forest, fragment 1635 a 27616 m2 [86]","47. Tereshkin, A.M. (2009) Illustrated key to the tribes of subfamilia Ichneumoninae and genera of the tribe Platylabini of world fauna (Hymenoptera, Ichneumonidae). Linzer Biologische Beiträge, 41(2): 1317-1608.",
Hymenoptera,Epipompilus insularis,Pompilidae,Pompilinae,6-8.8 [74],9 [74],5-7.8 [74],5 [74],5.5-7.8 [74],9 [74],2.8-7 [74],5 [74],"Parasitoid of spiders [74, 86]","holometabolous, coinobionte [74, 86]","forest, fragment 1180 a 27616m2 [74, 86]","48. Bain, J. 1970. NEW ZEALAND SPECIES OF LISSONOTA (HYMENOPTERA : ICHNEUMONIDAE), New Zealand Entomologist, 4:4, 80-87, DOI: 10.1080/00779962.1970.9723082",
Hymenoptera,Euceros coxalis,Ichneumonidae,Eucerotinae,5.75 [75],1 [75],NA,NA,NA,NA,NA,NA,"Parasitoid of Lepidoptera; Hymenoptera [86,88]","holometabolous, coinobionte [86,88]","forest, fragment 1386m2 [86,88]","49. Pérez, E.C.; Correa, M.V.; Reguilón, C. & Berta, C. (2013) Nuevo Registro de Parasitoides Asociados a Chrysopidae (Neuroptera) en Citrus aurantium em Tucumán, Argentina. Acta Zoológica Lilloana, 57(Suplemento, V Reunión Argentina de Parasitoidólogos): 100-101.",
Hymenoptera,Fustiserphus longiceps,Proctotrupidae,Proctotrupinae,NA,NA,"4,47 [40,41]","1 [40,41]",NA,NA,"3.1-3.7 [40,41]","5 [40,41]",Parasitoid of Lepidoptera [86],holometabolous [86],"forest, fragment 1180 a 27616m2 [86]","50. Graf, V. (2000) O gênero Lusius Tosquinet, 1903 (Hymenoptera, Ichneumoninae, Heterischnini) from South America. Acta Biologica Paranaense, 29(1-4): 169-176.",The Proctotrupidae (Hymenoptera) of the World. https://proctotrupidae.myspecies.info/taxonomy/term/81
Hymenoptera,Fustiserphus sp. 01,Proctotrupidae,Proctotrupinae,3.5 [42],1 [42],4.7 [41],1 [41],2.8-4.1 [40]; 1.8 [42],8 [40],3.5 [41],1 [41],parasitoids of Tingena armigerella and Tingena nycteris larvae (Lepidoptera) [39],endoparasitoids [39],Nothofagus litter; hard beech litter; litter in fine grass [39],"51. Saunders, T.E. & Ward, D.F. (2017) A new species of Lusius (Hymenoptera: Ichneumonidae) from New Zealand. New Zealand Entomologist. http://dx.doi.org/10.1080/00779962.2017.1357427",
Hymenoptera,Fustiserphus sp. 02,Proctotrupidae,Proctotrupinae,3.5 [42],1 [42],4.7 [41],1 [41],2.8-4.1 [40]; 1.8 [42],8 [40],3.5 [41],1 [41],parasitoids of Tingena armigerella and Tingena nycteris larvae (Lepidoptera) [39],endoparasitoids [39],Nothofagus litter; hard beech litter; litter in fine grass [39],"52. Morley, C. (1914b) XXIII Hymenoptera, IV: Ichneumonidae. Records of the Indian Museum, 8: 323-328",
Hymenoptera,Fustiserphus sp. 03,Proctotrupidae,Proctotrupinae,3.5 [42],1 [42],4.7 [41],1 [41],2.8-4.1 [40]; 1.8 [42],8 [40],3.5 [41],1 [41],parasitoids of Tingena armigerella and Tingena nycteris larvae (Lepidoptera) [39],endoparasitoids [39],Nothofagus litter; hard beech litter; litter in fine grass [39],"53. Rousse, P.; van Noort, S. & Diller, E. (2013) Revision of the Afrotropical Phaeogenini (Ichneumonidae, Ichneumoninae), with description of a new genus and twelve new species. ZooKeys, 354: 1-85. http://dx.doi.org/10.3897/zookeys.354.5968",
Hymenoptera,Fustiserphus sp. 04,Proctotrupidae,Proctotrupinae,3.5 [42],1 [42],4.7 [41],1 [41],2.8-4.1 [40]; 1.8 [42],8 [40],3.5 [41],1 [41],parasitoids of Tingena armigerella and Tingena nycteris larvae (Lepidoptera) [39],endoparasitoids [39],Nothofagus litter; hard beech litter; litter in fine grass [39],"54. Humala, A.E.; Kruidhof, H.M. & Woelke, J.B. (2016) New species of Megastylus (Hymenoptera: Ichneumonidae: Orthocentrinae) reared from larvae of Keroplatidae fungus gnats (Diptera) in a Dutch orchid greenhouse. Journal of Natural History. http://dx.doi.org/10.1080/00222933.2016.1257074",
Hymenoptera,Fustiserphus sp. 05,Proctotrupidae,Proctotrupinae,3.5 [42],1 [42],4.7 [41],1 [41],2.8-4.1 [40]; 1.8 [42],8 [40],3.5 [41],1 [41],parasitoids of Tingena armigerella and Tingena nycteris larvae (Lepidoptera) [39],endoparasitoids [39],Nothofagus litter; hard beech litter; litter in fine grass [39],"55. Humala, A.E. (2014) Mexican species of the subgenus Dicolus Förster, genus Megastylus Schiodte (Hymenoptera: Ichneumonidae: Orthocentrinae), with descriptions of a new species. Proceedings of the Russian Entomological Society, 85(1): 98-102.",
Hymenoptera,Ichneumon lotatorius,Ichneumonidae,Ichneumoninae,11-14 [43],não informado [43],13-15 [44]; 12.7-13.78 [45],não informado [44]; não informado [45],NA,NA,NA,NA,NA,NA,"forest, fragment 1386 a 27616m2 [86]","56. Wahl, D.B. (1996) Two New Species of Megastylus from the New World (Hymenoptera: Ichneumonidae; Orthocentrinae). Journal of the New York Entomological Society, 104(3/4): 221-225.",
Hymenoptera,Levansa sp. 01,Ichneumonidae,Ichneumoninae,7.5 [47]; 12.4 [15],1 [47]; 1 [15],8 [46]; 8 [33],não informado [46]; 1 [33],6.8 [47]; 10.7 [15],1 [47]; 1 [15],NA,NA,,,,"57. Rossem, G. (1983) A Revision of Western Palaearctic Oxytorine Genera. Part IV Genus Megastylus (Hymenoptera, Ichneumonidae). Entomofauna, 4(8): 121-132.",
Hymenoptera,Lissonota albopicta,Ichneumonidae,Banchinae,"10.0 [78, 33]","1 [78,33]",NA,NA,6.5 [48],1 [48],NA,NA,Parasitoid of Lepidoptera [86],holometabolous [86],"forest, fragment 1180 a 27616m2 [86]","58. Ashfaq, M.; Erlandson, M. & Braun, L. (2005) Hyperparasitism by Mesochorus spp. (Hymenoptera: Ichneumonidae) in Peristenus sp. (Hymenoptera: Braconidae) and development of PCR primers for hyperparasitoid detection. Biological Control, 32: 371-377.",
Hymenoptera,Lissonota fulva,Ichneumonidae,Banchinae,NA,NA,NA,NA,6.0-8.0 [48],1 [48],NA,NA,Parasitoid of Lepidoptera [86],holometabolous [86],"forest, fragment 2319 a 12190m2 [86]","59. Cho, Y. Kwon, O. & Nam, S-H (2006) Ecological and morphological characteristics of the endoparasitoids of larval Acronicta rumicis (Lepidoptera: Noctuidae). Entomological Research, 36: 208-215.",
Hymenoptera,Lusius sp.,Ichneumonidae,Ichneumoninae,4.7-7.8 [51]; 8.08 [50],20 [51]; 1 [50],5 [52],1 [52],4.1-5.3 [51]; 5.08 [50],20 [51]; 1 [50],4.2 [53],3 [53],parasitoid of Ceraeochrysa sp. (Chrysopidae) [49],NA,in orange crops Citrus aurantium [49],"60. Dasch, C.E. (1974) Neotropic Mesochorinae (Hymenoptera: Ichneumonidae). Memoirs of the American Entomological Institute, 22: 1-509.",
Hymenoptera,Megastylus sp.,Ichneumonidae,Orthocentrinae,5.5 [15]; 3.4 [54],1 [15]; 1 [54],3.3-3.8 [56]; 2.9 [54],3 [56]; 1 [54],4.2 [15]; 2.5-4.5 [57]; 5.4 [55]; 2.3 [54],1 [15]; 20 [57]; 1 [55]; 1 [54],2.9-3.5 [56]; 2.8-6.0 [57]; 2.4 [54],3 [56]; 6 [57]; 1 [54],parasitoid of Keroplatidae larvae (Diptera) [54],"koinobiont, solitary larval endoparasitoid [54]",in orchid nurseries (Lyprauta spp. and Proceroplatus sp.) [54],"61. Kolyada, V. & Mostovski, M.B. (2017) Revision of the genus Hormoserphus Townes, 1981 (Hymenoptera: Proctotrupidae), with description of Trachyserphus gen. n. and a new species. Zootaxa, 4254(5): 575-583. http://dx.doi.org/10.11646/zootaxa.4254.5.6",
Hymenoptera,Mesochorus sp.,Ichneumonidae,Mesochorinae,2.7-7.2 [60],91 [60],2.6-7.4 [60],82 [60],2.5-6.4 [60],91 [60],2.4-6.2 [60],82 [60],hyperparasitoids [59],koinobiont [59],in alfalfa fields [58],"62. Shaw, MR; Kan, P; Stirum, BKL; Schwarz, M. 2021. The remarkeble biology of a new of Gelis Thunberg, 1827 (Ichneumonidae, Phygadeuontinae), a solitary endoparasitoid of fresh eggs of Timarcha (Coleoptera, Chrysomelidae). Journal of Hymenoptera Research, 82: 161-186. http://dx.doi.org/10.3897/jhr.82.64657",
Hymenoptera,Netelia ephippiata,Ichneumonidae,Tryphoninae,10.76 [75],1 [75],NA,NA,NA,NA,NA,NA,"Parasitoid of Lepidoptera: Geometridae [86,89]","coinobionte, holometabolous [86, 89]","forest, fragment 4738m2 [86]","63. A new species of Amphibulus Kriechbaumer (Hymenoptera, Ichneumonidae, Cryptinae) from Beijing with a key to species known from the Oriental and Eastern Palaearctic regions. ZooKeys, 312: 89-95. http://dx.doi.org/10.3897/zookeys.312.5294",Média única entre Netelia ephippiata e Phytodietus zealandicu [ver 75]
Hymenoptera,Oxyserphus sp. 01,Proctotrupidae,Proctotrupinae,5.58 [61],1 [61],NA,N,1.8-5.6 [40],14 [40],1.9-3.3 [40],3 [40],host are Curculionidae and Anthribidae (Coleoptera) [40],endoparasitoids [40],Nothofagus menziesii (Nothofagaceae) in New Zealand [40],"64. Luhman, J.C. (1991) A Revision of the World Amphibulus Kriechbaumer (Hymenoptera: Ichneumonidae, Phygadeuontinae). Insecta Mundi, 5(3-4): 129-152.",
Hymenoptera,Oxyserphus sp. 02,Proctotrupidae,Proctotrupinae,5.58 [61],1 [61],NA,N,1.8-5.6 [40],14 [40],1.9-3.3 [40],3 [40],host are Curculionidae and Anthribidae (Coleoptera) [40],endoparasitoids [40],Nothofagus menziesii (Nothofagaceae) in New Zealand [40],"65. Yoshida, T. & Konishi, K. (2008) Taxonomic study of the genus Dichrogaster Doumerc (Hymenoptera: Ichneumonidae: Cryptinae) in Japan. Entomological Science, 11: 247-258. http://dx.doi.org/10.1111/j.1479-8298.2008.00260.x",
Hymenoptera,Oxyserphus sp. 03,Proctotrupidae,Proctotrupinae,5.58 [61],1 [61],NA,N,1.8-5.6 [40],14 [40],1.9-3.3 [40],3 [40],host are Curculionidae and Anthribidae (Coleoptera) [40],endoparasitoids [40],Nothofagus menziesii (Nothofagaceae) in New Zealand [40],"66. González-Moreno, A.; Bordera, S. & Delfin, H. (2010) A new species of Endasys Förster (Hymenoptera, Ichneumonidae, Cryptinae) from Mexico. Zootaxa, 2648: 61-68.",
Hymenoptera,Oxyserphus sp. 04,Proctotrupidae,Proctotrupinae,5.58 [61],1 [61],NA,N,1.8-5.6 [40],14 [40],1.9-3.3 [40],3 [40],host are Curculionidae and Anthribidae (Coleoptera) [40],endoparasitoids [40],Nothofagus menziesii (Nothofagaceae) in New Zealand [40],"67. Gauld, I.D. (2006) Familia Ichneumonidae. In: Hymenoptera de la Región Neotropical. Hanson, P.E. & Gauld, I.D. (Eds.). Memoirs of the American Entomological Institute, 77: 446-486.",
Hymenoptera,Oxyserphus sp. 05,Proctotrupidae,Proctotrupinae,5.58 [61],1 [61],NA,N,1.8-5.6 [40],14 [40],1.9-3.3 [40],3 [40],host are Curculionidae and Anthribidae (Coleoptera) [40],endoparasitoids [40],Nothofagus menziesii (Nothofagaceae) in New Zealand [40],"68. Vikberg, V. & Koponen, M. (2000) On the taxonomy of Seleucus Holmgren and the European species of Phrudinae (Hymenoptera: Ichneumonidae). Entomologica Fennica, 11: 195-228.",
Hymenoptera,Phygadeuontinae sp. 01,Ichneumonidae,Phygadeuontinae,3.2-3.7 [62]; 2.4-2.6 [1]; 3-4 [9]; 6.5-7.5 [63],18 [62]; 12 [1]; 4 [9]; 8 [63],3.0-3.5 [62]; 3 [7] ; 3.5 [8]; 8-10 [64]; 6-8 [66],15 [62]; 1 [7]; 1 [8]; 5 [64]; 32 [66],2.5 [1];  5.5-6.0 [63]; 3.0-4.1 [65],7 [1]; 8 [63]; 11 [65],3.8 [6]; 3.5-4.2 [65]; 4.5-6.0 [66],1 [6]; 135 [65]; 32 [66],"holometabolous insect pupae and prepupae (including cocooned Ichneumonoidea), spider egg sacs and Diptera larvae and puparia [20]",idiobiont ectoparasitoid [20],NA,"69. Horstmann, K. (2010) Revisions of Nearctic Tersilochinae II. Genera Allophrys Förster, Spinolochus Horstmann and Stethantyx Townes (Hymenoptera, Ichneumonidae). Spixiana, 33(1): 73-109.",
Hymenoptera,Phygadeuontinae sp. 03,Ichneumonidae,Phygadeuontinae,3.2-3.7 [62]; 2.4-2.6 [1]; 3-4 [9]; 6.5-7.5 [63],18 [62]; 12 [1]; 4 [9]; 8 [63],3.0-3.5 [62]; 3 [7] ; 3.5 [8]; 8-10 [64]; 6-8 [66],15 [62]; 1 [7]; 1 [8]; 5 [64]; 32 [66],2.5 [1];  5.5-6.0 [63]; 3.0-4.1 [65],7 [1]; 8 [63]; 11 [65],3.8 [6]; 3.5-4.2 [65]; 4.5-6.0 [66],1 [6]; 135 [65]; 32 [66],"holometabolous insect pupae and prepupae (including cocooned Ichneumonoidea), spider egg sacs and Diptera larvae and puparia [20]",idiobiont ectoparasitoid [20],NA,"70. Rao, S.N. & Kurian, C. (1951) Descriptions of eleven new and records of fifteen known species of Ichneumonidae (Hymenoptera Parasitica) from India - Part II. Indian Journal of Entomology, 13: 65-78.",
Hymenoptera,Phygadeuontinae sp. 04,Ichneumonidae,Phygadeuontinae,3.2-3.7 [62]; 2.4-2.6 [1]; 3-4 [9]; 6.5-7.5 [63],18 [62]; 12 [1]; 4 [9]; 8 [63],3.0-3.5 [62]; 3 [7] ; 3.5 [8]; 8-10 [64]; 6-8 [66],15 [62]; 1 [7]; 1 [8]; 5 [64]; 32 [66],2.5 [1];  5.5-6.0 [63]; 3.0-4.1 [65],7 [1]; 8 [63]; 11 [65],3.8 [6]; 3.5-4.2 [65]; 4.5-6.0 [66],1 [6]; 135 [65]; 32 [66],"holometabolous insect pupae and prepupae (including cocooned Ichneumonoidea), spider egg sacs and Diptera larvae and puparia [20]",idiobiont ectoparasitoid [20],NA,"71. Schmiedeknecht, O. (1911) Opuscula Ichneumonologica IV. Band. Ophioninae. Blankenburg in Thüringen, 2081-2271.",
Hymenoptera,Phygadeuontinae sp. 05,Ichneumonidae,Phygadeuontinae,3.2-3.7 [62]; 2.4-2.6 [1]; 3-4 [9]; 6.5-7.5 [63],18 [62]; 12 [1]; 4 [9]; 8 [63],3.0-3.5 [62]; 3 [7] ; 3.5 [8]; 8-10 [64]; 6-8 [66],15 [62]; 1 [7]; 1 [8]; 5 [64]; 32 [66],2.5 [1];  5.5-6.0 [63]; 3.0-4.1 [65],7 [1]; 8 [63]; 11 [65],3.8 [6]; 3.5-4.2 [65]; 4.5-6.0 [66],1 [6]; 135 [65]; 32 [66],"holometabolous insect pupae and prepupae (including cocooned Ichneumonoidea), spider egg sacs and Diptera larvae and puparia [20]",idiobiont ectoparasitoid [20],NA,"72. Richards, O.W. (1949) Parasitic Hymenoptera found in British houses, warehouses and ships. I: Ichneumonidae. Proceedings of the Royal Entomological Society of London (B), 18: 19-35.",
Hymenoptera,Phygadeuontinae sp. 06,Ichneumonidae,Phygadeuontinae,3.2-3.7 [62]; 2.4-2.6 [1]; 3-4 [9]; 6.5-7.5 [63],18 [62]; 12 [1]; 4 [9]; 8 [63],3.0-3.5 [62]; 3 [7] ; 3.5 [8]; 8-10 [64]; 6-8 [66],15 [62]; 1 [7]; 1 [8]; 5 [64]; 32 [66],2.5 [1];  5.5-6.0 [63]; 3.0-4.1 [65],7 [1]; 8 [63]; 11 [65],3.8 [6]; 3.5-4.2 [65]; 4.5-6.0 [66],1 [6]; 135 [65]; 32 [66],"holometabolous insect pupae and prepupae (including cocooned Ichneumonoidea), spider egg sacs and Diptera larvae and puparia [20]",idiobiont ectoparasitoid [20],NA,"73. Wahl, D.B. 1991. A new species of Dusona from New Zealand, and the application of Dusona vs. Delopia (Hymenoptera: Ichneumonidae, Campopleginae). PROC. ENTOMOL. SOC. WASH. 93(4), pp. 946-950.",
Hymenoptera,Phygadeuontinae sp. 07,Ichneumonidae,Phygadeuontinae,3.2-3.7 [62]; 2.4-2.6 [1]; 3-4 [9]; 6.5-7.5 [63],18 [62]; 12 [1]; 4 [9]; 8 [63],3.0-3.5 [62]; 3 [7] ; 3.5 [8]; 8-10 [64]; 6-8 [66],15 [62]; 1 [7]; 1 [8]; 5 [64]; 32 [66],2.5 [1];  5.5-6.0 [63]; 3.0-4.1 [65],7 [1]; 8 [63]; 11 [65],3.8 [6]; 3.5-4.2 [65]; 4.5-6.0 [66],1 [6]; 135 [65]; 32 [66],"holometabolous insect pupae and prepupae (including cocooned Ichneumonoidea), spider egg sacs and Diptera larvae and puparia [20]",idiobiont ectoparasitoid [20],NA,"74. Harris, A. C. 1987: Pompilidae (Insecta: Hymenoptera). Fauna of New Zealand 12, 160 pp.",
Hymenoptera,Phygadeuontinae sp. 08,Ichneumonidae,Phygadeuontinae,3.2-3.7 [62]; 2.4-2.6 [1]; 3-4 [9]; 6.5-7.5 [63],18 [62]; 12 [1]; 4 [9]; 8 [63],3.0-3.5 [62]; 3 [7] ; 3.5 [8]; 8-10 [64]; 6-8 [66],15 [62]; 1 [7]; 1 [8]; 5 [64]; 32 [66],2.5 [1];  5.5-6.0 [63]; 3.0-4.1 [65],7 [1]; 8 [63]; 11 [65],3.8 [6]; 3.5-4.2 [65]; 4.5-6.0 [66],1 [6]; 135 [65]; 32 [66],"holometabolous insect pupae and prepupae (including cocooned Ichneumonoidea), spider egg sacs and Diptera larvae and puparia [20]",idiobiont ectoparasitoid [20],NA,"75. Kendall, L.K.; Ward, D.F. 2016. Habitat determinants of the taxonomic and functional diversity of parasitoid wasps. Biodivers. Conserv. DOI 10.1007/s10531-016-1174-y",
Hymenoptera,Phygadeuontinae sp. 09,Ichneumonidae,Phygadeuontinae,3.2-3.7 [62]; 2.4-2.6 [1]; 3-4 [9]; 6.5-7.5 [63],18 [62]; 12 [1]; 4 [9]; 8 [63],3.0-3.5 [62]; 3 [7] ; 3.5 [8]; 8-10 [64]; 6-8 [66],15 [62]; 1 [7]; 1 [8]; 5 [64]; 32 [66],2.5 [1];  5.5-6.0 [63]; 3.0-4.1 [65],7 [1]; 8 [63]; 11 [65],3.8 [6]; 3.5-4.2 [65]; 4.5-6.0 [66],1 [6]; 135 [65]; 32 [66],"holometabolous insect pupae and prepupae (including cocooned Ichneumonoidea), spider egg sacs and Diptera larvae and puparia [20]",idiobiont ectoparasitoid [20],NA,"78. Smith, F. 1878. Descriptions of new species of Hymenopterous Insects from New Zeukand, collected by Prof. HUTTON, at Otago. THE TRANSACTIONS ENTOMOLOGICAL SOCIETY OF LONDON.",
Hymenoptera,Phygadeuontinae sp. 10,Ichneumonidae,Phygadeuontinae,3.2-3.7 [62]; 2.4-2.6 [1]; 3-4 [9]; 6.5-7.5 [63],18 [62]; 12 [1]; 4 [9]; 8 [63],3.0-3.5 [62]; 3 [7] ; 3.5 [8]; 8-10 [64]; 6-8 [66],15 [62]; 1 [7]; 1 [8]; 5 [64]; 32 [66],2.5 [1];  5.5-6.0 [63]; 3.0-4.1 [65],7 [1]; 8 [63]; 11 [65],3.8 [6]; 3.5-4.2 [65]; 4.5-6.0 [66],1 [6]; 135 [65]; 32 [66],"holometabolous insect pupae and prepupae (including cocooned Ichneumonoidea), spider egg sacs and Diptera larvae and puparia [20]",idiobiont ectoparasitoid [20],NA,82. New Zealand Hymenoptera. Available: https://nz-hymenoptera.myspecies.info/taxonomy/term/1098/media. Accessed 30 April 2022. ,
Hymenoptera,Phygadeuontinae sp. 11,Ichneumonidae,Phygadeuontinae,3.2-3.7 [62]; 2.4-2.6 [1]; 3-4 [9]; 6.5-7.5 [63],18 [62]; 12 [1]; 4 [9]; 8 [63],3.0-3.5 [62]; 3 [7] ; 3.5 [8]; 8-10 [64]; 6-8 [66],15 [62]; 1 [7]; 1 [8]; 5 [64]; 32 [66],2.5 [1];  5.5-6.0 [63]; 3.0-4.1 [65],7 [1]; 8 [63]; 11 [65],3.8 [6]; 3.5-4.2 [65]; 4.5-6.0 [66],1 [6]; 135 [65]; 32 [66],"holometabolous insect pupae and prepupae (including cocooned Ichneumonoidea), spider egg sacs and Diptera larvae and puparia [20]",idiobiont ectoparasitoid [20],NA,"83. Wang, Q; Shi, G. 2001. Host preference and sex allocation of three hymenopteran parasitoid species (Ichneumonidae and Braconidae) of a longicorn pest, Oemona hirta (Fabr.) (Col., Cerambycidae). J. Appl. Ent. 125, 463-467.",
Hymenoptera,Phygadeuontinae sp. 14,Ichneumonidae,Phygadeuontinae,3.2-3.7 [62]; 2.4-2.6 [1]; 3-4 [9]; 6.5-7.5 [63],18 [62]; 12 [1]; 4 [9]; 8 [63],3.0-3.5 [62]; 3 [7] ; 3.5 [8]; 8-10 [64]; 6-8 [66],15 [62]; 1 [7]; 1 [8]; 5 [64]; 32 [66],2.5 [1];  5.5-6.0 [63]; 3.0-4.1 [65],7 [1]; 8 [63]; 11 [65],3.8 [6]; 3.5-4.2 [65]; 4.5-6.0 [66],1 [6]; 135 [65]; 32 [66],"holometabolous insect pupae and prepupae (including cocooned Ichneumonoidea), spider egg sacs and Diptera larvae and puparia [20]",idiobiont ectoparasitoid [20],NA,"84. iNaturalist contributors, iNaturalist (2022). iNaturalist Research-grade Observations. iNaturalist.org. Occurrence dataset https://doi.org/10.15468/ab3s5x accessed via GBIF.org on 2022-05-03. Available from https://www.gbif.org/occurrence/3466078058",
Hymenoptera,Phygadeuontinae sp. 15,Ichneumonidae,Phygadeuontinae,3.2-3.7 [62]; 2.4-2.6 [1]; 3-4 [9]; 6.5-7.5 [63],18 [62]; 12 [1]; 4 [9]; 8 [63],3.0-3.5 [62]; 3 [7] ; 3.5 [8]; 8-10 [64]; 6-8 [66],15 [62]; 1 [7]; 1 [8]; 5 [64]; 32 [66],2.5 [1];  5.5-6.0 [63]; 3.0-4.1 [65],7 [1]; 8 [63]; 11 [65],3.8 [6]; 3.5-4.2 [65]; 4.5-6.0 [66],1 [6]; 135 [65]; 32 [66],"holometabolous insect pupae and prepupae (including cocooned Ichneumonoidea), spider egg sacs and Diptera larvae and puparia [20]",idiobiont ectoparasitoid [20],NA,"85. Harris, AC. 1978. Mimicry by a Longhorn Beetle, Neocalliprason elegans (Coleoptera: Cerambycidae), of its Parasitoid, Xanthocryptus novozealandicus (Hymenoptera: Ichneumonidae). New Zealand Entomologist, 6:4, 406-408, DOI: 10.1080/00779962.1978.9722305",
Hymenoptera,Phygadeuontinae sp. 16,Ichneumonidae,Phygadeuontinae,3.2-3.7 [62]; 2.4-2.6 [1]; 3-4 [9]; 6.5-7.5 [63],18 [62]; 12 [1]; 4 [9]; 8 [63],3.0-3.5 [62]; 3 [7] ; 3.5 [8]; 8-10 [64]; 6-8 [66],15 [62]; 1 [7]; 1 [8]; 5 [64]; 32 [66],2.5 [1];  5.5-6.0 [63]; 3.0-4.1 [65],7 [1]; 8 [63]; 11 [65],3.8 [6]; 3.5-4.2 [65]; 4.5-6.0 [66],1 [6]; 135 [65]; 32 [66],"holometabolous insect pupae and prepupae (including cocooned Ichneumonoidea), spider egg sacs and Diptera larvae and puparia [20]",idiobiont ectoparasitoid [20],NA,"86.  Schnitzler, FR. 2008. Hymenopteran Parasitoid Diversity & Tri-Trophic Interactions: The Effects of Habitat Fragmentation in Wellington, New Zealand. Victoria University of Wellington. Thesis. ",
Hymenoptera,Phygadeuontinae sp. 17,Ichneumonidae,Phygadeuontinae,3.2-3.7 [62]; 2.4-2.6 [1]; 3-4 [9]; 6.5-7.5 [63],18 [62]; 12 [1]; 4 [9]; 8 [63],3.0-3.5 [62]; 3 [7] ; 3.5 [8]; 8-10 [64]; 6-8 [66],15 [62]; 1 [7]; 1 [8]; 5 [64]; 32 [66],2.5 [1];  5.5-6.0 [63]; 3.0-4.1 [65],7 [1]; 8 [63]; 11 [65],3.8 [6]; 3.5-4.2 [65]; 4.5-6.0 [66],1 [6]; 135 [65]; 32 [66],"holometabolous insect pupae and prepupae (including cocooned Ichneumonoidea), spider egg sacs and Diptera larvae and puparia [20]",idiobiont ectoparasitoid [20],NA,"87. Berry, 1990. The New Zealand species of the subfamily Metopiinae (Hymenoptera: Ichneumonidae). New Zealand Journal of Zoology. DOI: 10.1080/03014223.1990.10422958",
Hymenoptera,Phygadeuontinae sp. 18,Ichneumonidae,Phygadeuontinae,3.2-3.7 [62]; 2.4-2.6 [1]; 3-4 [9]; 6.5-7.5 [63],18 [62]; 12 [1]; 4 [9]; 8 [63],3.0-3.5 [62]; 3 [7] ; 3.5 [8]; 8-10 [64]; 6-8 [66],15 [62]; 1 [7]; 1 [8]; 5 [64]; 32 [66],2.5 [1];  5.5-6.0 [63]; 3.0-4.1 [65],7 [1]; 8 [63]; 11 [65],3.8 [6]; 3.5-4.2 [65]; 4.5-6.0 [66],1 [6]; 135 [65]; 32 [66],"holometabolous insect pupae and prepupae (including cocooned Ichneumonoidea), spider egg sacs and Diptera larvae and puparia [20]",idiobiont ectoparasitoid [20],NA,"88. Barron, J.R. 1978. Systematics of the world Eucerotinae (Hymenoptera, Ichneumonidae) Part 2. Non-Nearctic species. Naturaliste Canadien. 105:327-374.",
Hymenoptera,Phygadeuontinae sp. 21,Ichneumonidae,Phygadeuontinae,3.2-3.7 [62]; 2.4-2.6 [1]; 3-4 [9]; 6.5-7.5 [63],18 [62]; 12 [1]; 4 [9]; 8 [63],3.0-3.5 [62]; 3 [7] ; 3.5 [8]; 8-10 [64]; 6-8 [66],15 [62]; 1 [7]; 1 [8]; 5 [64]; 32 [66],2.5 [1];  5.5-6.0 [63]; 3.0-4.1 [65],7 [1]; 8 [63]; 11 [65],3.8 [6]; 3.5-4.2 [65]; 4.5-6.0 [66],1 [6]; 135 [65]; 32 [66],"holometabolous insect pupae and prepupae (including cocooned Ichneumonoidea), spider egg sacs and Diptera larvae and puparia [20]",idiobiont ectoparasitoid [20],NA,"89. McGregor, PG; Watts PJ; Esson, MJ. 1987. Light trap records from southern North Island hill country. New Zealand Entomologist. Vol. 10.",
Hymenoptera,Phygadeuontinae sp. 22,Ichneumonidae,Phygadeuontinae,3.2-3.7 [62]; 2.4-2.6 [1]; 3-4 [9]; 6.5-7.5 [63],18 [62]; 12 [1]; 4 [9]; 8 [63],3.0-3.5 [62]; 3 [7] ; 3.5 [8]; 8-10 [64]; 6-8 [66],15 [62]; 1 [7]; 1 [8]; 5 [64]; 32 [66],2.5 [1];  5.5-6.0 [63]; 3.0-4.1 [65],7 [1]; 8 [63]; 11 [65],3.8 [6]; 3.5-4.2 [65]; 4.5-6.0 [66],1 [6]; 135 [65]; 32 [66],"holometabolous insect pupae and prepupae (including cocooned Ichneumonoidea), spider egg sacs and Diptera larvae and puparia [20]",idiobiont ectoparasitoid [20],NA,"90. VALENTINE, E. W. 1967: A list of the hosts of entomophagous insects of New Zealand. N.Z. Journal of Science 10 (4) : 11 00-209.",
Hymenoptera,Phytodietus zealandicus,Ichneumonidae,Tryphoninae,10.76 [75],5 [75],NA,NA,NA,NA,NA,NA,Parasitoid of Lepidoptera [75],"coinobionte, holometabolous [75]","Forest, fragment 1180 a 4738m2 [75]","91. Van Noort, S. 2022. WaspWeb: Hymenoptera of the Afrotropical region. URL: www.waspweb.org (accessed on <day/month/year>).",Média única entre Netelia ephippiata e Phytodietus zealandicu [ver 75]
Hymenoptera,Priocnemis conformis,Pompilidae,Pepsinae,8.48 [14]; 7.5-19 [92],1 [14]; 864 [92],1.55 [82]; 5-14 [92],1 [82]; 594 [92],6.5-14.5 [92],864 [92],1.18 [82]; 4.5-12 [92],1 [82]; 594 [92],Parasitoid of spiders [86],"coinobionte, holometabolous [86]","Forest, fragment 1180 a 4738m2 [86]","92. Harris, A.C. (1974) A Systematic Revision of the New Zealand Pompilidae (Hymenoptera) with Studies on Larvae, Life Histories, Distribution, Variation, Paleogeography, Hybrid-Zones, Mimicry, and Environmental Melanism. Thesis. Victoria University of Wellington. 264 pp.",
Hymenoptera,Priocnemis monachus,Pompilidae,Pepsinae,17.03 [82]; 12-26 [92],1  [82]; 16 [92],9.6-19.1 [92],6 [92],15.67  [82]; 11-22.5 [92],1  [82]; 16 [92],8.5-17 [92],6 [92],Parasitoid of spiders [86],"coinobionte, holometabolous [86]","Foreest, fragment 12190 a 19525m2 [86]",,
Hymenoptera,Proctotrupidae sp. 01,Proctotrupidae,,5.58 [61]; 2.0-7.66 [41],1 [61]; 5 [41],5 [41],1 [41],1.8-5.6 [40]; 1.88-4.9 [41],14 [40]; 5 [41],1.9-3.3 [40]; 3.58 [41],3 [40],Parasitoid of Coleoptera [40],endoparasitoids [40],Most species are in damp habitats [40],,
Hymenoptera,Sphictostethus fugax,Pompilidae,Pepsinae,8.0-15.0 [74],1350 [74],6.7-9.6 [74],980 [74],7.5-14.0 [74],1350 [74],6.5-9.3 [74],980 [74],"Parasitoid of spiders [74, 86]","coinobionte, holometabolous [74, 86]","forest, fragment 1180 a 27616m2 [86,74]",,
Hymenoptera,Sphictostethus nitidus,Pompilidae,Pepsinae,8.5-22.0 [74],855 [74],7.5-15.0 [74],593 [74], 7.5-19.0 [74],855 [74],7.0-13.0 [74],593 [74],"Parasitoid of spiders [74, 86]","coinobionte, holometabolous [74, 86]","forest, fragment 1180 a 27616m2 [86, 74]",,
Hymenoptera,Tersilochinae sp. 01,Ichneumonidae,Tersilochinae,2.9-4.87 [15]; 6-11 [69],8 [15]; 12 [69],5-9 [99]; 3-3.5 [70]; 3.5 [71],51 [99]; 4 [70]; 1 [71],2.16-4.0 [15],8 [15],2.65-2.8 [68],22 [68],The majority of species develop as parasitoids of larval Coleoptera [20],koinobiont endoparasitoids [67],NA,,
Hymenoptera,Tersilochinae sp. 02,Ichneumonidae,Tersilochinae,2.9-4.87 [15]; 6-11 [69],8 [15]; 12 [69],5-9 [99]; 3-3.5 [70]; 3.5 [71],51 [99]; 4 [70]; 1 [71],2.16-4.0 [15],8 [15],2.65-2.8 [68],22 [68],The majority of species develop as parasitoids of larval Coleoptera [20],koinobiont endoparasitoids [67],NA,,
Hymenoptera,Tersilochinae sp. 03,Ichneumonidae,Tersilochinae,2.9-4.87 [15]; 6-11 [69],8 [15]; 12 [69],5-9 [99]; 3-3.5 [70]; 3.5 [71],51 [99]; 4 [70]; 1 [71],2.16-4.0 [15],8 [15],2.65-2.8 [68],22 [68],The majority of species develop as parasitoids of larval Coleoptera [20],koinobiont endoparasitoids [67],NA,,
Hymenoptera,Tersilochinae sp. 04,Ichneumonidae,Tersilochinae,2.9-4.87 [15]; 6-11 [69],8 [15]; 12 [69],5-9 [99]; 3-3.5 [70]; 3.5 [71],51 [99]; 4 [70]; 1 [71],2.16-4.0 [15],8 [15],2.65-2.8 [68],22 [68],The majority of species develop as parasitoids of larval Coleoptera [20],koinobiont endoparasitoids [67],NA,,
Hymenoptera,Tersilochinae sp. 05,Ichneumonidae,Tersilochinae,2.9-4.87 [15]; 6-11 [69],8 [15]; 12 [69],5-9 [99]; 3-3.5 [70]; 3.5 [71],51 [99]; 4 [70]; 1 [71],2.16-4.0 [15],8 [15],2.65-2.8 [68],22 [68],The majority of species develop as parasitoids of larval Coleoptera [20],koinobiont endoparasitoids [67],NA,,
Hymenoptera,Tersilochinae sp. 06,Ichneumonidae,Tersilochinae,2.9-4.87 [15]; 6-11 [69],8 [15]; 12 [69],5-9 [99]; 3-3.5 [70]; 3.5 [71],51 [99]; 4 [70]; 1 [71],2.16-4.0 [15],8 [15],2.65-2.8 [68],22 [68],The majority of species develop as parasitoids of larval Coleoptera [20],koinobiont endoparasitoids [67],NA,,
Hymenoptera,Tersilochinae sp. 07,Ichneumonidae,Tersilochinae,2.9-4.87 [15]; 6-11 [69],8 [15]; 12 [69],5-9 [99]; 3-3.5 [70]; 3.5 [71],51 [99]; 4 [70]; 1 [71],2.16-4.0 [15],8 [15],2.65-2.8 [68],22 [68],The majority of species develop as parasitoids of larval Coleoptera [20],koinobiont endoparasitoids [67],NA,,
Hymenoptera,Tersilochinae sp. 08,Ichneumonidae,Tersilochinae,2.9-4.87 [15]; 6-11 [69],8 [15]; 12 [69],5-9 [99]; 3-3.5 [70]; 3.5 [71],51 [99]; 4 [70]; 1 [71],2.16-4.0 [15],8 [15],2.65-2.8 [68],22 [68],The majority of species develop as parasitoids of larval Coleoptera [20],koinobiont endoparasitoids [67],NA,,
Hymenoptera,Tersilochinae sp. 09,Ichneumonidae,Tersilochinae,2.9-4.87 [15]; 6-11 [69],8 [15]; 12 [69],5-9 [99]; 3-3.5 [70]; 3.5 [71],51 [99]; 4 [70]; 1 [71],2.16-4.0 [15],8 [15],2.65-2.8 [68],22 [68],The majority of species develop as parasitoids of larval Coleoptera [20],koinobiont endoparasitoids [67],NA,,
Hymenoptera,Xanthocryptus novozealandicus,Ichneumonidae,Phygadeuontinae,12.5 [83],26 [83],10.9 [83],26 [83],5.96 [84],1 [84],NA,NA,"Beetles (Cerambycidae) [85, 86, 90]","coinobionte, holometabolous [85, 86, 90]","forest, fragment 3804 a 4738m2  [85, 86, 90]",,
Hymenoptera,Xenolytus bitinctus,Ichneumonidae,Phygadeuontinae,3.5-7.0 [72],25 [72],2.0-6.0 [72],26 [72],NA,NA,NA,NA,"Parasitoid of Lepidoptera: Geometridae, Gelechiidae [86, 91]","coinobionte, holometabolous [86, 91]","fosrest, fragment 1635m2 [86, 91]",,
,,,,,,,,,,,,,,,,
,,,,,,,,,,,,,,,,
,,,,,,,,,,,,,,,,
,,,,,,,,,,,,,,,,
,,,,,,,,,,,,,,,,
,,,,,,,,,,,,,,,,
