scientific_name;new name;Family1;Order1;Avibase.ID1;Total.individuals;Female;Male;Unknown;Complete.measures;Beak.Length_Culmen;Beak.Length_Nares;Beak.Width;Beak.Depth;Tarsus.Length;Wing.Length;Kipps.Distance;Secondary1;Hand.Wing.Index;Tail.Length;Mass;Mass.Source;Mass.Refs.Other;Inference;Traits.inferred;Reference.species;Habitat;Habitat.Density;Migration;Trophic.Level;Trophic.Niche;Primary.Lifestyle;Min.Latitude;Max.Latitude;Centroid.Latitude;Centroid.Longitude;Range.Size;taxon_no_data
Actitis hypoleucos;Actitis hypoleucos;Scolopacidae;Charadriiformes;AVIBASE-8548B07E;11;2;3;6;4;30.1;19.9;3.1;4;22.4;109.9;51.1;55.4;48;57.4;48;Dunning;NA;NO;NA;NA;Wetland;3;3;Carnivore;Aquatic predator;Terrestrial;29.79;71.19;55.26;79.82;25847437.41;trait available
Agricola pallidus;Agricola pallidus;Muscicapidae;Passeriformes;AVIBASE-FA03A965;14;4;4;6;10;16.4;9.6;3.7;4.2;20.9;89.9;17.3;73;19;72.8;23.6;Dunning;NA;NO;NA;NA;Woodland;2;1;Carnivore;Invertivore;Insessorial;-29.81;16.54;-4.16;22.72;9110671.42;trait available
Alexandrinus krameri;Alexandrinus krameri;Psittacidae;Psittaciformes;AVIBASE-6B1CFC3C;9;4;5;0;8;25.4;22.7;14.4;20.8;13.8;155.8;75.3;82.2;47.7;215.2;116.1;Dunning;NA;NO;NA;NA;Forest;2;1;Herbivore;Omnivore;Insessorial;3.6;34.92;17.19;46.52;7699517.78;trait available
Amazilia coeruleogularis;Amazilia coeruleogularis;Trochilidae;Caprimulgiformes;AVIBASE-D3D0C21B;5;2;3;0;4;21.5;16.8;2;2;5.3;47.2;30;16.7;64.3;33.6;4.2;Dunning;NA;NO;NA;NA;Shrubland;2;1;Herbivore;Nectarivore;Aerial;7.2;11.3;8.78;-77.93;88891.44;trait available
Anabacerthia lichtensteini;Anabacerthia lichtensteini;Furnariidae;Passeriformes;AVIBASE-5A7FA9E2;8;0;6;2;4;16.9;11;3.7;5.2;18.6;78.2;13.8;64.6;17.5;74;21;Dunning;NA;NO;NA;NA;Forest;1;1;Carnivore;Invertivore;Insessorial;-29.59;-13.51;-21.76;-49.37;1589284.85;trait available
Anastomus oscitans;Anastomus oscitans;Ciconiidae;Ciconiiformes;AVIBASE-0DF27D63;5;2;3;0;4;156.7;129;21.5;37.7;137.7;397;160.5;238.8;40.2;162.4;1590;Dunning ;NA;NO;NA;NA;Wetland;3;2;Carnivore;Aquatic predator;Terrestrial;5.92;29.12;20.66;85.13;2119789.43;trait available
Apalis thoracica;Apalis thoracica;Cisticolidae;Passeriformes;AVIBASE-B285E2B0;13;4;4;5;8;14.9;8.1;2.6;2.5;20.5;51.1;5.6;45.4;11;51.4;11.1;Dunning;NA;NO;NA;NA;Forest;2;1;Carnivore;Invertivore;Insessorial;-34.84;-2.62;-21.17;30.06;1229497.4;trait available
Aplopelia larvata;Aplopelia larvata;Columbidae;Columbiformes;AVIBASE-EE40DDB6;18;6;7;5;8;21.7;19;3.3;3.7;26;143.1;42.1;101.7;29.3;92.9;155;Dunning;NA;NO;NA;NA;Forest;2;1;Herbivore;Granivore;Terrestrial;-34.84;16.48;-5.7;27.89;2621498.99;trait available
Ardea alba;Ardea alba;Ardeidae;Pelecaniformes;AVIBASE-49D9148A;16;4;7;5;8;126.3;90.4;12;18.1;141.6;378.8;120.7;257.2;32.1;140.5;871.3;Dunning;NA;NO;NA;NA;Wetland;3;2;Carnivore;Aquatic predator;Terrestrial;-52.61;57.34;10.02;28.87;74898555.49;trait available
Ardea intermedia;Ardea intermedia;Ardeidae;Pelecaniformes;AVIBASE-30785911;5;2;3;0;4;90.4;61.4;10.5;14.1;104.2;303.4;98.4;202.3;32.7;117.8;458.8;Dunning;NA;NO;NA;NA;Wetland;3;2;Carnivore;Aquatic predator;Terrestrial;-8.85;39.29;21.5;99.46;5469087.01;trait available
Ardea purpurea;Ardea purpurea;Ardeidae;Pelecaniformes;AVIBASE-3395DCF1;9;4;5;0;4;125.9;102.5;13.6;19.6;117.5;349.7;118.2;230.8;33.9;113.2;1064.5;Dunning;NA;NO;NA;NA;Wetland;3;3;Carnivore;Aquatic predator;Terrestrial;-34.84;53.18;14.68;50.93;34922824.77;trait available
Arizelocichla milanjensis;Arizelocichla milanjensis;Pycnonotidae;Passeriformes;AVIBASE-8479F56E;9;5;4;0;4;21;10.7;3.9;4.8;22.8;94.7;15.1;80.3;15.8;88.1;37.4;Dunning;NA;NO;NA;NA;Forest;2;1;Omnivore;Omnivore;Insessorial;-20.82;-15.77;-18.94;33.23;42374.09;trait available
Arizelocichla montana;Arizelocichla montana;Pycnonotidae;Passeriformes;AVIBASE-0802ADF1;5;2;3;0;4;17.2;8.7;4;4.2;21.1;82.8;8.9;74.4;10.6;83.2;32.6;Dunning;NA;NO;NA;NA;Forest;1;1;Herbivore;Frugivore;Insessorial;4.06;7.96;6.22;10.43;61327.27;trait available
Arizelocichla tephrolaema;Arizelocichla tephrolaema;Pycnonotidae;Passeriformes;AVIBASE-DA399CC6;5;2;2;1;4;17.2;9.2;3.8;4.2;19.8;82.4;12.6;69.9;15.3;73.2;38.3;Dunning;NA;NO;NA;NA;Forest;1;1;Herbivore;Frugivore;Insessorial;3.21;7.75;5.92;10.31;59489.94;trait available
Arremon semitorquatus;Arremon semitorquatus;Passerellidae;Passeriformes;AVIBASE-401DC20C;2;1;1;0;2;15.2;9.4;5.7;7.7;25.2;70;4.2;65.8;6.1;70.5;25;Updated_literature;BoW;NO;NA;NA;Forest;1;1;Herbivore;Omnivore;Insessorial;-26.45;-18.96;-22.7;-45.36;215137.21;trait available
Asemospiza fuliginosa;Asemospiza fuliginosa;Thraupidae;Passeriformes;AVIBASE-F2091EB7;7;2;3;2;5;12.2;7.8;6;7.5;15.6;57.4;10.3;47.5;17.9;43.9;13.3;Dunning;NA;NO;NA;NA;Shrubland;2;2;Herbivore;Granivore;Insessorial;-26.14;11.27;-15.69;-47.33;951776.68;trait available
Atalotriccus pilaris;Atalotriccus pilaris;Tyrannidae;Passeriformes;AVIBASE-CD3601B0;4;0;2;2;4;13.6;6.3;3.4;2.6;15.4;41.2;3.6;37.6;8.8;33.4;6.8;Dunning;NA;NO;NA;NA;Woodland;2;1;Carnivore;Invertivore;Insessorial;2.29;12.46;7.68;-69.45;813969.64;trait available
Baeolophus bicolor;Baeolophus bicolor;Paridae;Passeriformes;AVIBASE-B488AB70;17;5;10;2;11;13.3;8.8;4.9;5.5;20.5;77.9;12.5;65.2;16.1;68.6;21.6;Dunning;NA;NO;NA;NA;Forest;1;1;Carnivore;Invertivore;Insessorial;25.84;45.77;36.97;-86.71;2969712.5;trait available
Bambusicola thoracicus;Bambusicola thoracicus;Phasianidae;Galliformes;AVIBASE-59ECAD9D;5;2;3;0;4;19.9;9.8;6.4;6.8;36.7;128.4;30.5;97.2;23.9;90.4;264.8;Dunning;NA;NO;NA;NA;Forest;2;1;Herbivore;Omnivore;Terrestrial;22.87;33.13;28.51;112.46;1284965.77;trait available
Bleda canicapillus;Bleda canicapillus;Pycnonotidae;Passeriformes;AVIBASE-D4B9EE90;19;2;2;15;16;20.1;13.3;5.3;6.4;25.5;98.4;13.4;85.3;13.5;91.3;41.3;Updated_literature;BoW;NO;NA;NA;Forest;1;1;Carnivore;Invertivore;Generalist;4.28;13.46;7.87;-4.78;1094053.69;trait available
Bocagia minuta;Bocagia minuta;Malaconotidae;Passeriformes;AVIBASE-7DCA1C1E;10;2;8;0;4;22.9;11.8;6.3;8.3;26.8;73.4;6.6;66.6;9;78.7;34.4;Dunning;NA;NO;NA;NA;Wetland;3;1;Carnivore;Invertivore;Insessorial;-19.17;16.06;-2.02;21.22;3369836.92;trait available
Bradypterus bangwaensis;Bradypterus bangwaensis;Locustellidae;Passeriformes;AVIBASE-AD3FBCA9;5;2;3;0;4;15.7;8;2.8;3.4;24.1;61.3;5.1;56;8.3;65.6;21;Dunning;NA;NO;NA;NA;Forest;1;1;Carnivore;Invertivore;Insessorial;4.13;7.45;6.19;10.67;6930.35;trait available
Buteogallus anthracinus;Buteogallus anthracinus;Accipitridae;Accipitriformes;AVIBASE-97FDBB06;5;2;3;0;4;39.6;25.1;12.9;17.5;78.6;355.2;106;239.5;30.7;206.2;975.1;Dunning;NA;NO;NA;NA;Woodland;2;1;Carnivore;Aquatic predator;Insessorial;-3.68;34.7;18.62;-93.02;1898078.97;trait available
Butorides striata;Butorides striata;Ardeidae;Pelecaniformes;AVIBASE-9973F7CE;31;11;11;9;13;69.2;51.8;9.1;11.2;49.7;175.9;53.2;125.5;29.8;63.6;201.5;Dunning;NA;NO;NA;NA;Wetland;3;1;Carnivore;Aquatic predator;Terrestrial;-41.16;54.29;7.56;7.37;53556698.29;trait available
Calliope calliope;Calliope calliope;Muscicapidae;Passeriformes;AVIBASE-786B0F98;5;2;3;0;4;16.2;8.9;3.4;3.7;28.8;78.2;17.7;59.8;22.8;63.4;18.5;Dunning;NA;NO;NA;NA;Shrubland;2;3;Carnivore;Invertivore;Terrestrial;32.23;70.06;57.27;112.34;10841460.62;trait available
Camaroptera brachyura;Camaroptera brachyura;Cisticolidae;Passeriformes;AVIBASE-DC456636;53;7;7;39;43;14.4;8.2;3;2.9;21.4;52.8;4.2;48.7;7.8;40.6;9.7;Dunning;NA;NO;NA;NA;Forest;1;1;Carnivore;Invertivore;Insessorial;-34.21;19.63;-0.52;21.31;15929835.83;trait available
Camaroptera chloronota;Camaroptera chloronota;Cisticolidae;Passeriformes;AVIBASE-F58AF0FB;20;3;5;12;11;14.5;8.6;3.3;2.9;21.7;52;3.8;47.7;7.2;27.8;11.4;Dunning;NA;NO;NA;NA;Forest;1;1;Carnivore;Invertivore;Insessorial;-5.66;9.86;4.12;4.46;1659026;trait available
Campylorhamphus falcularius;Campylorhamphus falcularius;Furnariidae;Passeriformes;AVIBASE-3BDB5DE7;9;1;4;4;4;71.3;63.2;4.3;5.8;22.2;99.5;13.9;85.5;14;98.4;42.6;Dunning;NA;NO;NA;NA;Forest;1;1;Carnivore;Invertivore;Insessorial;-30.13;-12.31;-23.57;-48.33;876884.84;trait available
Capsiempis flaveola;Capsiempis flaveola;Tyrannidae;Passeriformes;AVIBASE-C4D2BEC1;13;5;6;2;4;10.8;6.3;4;3.1;16;49;6.1;41;12.9;48.5;7.7;Dunning;NA;NO;NA;NA;Forest;1;1;Carnivore;Invertivore;Insessorial;-28.14;12.46;-5.98;-57.99;5724076.64;trait available
Caracara plancus;Caracara plancus;Falconidae;Falconiformes;AVIBASE-7C22C3D3;30;11;11;8;7;43.8;29.8;14.8;23.9;79.1;378.7;92.3;284.6;24.4;205.3;1078.6;Dunning;NA;NO;NA;NA;Shrubland;3;1;Omnivore;Omnivore;Terrestrial;-55.72;-2.37;-24.93;-57.08;9019115.11;trait available
Carterornis chrysomela;Carterornis chrysomela;Monarchidae;Passeriformes;AVIBASE-6778547A;10;2;8;0;4;16.4;9.1;5.1;4.5;17.9;72;11.3;60.8;15.6;55.7;15.6;Dunning;NA;NO;NA;NA;Forest;1;1;Carnivore;Invertivore;Insessorial;-10.72;0;-5.26;141.05;651592.49;trait available
Ceblepyris caesius;Ceblepyris caesius;Campephagidae;Passeriformes;AVIBASE-C7B05F46;11;2;9;0;4;22.1;13.2;8.1;7;23.8;120.6;28.4;91.5;23.7;116.2;47.3;Dunning;NA;NO;NA;NA;Forest;1;1;Carnivore;Invertivore;Insessorial;-34.84;10.03;-7.94;32.27;905645.62;trait available
Centropus superciliosus;Centropus superciliosus;Cuculidae;Cuculiformes;AVIBASE-BD2BC35C;9;4;5;0;4;31.5;16.8;7.1;11.6;38.9;157.9;23.7;135.1;14.9;209.1;148.5;Dunning;NA;NO;NA;NA;Wetland;1;1;Carnivore;Invertivore;Terrestrial;-34.84;19.04;-7.54;31.11;7292900.16;trait available
Ceuthmochares aereus;Ceuthmochares aereus;Cuculidae;Cuculiformes;AVIBASE-E0D521B7;6;3;3;0;4;27.4;19.9;9.9;10.7;27.6;117.2;15.8;102.4;13.4;185.3;65.8;Dunning;NA;NO;NA;NA;Forest;1;1;Carnivore;Invertivore;Insessorial;-11.09;13.49;-0.57;17.73;4005421.1;trait available
Ceyx pusillus;Ceyx pusillus;Alcedinidae;Coraciiformes;AVIBASE-9F840FEA;5;2;3;0;4;28.9;22.7;5.1;6.4;8;50.8;11.9;38.6;23.6;24.6;13.3;Dunning;NA;NO;NA;NA;Forest;2;1;Carnivore;Aquatic predator;Insessorial;-24.86;2.23;-8.47;140.75;910124.54;trait available
Chalcites minutillus;Chalcites minutillus;Cuculidae;Cuculiformes;AVIBASE-28101531;11;5;5;1;8;18.8;12.2;5.1;4.7;14.7;93.2;35.4;58.5;37.7;59.6;18.6;Dunning;NA;NO;NA;NA;Forest;1;1;Carnivore;Invertivore;Insessorial;-31.45;11.31;-9.9;133.84;2896885.75;trait available
Chalcomitra amethystina;Chalcomitra amethystina;Nectariniidae;Passeriformes;AVIBASE-B022292C;22;8;14;0;13;24.8;18.3;3.7;3.4;15.6;65.1;10.1;54.7;15.6;42.1;13.7;Dunning;NA;NO;NA;NA;Woodland;2;2;Omnivore;Omnivore;Insessorial;-34.49;4.41;-13.93;28.6;3590561.92;trait available
Chamaetylas poliocephala;Chamaetylas poliocephala;Muscicapidae;Passeriformes;AVIBASE-8B7A6FE9;177;4;6;167;5;19.2;11;4.6;5.2;27;86.5;14.8;74.6;16.5;56.8;32.4;Dunning;NA;NO;NA;NA;Forest;1;1;Carnivore;Invertivore;Terrestrial;-10.8;9.54;2.78;12.92;1599692.41;trait available
Chloris chloris;Chloris chloris;Fringillidae;Passeriformes;AVIBASE-65BD2033;30;14;16;0;8;14.4;11;7.6;8.8;17.3;85.3;27.8;57.4;32.5;55.7;26;Dunning;NA;NO;NA;NA;Woodland;2;1;Herbivore;Granivore;Generalist;27.64;70.26;50.67;25.85;10220595.83;trait available
Chloris sinica;Chloris sinica;Fringillidae;Passeriformes;AVIBASE-684A6610;5;2;3;0;2;13.8;8.7;6.4;7.8;14.5;76.1;25.2;49.9;33.5;48.3;18.6;Dunning;NA;NO;NA;NA;Shrubland;2;1;Herbivore;Granivore;Generalist;10.91;59.81;37.44;119.75;6303643.12;trait available
Chlorophoneus multicolor;Chlorophoneus multicolor;Malaconotidae;Passeriformes;AVIBASE-3703187C;10;2;8;0;4;23.1;13.1;6.2;7.4;26.5;99.5;10;89.4;10;90.7;50.9;Dunning;NA;NO;NA;NA;Forest;1;1;Carnivore;Invertivore;Insessorial;-10.64;9.68;3.58;7.4;1682374.81;trait available
Chlorophoneus nigrifrons;Chlorophoneus nigrifrons;Malaconotidae;Passeriformes;AVIBASE-5CE2F0DC;16;4;12;0;4;21.2;11.5;5.4;6.3;25.6;91;10.8;80.6;11.8;87.1;34.8;Dunning;NA;NO;NA;NA;Forest;1;1;Carnivore;Invertivore;Insessorial;-24.23;1.29;-10.42;28.39;540075.23;trait available
Chlorostilbon lucidus;Chlorostilbon lucidus;Trochilidae;Caprimulgiformes;AVIBASE-69D81B74;10;2;7;1;4;16.9;14.8;2.5;1.9;3.5;49.6;28.6;17.3;62.3;27.8;3.5;Dunning;NA;NO;NA;NA;Shrubland;2;2;Herbivore;Nectarivore;Aerial;-36.65;-3.16;-19.91;-51.8;5788276.16;trait available
Cinnyris mediocris;Cinnyris mediocris;Nectariniidae;Passeriformes;AVIBASE-EF6101F4;9;4;5;0;4;19.3;13.7;3.2;2.8;15.4;53.1;8.1;44.9;15.1;38.7;8.2;Dunning;NA;NO;NA;NA;Forest;2;1;Herbivore;Nectarivore;Insessorial;-3.93;2.88;-0.38;36.38;195956.74;trait available
Cinnyris venustus;Cinnyris venustus;Nectariniidae;Passeriformes;AVIBASE-8E9E45B5;33;15;16;2;23;18.1;12.9;3.2;2.8;15;50.2;6.9;43.3;13.8;33.5;6.6;Dunning;NA;NO;NA;NA;Woodland;2;1;Omnivore;Nectarivore;Insessorial;-22.17;17.82;-1.21;28.13;5595541.69;trait available
Cissopis leverianus;Cissopis leverianus;Thraupidae;Passeriformes;AVIBASE-7766CC3C;10;5;5;0;4;19.8;12.1;7.7;9.4;25.9;106.3;13.8;91;13.1;129;76;Dunning;NA;NO;NA;NA;Woodland;2;1;Omnivore;Omnivore;Insessorial;-28.42;9.67;-9.52;-60.84;5410821.02;trait available
Clamator levaillantii;Clamator levaillantii;Cuculidae;Cuculiformes;AVIBASE-3C8C3A31;5;2;3;0;4;28;17.9;7.5;8.8;30.6;174.4;46.6;127.4;26.8;215.2;122;Dunning;NA;NO;NA;NA;Grassland;2;3;Carnivore;Invertivore;Insessorial;-27.61;16.69;-3.5;21.1;9843346.04;trait available
Coccopygia quartinia;Coccopygia quartinia;Estrildidae;Passeriformes;AVIBASE-B9BE800C;9;4;5;0;4;8.7;6.3;4.2;5;13;46.8;7.7;39;16.6;36.9;6.7;Dunning;NA;NO;NA;NA;Shrubland;2;1;Omnivore;Granivore;Generalist;-21.15;14.85;-0.47;35.35;676732.96;trait available
Colinus virginianus;Colinus virginianus;Odontophoridae;Galliformes;AVIBASE-91CCBC71;4;2;2;0;4;14.9;8.6;7;8.4;29.6;109.8;30.3;79.4;27.6;56.8;171.9;Dunning;NA;NO;NA;NA;Human Modified;2;1;Herbivore;Omnivore;Terrestrial;14.51;45.69;34.48;-91.61;4364464.18;trait available
Conopias trivirgatus;Conopias trivirgatus;Tyrannidae;Passeriformes;AVIBASE-C5A7C594;4;1;3;0;4;16.6;10.7;5.8;4.8;15.1;65;12.4;52.6;19.1;51.2;21;Inferred;NA;YES;Body Mass;Conopias parvus;Forest;1;1;Carnivore;Invertivore;Insessorial;-28.52;4.44;-14.66;-55.76;2019072.42;trait available
Corvus macrorhynchos;Corvus macrorhynchos;Corvidae;Passeriformes;AVIBASE-F4C4F838;63;18;42;3;26;62;42.3;17.4;21.9;57;318.6;111.2;207.6;34.8;182.9;513.1;Dunning;NA;NO;NA;NA;Woodland;2;1;Omnivore;Omnivore;Generalist;-10.74;55.35;29.04;107.25;13313192.58;trait available
Cossypha albicapillus;Cossypha albicapillus;Muscicapidae;Passeriformes;AVIBASE-FA3C53B8;5;2;3;0;4;23.3;14.4;5.1;5.9;34;124.8;20;103.5;16.2;131.4;58.5;Dunning;NA;NO;NA;NA;Woodland;2;1;Carnivore;Invertivore;Terrestrial;5.27;15.81;10.07;-0.45;1269495.3;trait available
Crithagra burtoni;Crithagra burtoni;Fringillidae;Passeriformes;AVIBASE-8E8B3DB9;9;4;5;0;4;16.8;12.4;8.7;11.4;20.9;87.7;17.7;69.6;20.2;67.6;30.5;Dunning;NA;NO;NA;NA;Forest;1;1;Herbivore;Granivore;Insessorial;-12.88;7.62;-0.64;27.88;400739.28;trait available
Crithagra mozambica;Crithagra mozambica;Fringillidae;Passeriformes;AVIBASE-169B483C;17;7;7;3;10;10.3;7;5;5.9;14.4;68.2;15;53.4;22;43.4;11.9;Dunning;NA;NO;NA;NA;Shrubland;3;1;Herbivore;Omnivore;Generalist;-34.21;16.78;-4.04;21.47;9532014.48;trait available
Cyanistes caeruleus;Cyanistes caeruleus;Paridae;Passeriformes;AVIBASE-9BE53D34;17;8;9;0;4;9.7;5.8;3.2;4.2;15.2;65.6;13.8;51.8;21;51.4;11.1;Updated_literature;BoW;NO;NA;NA;Forest;1;1;Omnivore;Invertivore;Insessorial;29.93;67.75;50.72;26.02;8753389.8;trait available
Cyanoderma erythropterum;Cyanoderma erythropterum;Timaliidae;Passeriformes;AVIBASE-89FA492A;0;0;0;0;0;16;9.8;3.4;4;21.1;59.7;5.6;53.8;9.4;48.2;12.6;Dunning;NA;YES;Beak Culmen;;;;;;;;;;;;;trait available
Cyanoderma ruficeps;Cyanoderma ruficeps;Timaliidae;Passeriformes;AVIBASE-8DA71DFB;5;1;3;1;4;15;8.9;2.6;3.3;19.6;55;5.4;50;9.8;47;10.3;Dunning;NA;NO;NA;NA;Shrubland;1;1;Carnivore;Invertivore;Insessorial;11.34;34.2;27.11;106.57;2205807;trait available
Cyanoderma rufifrons;Cyanoderma rufifrons;Timaliidae;Passeriformes;AVIBASE-2D0AAC5C;11;4;7;0;9;14.1;8;2.9;3.3;16.5;51.7;6.7;45.3;12.8;44.3;10.6;Dunning;NA;NO;NA;NA;Forest;1;1;Carnivore;Invertivore;Insessorial;-5.95;29.23;14.14;100.68;2386114.61;trait available
Cyanograucalus azureus;Cyanograucalus azureus;Campephagidae;Passeriformes;AVIBASE-DCFBF7FD;9;2;7;0;4;21.5;11;7.2;6.5;20.9;106.1;23.4;82.4;22.1;73.4;46.1;Dunning;NA;NO;NA;NA;Forest;1;1;Carnivore;Invertivore;Insessorial;-5.9;8.56;2.64;10.67;1644557.76;trait available
Cyanoloxia brissonii;Cyanoloxia brissonii;Cardinalidae;Passeriformes;AVIBASE-7B852242;46;21;19;6;4;15.2;11.4;7.7;11.6;20.1;75.6;11.4;65.4;14.8;69.9;27.5;Dunning;NA;NO;NA;NA;Forest;2;1;Herbivore;Frugivore;Insessorial;-34.98;12.2;-19.44;-52.33;5851913.65;trait available
Cyanomitra obscura;Cyanomitra olivacea;Nectariniidae;Passeriformes;AVIBASE-EE79A5EF;373;114;142;117;68;23.4;18;4;3.2;16.1;58.2;10.1;48;17.3;45.6;9.7;Dunning;NA;NO;NA;NA;Forest;1;1;Omnivore;Omnivore;Insessorial;-33.47;14.19;-3.22;22.12;5394958.82;trait available
Cyanomitra olivacea;Cyanomitra olivacea;Nectariniidae;Passeriformes;AVIBASE-EE79A5EF;373;114;142;117;68;23.4;18;4;3.2;16.1;58.2;10.1;48;17.3;45.6;9.7;Dunning;NA;NO;NA;NA;Forest;1;1;Omnivore;Omnivore;Insessorial;-33.47;14.19;-3.22;22.12;5394958.82;trait available
Cyanomitra verreauxii;Cyanomitra verreauxii;Nectariniidae;Passeriformes;AVIBASE-C1CBA33A;5;2;3;0;4;24.9;19;3.5;3.2;16.4;59.5;9.7;49.7;16.3;48.6;11.5;Dunning;NA;NO;NA;NA;Forest;2;2;Omnivore;Omnivore;Insessorial;-34.05;2.25;-19.36;34.79;155165.64;trait available
Cyornis umbratilis;Cyornis umbratilis;Muscicapidae;Passeriformes;AVIBASE-F63B6317;5;2;3;0;4;17.1;11.8;5.7;4.4;16;76.2;15.4;60.9;20.2;61.4;18.2;Dunning;NA;NO;NA;NA;Forest;1;1;Carnivore;Invertivore;Insessorial;-6.17;7.1;0.75;108.44;1143162.84;trait available
Dendropicos elliotii;Dendropicos elliotii;Picidae;Piciformes;AVIBASE-420A6ADC;4;2;2;0;4;21.6;17.1;5.6;5.9;17.4;91.8;14.9;76.8;16.3;64.8;37.2;Dunning;NA;NO;NA;NA;Forest;1;1;Carnivore;Invertivore;Insessorial;-12.84;5.14;-2;20.69;755495.27;trait available
Dendroplex picus;Dendroplex picus;Furnariidae;Passeriformes;AVIBASE-9C163605;20;7;9;4;4;28.6;22.6;4.8;6.5;20.7;98.2;18;83;17.8;83.4;41.3;Dunning;NA;NO;NA;NA;Forest;2;1;Carnivore;Invertivore;Insessorial;-21.87;12.46;-4.68;-59.42;9856567.73;trait available
Dessonornis caffer;Dessonornis caffer;Muscicapidae;Passeriformes;AVIBASE-A38BABE1;8;4;4;0;4;18.8;10;3.6;4;29.1;80.8;11.8;69;14.6;74.6;28.5;Dunning;NA;NO;NA;NA;Forest;2;1;Carnivore;Invertivore;Generalist;-34.84;4.66;-21.08;28.87;1628062.49;trait available
Dryobates pubescens;Dryobates pubescens;Picidae;Piciformes;AVIBASE-1B2A6386;11;5;6;0;5;17.4;12.2;4.9;4.8;15.8;91.3;24.3;65.9;27;58.6;25.6;Dunning;NA;NO;NA;NA;Woodland;2;1;Carnivore;Invertivore;Insessorial;24.53;68.3;48.23;-104.67;12800223.82;trait available
Dyaphorophyia blissetti;Dyaphorophyia blissetti;Platysteiridae;Passeriformes;AVIBASE-5369EE11;10;2;8;0;4;15;7.8;5.5;4.2;18.1;52.3;3.6;48.4;7;24.5;11;Dunning;NA;NO;NA;NA;Forest;1;1;Carnivore;Invertivore;Insessorial;4.28;10.34;6.76;-4.85;473029.12;trait available
Dyaphorophyia castanea;Dyaphorophyia castanea;Platysteiridae;Passeriformes;AVIBASE-8D562259;33;10;19;4;11;16.2;8.7;5.4;4.1;16;60;6;54;10.1;26.2;14.1;Dunning;NA;NO;NA;NA;Forest;1;1;Carnivore;Invertivore;Insessorial;-10.97;7.59;-1.17;19.9;3596708.42;trait available
Edolisoma melas;Edolisoma melas;Campephagidae;Passeriformes;AVIBASE-E3168FD6;10;2;8;0;4;24.9;14.2;7.4;7.1;23.2;119;24.3;94.8;20.4;88.7;59.4;Dunning;NA;NO;NA;NA;Forest;1;1;Carnivore;Invertivore;Insessorial;-10.7;0.04;-5.36;141.03;592908.62;trait available
Edolisoma tenuirostre;Edolisoma tenuirostre;Campephagidae;Passeriformes;AVIBASE-F177B288;16;5;11;0;4;27.2;16.3;7.9;7.9;24.6;128.1;41.2;87.8;31.9;93.1;60.9;Dunning;NA;NO;NA;NA;Shrubland;2;1;Carnivore;Invertivore;Insessorial;-38.89;6.68;-16.67;142.79;2156165.11;trait available
Elaenia X;NA;Tyrannidae;Passeriformes;NA;9;3.5;4.333333333;1.166666667;3.666666667;13.6;7.616666667;4.433333333;3.9;19.81666667;74.9;13.18333333;61.78333333;17.8;68.98333333;18.9;#DIV/0!;#DIV/0!;#DIV/0!;#DIV/0!;#DIV/0!;#DIV/0!;2.333333333;1.5;#DIV/0!;#DIV/0!;#DIV/0!;-14.335;8.576666667;-3.408333333;-65.25833333;2442569.107;trait available
Erythrogenys erythrogenys;Erythrogenys erythrogenys;Timaliidae;Passeriformes;AVIBASE-DA20DCA9;8;3;4;1;7;33.8;24.5;5.1;6.6;36.9;94.8;5.2;88.4;5.5;107.8;54.9;Dunning;NA;NO;NA;NA;Shrubland;1;1;Carnivore;Invertivore;Terrestrial;16.68;35.49;28.08;85.35;400892.95;trait available
Erythropitta erythrogaster;Erythropitta erythrogaster;Pittidae;Passeriformes;AVIBASE-E54E08FD;5;2;3;0;4;20.3;13.7;6.7;7;34;89.6;21.3;67.7;23.9;32.6;72.4;Dunning;NA;NO;NA;NA;Forest;1;1;Carnivore;Invertivore;Terrestrial;5.05;18.65;11.75;122.89;289376.94;trait available
Eudynamys scolopaceus;Eudynamys scolopaceus;Cuculidae;Cuculiformes;AVIBASE-A412E6AE;10;6;4;0;8;32.1;20.4;10.3;10.6;31;196.4;62.4;136.4;31.4;179.7;194.9;Dunning;NA;NO;NA;NA;Woodland;2;2;Herbivore;Frugivore;Insessorial;-34.36;35.41;19.56;97.74;9692360.68;trait available
Eupetomena macroura;Eupetomena macroura;Trochilidae;Caprimulgiformes;AVIBASE-BEB1ADD2;30;9;14;7;4;24.6;20.1;3;2.8;3.4;69.3;43.8;25.3;63.4;85;9;Dunning;NA;NO;NA;NA;Shrubland;3;1;Herbivore;Nectarivore;Aerial;-29.16;2.71;-14.64;-48.41;4594117.6;trait available
Eupsittula pertinax;Eupsittula pertinax;Psittacidae;Psittaciformes;AVIBASE-C9664259;5;2;1;2;4;24.5;19.6;11.7;19.9;12.3;136.4;56.1;79.9;41.2;109;84;Dunning;NA;NO;NA;NA;Woodland;2;1;Herbivore;Omnivore;Insessorial;-9.58;12.63;6.29;-66.15;1467382.65;trait available
Euptilotus eutilotus;Euptilotus eutilotus;Pycnonotidae;Passeriformes;AVIBASE-E11E7986;6;1;3;2;5;18.3;11.8;4.8;5.2;17.7;91.5;17.6;73.4;19.3;77.3;35.3;Dunning;NA;NO;NA;NA;Forest;1;1;Herbivore;Frugivore;Insessorial;-5.95;14.54;1.44;107.26;821688.28;trait available
Eurillas gracilis;Eurillas gracilis;Pycnonotidae;Passeriformes;AVIBASE-486103D7;11;2;3;6;7;13.9;8.3;3.8;3.8;17.6;72;8.5;62.7;12;68;21.6;Dunning;NA;NO;NA;NA;Forest;1;1;Herbivore;Omnivore;Insessorial;-8.27;10.34;0.65;15.72;3552112.86;trait available
Eurillas latirostris;Eurillas latirostris;Pycnonotidae;Passeriformes;AVIBASE-728B225E;527;93;34;400;17;15.3;8.9;4.9;4.5;19.7;79.3;10.6;66.3;13.8;74.1;26.2;Dunning;NA;NO;NA;NA;Forest;1;1;Omnivore;Frugivore;Insessorial;-11.51;12.81;1.34;16.47;3682285.72;trait available
Eurillas virens;Eurillas virens;Pycnonotidae;Passeriformes;AVIBASE-3413C42C;153;18;9;126;64;13.9;8;4.7;4.3;20.6;74.4;9.8;65.9;12.8;70.8;26.6;Dunning;NA;NO;NA;NA;Forest;1;1;Herbivore;Frugivore;Insessorial;-16.53;13.54;-0.74;16.73;5766996.33;trait available
Florisuga fusca;Florisuga fusca;Trochilidae;Caprimulgiformes;AVIBASE-77B4C75D;11;4;3;4;8;25.2;19.1;2.2;2.7;4.2;75.9;48.7;26.5;64.8;42;8;Updated_literature;BoW;NO;NA;NA;Forest;2;1;Herbivore;Nectarivore;Aerial;-34.98;-13.22;-24.25;-47.53;669732.96;trait available
Fraseria caerulescens;Fraseria caerulescens;Muscicapidae;Passeriformes;AVIBASE-3B3A6911;8;2;3;3;7;14.1;8.3;4;3.9;16.7;79.2;16.6;63;20.8;61.9;17.6;Dunning;NA;NO;NA;NA;Woodland;2;1;Carnivore;Invertivore;Insessorial;-33.51;12.19;-8.77;24.8;7513617.5;trait available
Gallirex porphyreolophus;Gallirex porphyreolophus;Musophagidae;Musophagiformes;AVIBASE-76E45A19;18;9;9;0;8;25.2;10.8;6.4;10.9;38.7;180.8;20.3;161.3;11.2;181.1;259;Dunning;NA;NO;NA;NA;Woodland;2;1;Herbivore;Frugivore;Insessorial;-30.6;-0.14;-14.2;33.93;2166499.58;trait available
Galloperdix spadicea;Galloperdix spadicea;Phasianidae;Galliformes;AVIBASE-730665C1;5;2;3;0;4;21;10.3;5.8;6;41.8;144.8;27.3;116.2;19;117.8;359.1;Dunning;NA;NO;NA;NA;Shrubland;2;1;Herbivore;Omnivore;Terrestrial;9.16;26.75;19.63;78.59;1175974.86;trait available
Geokichla citrina;Geokichla citrina;Turdidae;Passeriformes;AVIBASE-F82540A0;5;1;2;2;4;21.7;13.2;4.7;5.9;31.1;118.2;33.3;79.2;29.6;73.4;53.3;Dunning;NA;NO;NA;NA;Forest;1;3;Omnivore;Omnivore;Generalist;-8.85;34.17;21.21;95.99;3199105.31;trait available
Geokichla crossleyi;Geokichla crossleyi;Turdidae;Passeriformes;AVIBASE-4745E8A7;5;2;3;0;4;22.7;14.6;5.3;7.1;33.4;107.6;24.6;83.4;22.8;74.8;72;Dunning;NA;NO;NA;NA;Forest;1;3;Carnivore;Invertivore;Terrestrial;-4.43;7.67;3.88;14.74;79399.47;trait available
Geokichla gurneyi;Geokichla gurneyi;Turdidae;Passeriformes;AVIBASE-45C55FDE;14;4;5;5;9;22.8;13.3;5;6.5;33.9;108;26.2;82.4;24.1;81;57.9;Dunning;NA;NO;NA;NA;Forest;1;2;Carnivore;Invertivore;Terrestrial;-32.87;0.17;-14.57;33.31;421268.02;trait available
Geothlypis formosa;Geothlypis formosa;Parulidae;Passeriformes;AVIBASE-8C105C3C;19;4;13;2;4;13.8;8.7;3.5;3.7;22.8;66.9;16.6;50;24.9;48.1;14;Dunning;NA;NO;NA;NA;Forest;1;3;Carnivore;Invertivore;Generalist;29.58;44.47;36.24;-86.53;1970256.38;trait available
Gracula religiosa;Gracula religiosa;Sturnidae;Passeriformes;AVIBASE-B2741AD0;18;7;11;0;18;33;21;10;12.9;37.8;169.3;43.9;125.5;26;79.8;192;Dunning;NA;NO;NA;NA;Forest;1;1;Herbivore;Frugivore;Insessorial;-8.85;29.93;12.45;101.59;3864550.11;trait available
Haemorhous mexicanus;Haemorhous mexicanus;Fringillidae;Passeriformes;AVIBASE-89431E9F;5;2;3;0;4;10.6;8.4;6.6;8.2;17.4;77.2;21.2;55.8;27.5;66.2;21.4;Dunning;NA;NO;NA;NA;Shrubland;2;2;Herbivore;Granivore;Insessorial;16.79;55.29;38.88;-100.57;10299459.91;trait available
Hedydipna collaris;Hedydipna collaris;Nectariniidae;Passeriformes;AVIBASE-1611F295;34;15;19;0;17;15.3;10.4;3.2;3.1;15.4;51.1;7;44.1;13.8;35.4;7;Dunning;NA;NO;NA;NA;Forest;2;1;Omnivore;Invertivore;Insessorial;-34.21;14.87;-4.74;23.59;9197435.7;trait available
Himalayapsitta cyanocephala;Himalayapsitta cyanocephala;Psittacidae;Psittaciformes;AVIBASE-109000B4;10;2;8;0;10;21.4;17.6;11.6;17.1;12.5;127.1;64.6;62.5;50.8;197.1;66;Dunning;NA;NO;NA;NA;Forest;1;1;Herbivore;Frugivore;Insessorial;5.92;33.45;21.73;78.9;2783564.24;trait available
Horizocerus albocristatus;Horizocerus albocristatus;Bucerotidae;Bucerotiformes;AVIBASE-8009A6BC;9;3;6;0;4;89.8;76.2;24.4;35.2;35.9;233.1;37.6;201.7;15.7;397.9;289.4;Dunning;NA;NO;NA;NA;Forest;1;1;Carnivore;Invertivore;Insessorial;4.35;8.9;6.8;-6.05;479716.63;trait available
Horornis canturians;Horornis canturians;Scotocercidae;Passeriformes;AVIBASE-CF833D56;5;2;2;1;4;16.7;8.8;3.2;3.9;26.6;71.6;12.9;57.6;18.2;70.8;22.3;Updated_literature;BoW;NO;NA;NA;Shrubland;1;2;Carnivore;Invertivore;Generalist;29.14;45.88;35.99;118.88;1372661.27;trait available
Horornis fortipes;Horornis fortipes;Scotocercidae;Passeriformes;AVIBASE-16508376;5;2;3;0;4;13.5;6.8;2.6;2.9;21.1;52.7;5.9;46.5;11.3;44.2;9.6;Dunning;NA;NO;NA;NA;Forest;1;2;Carnivore;Invertivore;Generalist;20.23;35.58;27.9;105.4;2424335.04;trait available
Hylatomus lineatus;Hylatomus lineatus;Picidae;Piciformes;AVIBASE-37C7AB16;30;11;18;1;12;41.6;30.8;11;10.2;28.5;185.9;40.9;146.9;21.7;123.6;183.2;Dunning;NA;NO;NA;NA;Forest;2;1;Carnivore;Invertivore;Insessorial;-32.17;29.68;-5.73;-60.98;13770543.52;trait available
Hylatomus pileatus;Hylatomus pileatus;Picidae;Piciformes;AVIBASE-00635FF9;7;3;4;0;3;52.1;37.4;14.6;11.9;29.3;228.4;56.4;166.6;25.3;167.3;286.6;Dunning;NA;NO;NA;NA;Forest;1;1;Carnivore;Invertivore;Insessorial;24.53;58.16;45.18;-93.77;5925872.32;trait available
Icterus cayanensis;Icterus cayanensis;Icteridae;Passeriformes;AVIBASE-D2DACB94;5;2;2;1;4;23.2;14.4;4.3;5.8;23.2;98.6;15.3;83.2;15.6;97.4;35.4;Dunning;NA;NO;NA;NA;Forest;2;1;Carnivore;Invertivore;Insessorial;-17.44;6;-6.13;-60.41;4104473.13;trait available
Iduna natalensis;Iduna natalensis;Acrocephalidae;Passeriformes;AVIBASE-EBBD09CA;5;2;3;0;4;14.6;7.8;4.9;3.4;20.7;61.5;8.4;52.7;13.8;60.8;11.7;Dunning;NA;NO;NA;NA;Shrubland;2;1;Carnivore;Invertivore;Insessorial;-32.66;11.63;-8.74;26.84;3742433.69;trait available
Iduna opaca;Iduna opaca;Acrocephalidae;Passeriformes;AVIBASE-A7275096;4;2;2;0;4;16.7;9.1;4.2;3.3;22.6;68.6;15.5;53.1;22.6;57.8;9;Dunning;NA;NO;NA;NA;Shrubland;2;3;Carnivore;Invertivore;Insessorial;24.57;42.77;33.54;-2.64;515405.67;trait available
Iole charlottae;Iole charlottae;Pycnonotidae;Passeriformes;AVIBASE-044240A9;6;2;3;1;4;20.6;13.2;5.3;5.4;18.5;87.3;15.6;72;17.9;72;24;Updated_literature;BoW;NO;NA;NA;Forest;1;1;Omnivore;Omnivore;Insessorial;-6.17;13.52;1.15;108.13;1131173.67;trait available
Ispidina picta;Ispidina picta;Alcedinidae;Coraciiformes;AVIBASE-C0998BB9;18;4;5;9;12;27.4;21.1;6.4;6.1;8.4;52.3;12.1;40.3;23.2;25;12.7;Dunning;NA;NO;NA;NA;Forest;1;1;Carnivore;Invertivore;Insessorial;-32.98;16.9;-0.83;20.97;13894765.2;trait available
Ixidia cyaniventris;Ixidia cyaniventris;Pycnonotidae;Passeriformes;AVIBASE-31F7A690;7;3;3;1;6;14.6;8.6;3.9;3.9;14.2;75.6;13.4;62.8;17.5;58.6;22;Dunning;NA;NO;NA;NA;Forest;1;1;Herbivore;Frugivore;Insessorial;-5.95;14.54;1.51;108.49;926808.78;trait available
Ixidia erythropthalmos;Ixidia erythropthalmos;Pycnonotidae;Passeriformes;AVIBASE-01D478BD;8;2;3;3;4;13.6;8.6;3.8;3.7;16;74.2;10.8;63.6;14.4;63.8;19.2;Dunning;NA;NO;NA;NA;Forest;1;1;Herbivore;Frugivore;Insessorial;-5.95;10.79;1.11;108.35;1241474.05;trait available
Ixos mcclellandii;Ixos mcclellandii;Pycnonotidae;Passeriformes;AVIBASE-473131CC;4;2;2;0;4;26;15.8;5;5.5;18.3;106;19.2;86.8;18.1;107.8;32.5;Dunning;NA;NO;NA;NA;Woodland;1;1;Omnivore;Omnivore;Insessorial;3.15;32.32;24.56;104.72;2391920.69;trait available
Kaupifalco monogrammicus;Kaupifalco monogrammicus;Accipitridae;Accipitriformes;AVIBASE-3EEB66ED;5;2;3;0;4;29.3;15.8;10.1;12.8;53.1;217.4;70.4;146.8;32.4;142.6;278.9;Dunning;NA;NO;NA;NA;Woodland;3;1;Carnivore;Invertivore;Insessorial;-29.27;17.06;-0.96;19.34;13079368.52;trait available
Kempiella flavovirescens;Kempiella flavovirescens;Petroicidae;Passeriformes;AVIBASE-FD1036BD;4;2;2;0;4;13.7;8.6;4.4;3.9;12.5;78;18.4;59.6;23.5;62;15;Dunning;NA;NO;NA;NA;Forest;1;1;Carnivore;Invertivore;Insessorial;-10.72;0.04;-5.35;140.96;669110.72;trait available
Kittacincla malabarica;Kittacincla malabarica;Muscicapidae;Passeriformes;AVIBASE-E5ABD6CB;22;5;13;4;12;20.7;12.8;4.6;5.4;27;95.6;16.8;78.8;17.7;121.8;29.2;Dunning;NA;NO;NA;NA;Forest;1;1;Carnivore;Invertivore;Insessorial;-8.78;30.6;13.24;98.35;4340999.43;trait available
Kurochkinegramma hypogrammica;Kurochkinegramma hypogrammica;Nectariniidae;Passeriformes;AVIBASE-7700E7E6;12;3;3;6;4;21.5;15.9;3.7;3.5;16.4;66.2;9.1;57.4;13.7;47.2;11.4;Dunning;NA;NO;NA;NA;Forest;1;1;Herbivore;Omnivore;Insessorial;-5.95;26.42;7.01;105.83;2037212.16;trait available
Laniarius aethiopicus;Laniarius aethiopicus;Malaconotidae;Passeriformes;AVIBASE-FBB58997;14;4;9;1;3;25.1;13.8;6.1;8.1;33.9;97.6;7.7;89.8;7.9;90.1;49.4;Dunning;NA;NO;NA;NA;Woodland;2;1;Carnivore;Invertivore;Insessorial;-24.33;17.93;-2.02;25.08;7211323.51;trait available
Laniarius ferrugineus;Laniarius ferrugineus;Malaconotidae;Passeriformes;AVIBASE-2849059D;16;2;14;0;4;26.5;14.4;6.5;8.7;36.4;95.6;7.3;88.3;7.6;89.1;46.8;Dunning;NA;NO;NA;NA;Woodland;2;1;Carnivore;Invertivore;Insessorial;-34.84;-18.79;-27.1;29.41;721209.79;trait available
Laniarius poensis;Laniarius poensis;Malaconotidae;Passeriformes;AVIBASE-86E96D4D;11;3;8;0;10;23.6;13.8;6.1;7.9;29.5;78.2;5.4;73.4;6.9;65;44.9;Dunning;NA;NO;NA;NA;Forest;1;1;Carnivore;Invertivore;Insessorial;-2.97;7.92;6.02;10.45;65722.14;trait available
Leptocoma aspasia;Leptocoma aspasia;Nectariniidae;Passeriformes;AVIBASE-16EBA05A;78;45;32;1;5;20.2;15.3;3.1;2.4;14;55.3;9.5;44.1;17.6;35.1;8;Updated_literature;BoW;NO;NA;NA;Forest;2;1;Omnivore;Omnivore;Insessorial;-11.66;4.55;-4.7;137.76;916101.7;trait available
Leuconotopicus villosus;Leuconotopicus villosus;Picidae;Piciformes;AVIBASE-9D06AF89;11;5;5;1;4;31.6;24.1;8.2;8.1;23.1;126.7;32.4;95.5;25.3;81.7;62.7;Dunning;NA;NO;NA;NA;Forest;1;1;Carnivore;Invertivore;Insessorial;8.48;68.73;47.81;-105.59;13332874.44;trait available
Linaria cannabina;Linaria cannabina;Fringillidae;Passeriformes;AVIBASE-32635892;21;10;11;0;4;12.4;7.8;5;6.6;15.7;78.4;26.9;51.2;34.4;56.2;19.5;Dunning;NA;NO;NA;NA;Shrubland;2;1;Herbivore;Granivore;Terrestrial;27.64;65.97;49.19;33.6;10715477.38;trait available
Locustella luteoventris;Locustella luteoventris;Locustellidae;Passeriformes;AVIBASE-79094AD6;5;2;3;0;4;12.6;7.1;2.6;2.9;19;51.6;5.4;45.9;10.6;55;13.2;Dunning;NA;NO;NA;NA;Shrubland;1;2;Carnivore;Invertivore;Generalist;16.8;29.69;24.82;105.55;1644977.71;trait available
Lophoceros camurus;Lophoceros camurus;Bucerotidae;Bucerotiformes;AVIBASE-53D72911;8;4;4;0;4;63.6;51.5;14.6;23.1;32;153.5;17.4;136.1;11.4;145;103.8;Dunning;NA;NO;NA;NA;Forest;1;1;Carnivore;Invertivore;Insessorial;-5.77;8.34;1.99;12.09;1703130.6;trait available
Lophoceros fasciatus;Lophoceros fasciatus;Bucerotidae;Bucerotiformes;AVIBASE-4B8F7AF5;9;3;6;0;5;93.6;79.4;22.1;34.9;35.1;261.8;56.3;207.4;21.3;233.8;258.8;Dunning;NA;NO;NA;NA;Forest;1;1;Omnivore;Omnivore;Insessorial;-11.07;9;-0.06;19.52;3868026.54;trait available
Lophophanes cristatus;Lophophanes cristatus;Paridae;Passeriformes;AVIBASE-E5531933;24;12;12;0;4;11.3;7;2.6;3.1;17.1;64;12.7;51.3;19.8;51.4;11;Dunning;NA;NO;NA;NA;Woodland;1;1;Omnivore;Invertivore;Insessorial;36;67.68;54.5;26.21;5918314.94;trait available
Lophorina magnifica;Lophorina magnifica;Paradisaeidae;Passeriformes;AVIBASE-D3B4EDA8;15;6;9;0;4;56.6;38.8;6.3;8.6;37;167.3;20.2;157.6;11.4;93.7;149.9;Dunning;NA;NO;NA;NA;Forest;1;1;Omnivore;Frugivore;Insessorial;-13.77;-0.34;-4.79;139.3;495422.81;trait available
Loriculus vernalis;Loriculus vernalis;Psittacidae;Psittaciformes;AVIBASE-A5FA764B;5;2;3;0;4;13.5;10.5;5.6;8.9;9.9;86.8;39;46.5;45.6;36.4;35.7;Dunning;NA;NO;NA;NA;Forest;1;1;Herbivore;Frugivore;Insessorial;8.56;28.36;18.78;97.17;2278295.57;trait available
Mackenziaena leachii;Mackenziaena leachii;Thamnophilidae;Passeriformes;AVIBASE-B165F898;8;4;4;0;4;25.9;14.2;6.1;9.2;36.4;89.5;4.6;85.3;5;130.4;70.2;Dunning;NA;NO;NA;NA;Forest;1;1;Carnivore;Invertivore;Insessorial;-32.25;-18.68;-25.57;-50.16;828525.05;trait available
Megaceryle alcyon;Megaceryle alcyon;Alcedinidae;Coraciiformes;AVIBASE-3558066B;6;3;3;0;4;58.6;44.8;9.5;13.4;12.5;158.8;53.2;105;33.6;94.3;148;Dunning;NA;NO;NA;NA;Riverine;3;2;Carnivore;Aquatic predator;Insessorial;26.81;68.33;50.37;-106.94;13996585.38;trait available
Megaceryle torquata;Megaceryle torquata;Alcedinidae;Coraciiformes;AVIBASE-5EFB075F;22;12;9;1;4;83.6;65.2;14.9;21.1;14.3;191.3;46.5;143;24.5;120.2;317;Dunning;NA;NO;NA;NA;Riverine;3;1;Carnivore;Aquatic predator;Insessorial;-55.98;27.12;-12.31;-61.64;16295521.19;trait available
Megaloprepia magnifica;Megaloprepia magnifica;Columbidae;Columbiformes;AVIBASE-1A279952;5;1;3;1;4;26.2;11.4;4.7;5.4;24.3;163.5;46.9;116.6;28.7;137.4;185.4;Dunning;NA;NO;NA;NA;Forest;2;1;Herbivore;Frugivore;Insessorial;-34.15;-0.01;-10.36;143.31;979740.41;trait available
Megarynchus pitangua;Megarynchus pitangua;Tyrannidae;Passeriformes;AVIBASE-8118C647;42;13;15;14;7;33.7;24.7;13.9;10.4;19.2;113.5;26.6;87.5;23.3;85.8;69.9;Dunning;NA;NO;NA;NA;Woodland;2;1;Carnivore;Invertivore;Insessorial;-30.09;24.06;-6.11;-60.2;13243099.5;trait available
Melloria quoyi;Melloria quoyi;Artamidae;Passeriformes;AVIBASE-6AEC3F15;16;5;11;0;4;55.7;41.3;13.6;17.5;40.4;175.6;38.8;140.6;21.6;130.6;168;Dunning;NA;NO;NA;NA;Forest;1;1;Carnivore;Omnivore;Insessorial;-23.15;0.04;-8.69;140.54;1145717.61;trait available
Micropternus brachyurus;Micropternus brachyurus;Picidae;Piciformes;AVIBASE-663A7CCA;9;2;4;3;8;28;19.4;7.5;7.9;20;118.2;20.9;96.2;17.9;66;85.9;Dunning;NA;NO;NA;NA;Forest;1;1;Carnivore;Invertivore;Insessorial;-8.08;31.16;17.03;99.44;6131273.93;trait available
Microptilotis analogus;Microptilotis analogus;Meliphagidae;Passeriformes;AVIBASE-9AEF905F;14;4;10;0;4;21.9;9.8;3;4.1;23.2;81.1;9.5;68;12.1;64.3;21.6;Dunning;NA;NO;NA;NA;Forest;1;1;Herbivore;Omnivore;Insessorial;-10.73;0.59;-5.34;140.95;636132.66;trait available
Mixornis bornensis;Mixornis bornensis;Timaliidae;Passeriformes;AVIBASE-A9C71560;6;2;2;2;4;15.8;9.1;3.5;3.8;19.1;62.7;5.7;57;9.1;54.5;11.8;Dunning;NA;NO;NA;NA;Forest;2;1;Carnivore;Invertivore;Insessorial;-7.82;7.36;0.44;113.7;714008.81;trait available
Motacilla flava;Motacilla flava;Motacillidae;Passeriformes;AVIBASE-5983D677;21;10;11;0;4;16;9.6;3.2;3.5;23.1;79.5;24.7;54.5;31.1;70.6;17.7;Dunning;NA;NO;NA;NA;Grassland;3;3;Carnivore;Invertivore;Terrestrial;17.62;72.89;53.37;57.63;19198163.05;trait available
Myiothlypis leucoblephara;Myiothlypis leucoblephara;Parulidae;Passeriformes;AVIBASE-D65E2A9D;9;3;5;1;4;14.5;8.3;3.5;3.6;23.7;64.4;10.2;54.2;15.9;57.2;15.1;Dunning;NA;NO;NA;NA;Forest;1;1;Carnivore;Invertivore;Terrestrial;-34.98;-19.72;-27.16;-53.47;1572872.23;trait available
Myrmoderus squamosus;Myrmoderus squamosus;Thamnophilidae;Passeriformes;AVIBASE-A17A24AF;12;5;7;0;6;16.3;8.8;3.7;3.7;27.2;60;5.5;55;9;64.3;18.5;Dunning;NA;NO;NA;NA;Forest;1;1;Carnivore;Invertivore;Generalist;-30.58;-21.98;-25.18;-48.19;241730.2;trait available
Nannopterum brasilianus;Nannopterum brasilianus;Phalacrocoracidae;Suliformes;AVIBASE-56036504;10;4;5;1;2;62.6;44.6;11.9;14.9;48.7;275.4;91.8;191.7;32.4;187.2;1239.3;Dunning;NA;NO;NA;NA;Wetland;3;1;Carnivore;Aquatic predator;Generalist;-55.98;34.12;-11.18;-65.4;18288655.94;trait available
Neopelma chrysocephalum;Neopelma chrysocephalum;Pipridae;Passeriformes;AVIBASE-CBFD1721;4;2;2;0;4;14.6;9.4;4.9;4.1;15.2;65.2;13.3;51.9;20.4;46.5;15.5;Dunning;NA;NO;NA;NA;Shrubland;1;1;Omnivore;Frugivore;Insessorial;-4.13;7.68;3.12;-62.81;704022.97;trait available
Nigrita canicapillus;Nigrita canicapillus;Estrildidae;Passeriformes;AVIBASE-B15F4C49;25;8;14;3;11;13.5;9.6;6.2;5.8;16.1;68.2;13.9;53.9;20.5;47.9;18.7;Dunning;NA;NO;NA;NA;Forest;1;1;Omnivore;Invertivore;Insessorial;-10.94;10.44;0.06;17.12;3831512;trait available
Nigrita fusconotus;Nigrita fusconotus;Estrildidae;Passeriformes;AVIBASE-F3B46894;14;4;10;0;9;10.5;7.2;4;3.7;13.9;52.6;10.8;41.7;20.5;40.9;9.1;Dunning;NA;NO;NA;NA;Forest;1;1;Omnivore;Invertivore;Insessorial;-9.74;9.95;-0.5;16.98;2969480.86;trait available
Oreocossypha isabellae;Oreocossypha isabellae;Muscicapidae;Passeriformes;AVIBASE-DB856F78;5;2;3;0;4;16.5;9.2;4.3;4.3;29.5;73.6;9.7;63.3;13.3;53.2;24;Dunning;NA;NO;NA;NA;Forest;1;1;Carnivore;Invertivore;Generalist;4.07;7.62;6.12;10.56;51494.15;trait available
Pachysylvia aurantiifrons;Pachysylvia aurantiifrons;Vireonidae;Passeriformes;AVIBASE-05336066;13;4;9;0;4;16.1;8.9;3.9;4;17.6;54.9;6.4;48.5;11.7;44.7;9.5;Dunning;NA;NO;NA;NA;Woodland;1;1;Carnivore;Invertivore;Insessorial;5.56;12.49;9.08;-69.84;611619.82;trait available
Pachysylvia decurtata;Pachysylvia decurtata;Vireonidae;Passeriformes;AVIBASE-58274D5F;34;8;20;6;5;14.6;8.4;3.5;3.7;16.9;52.5;6.8;46.7;12.8;36;8.5;Dunning;NA;NO;NA;NA;Forest;2;1;Carnivore;Invertivore;Insessorial;-4.29;21.58;12.53;-85.99;856443.06;trait available
Pardaliparus venustulus;Pardaliparus venustulus;Paridae;Passeriformes;AVIBASE-219D942F;4;2;2;0;4;11.8;7.4;3.7;3.9;7.2;63.2;15.4;47.9;24.3;34.5;10.6;Dunning;NA;NO;NA;NA;Forest;2;1;Carnivore;Invertivore;Insessorial;24.51;41.89;31.64;110.34;1615993.56;trait available
Parkesia motacilla;Parkesia motacilla;Parulidae;Passeriformes;AVIBASE-7AB0F3A4;5;2;3;0;4;17.1;11;4.2;4.5;22.3;79.8;23.6;56.1;29.7;49;19.9;Dunning;NA;NO;NA;NA;Forest;1;3;Carnivore;Invertivore;Terrestrial;28.69;46.45;37.78;-85.92;2411690.61;trait available
Passer cinnamomeus;Passer cinnamomeus;Passeridae;Passeriformes;AVIBASE-469D6B56;5;2;3;0;4;12.8;9.1;6.2;7;17.2;69;21.6;46.7;31.5;50;18.5;Dunning;NA;NO;NA;NA;Forest;2;1;Herbivore;Granivore;Terrestrial;19.19;48.05;30.87;108.08;4611660.97;trait available
Passerina caerulea;Passerina caerulea;Cardinalidae;Passeriformes;AVIBASE-A7A75EA1;22;7;14;1;7;17;12.3;7.4;10.9;20.3;86.1;19.9;67.2;22.9;64.4;27.4;Dunning;NA;NO;NA;NA;Forest;2;3;Carnivore;Invertivore;Generalist;9.17;46.7;32.93;-98.5;5300267.2;trait available
Patagioenas cayennensis;Patagioenas cayennensis;Columbidae;Columbiformes;AVIBASE-A8908194;13;5;8;0;6;24.5;12.1;4.6;5.5;23.4;180.3;62.8;115.9;35.1;112.7;229;Dunning;NA;NO;NA;NA;Forest;3;1;Herbivore;Frugivore;Insessorial;-32.2;20.43;-7.62;-59.02;13517479.29;trait available
Patagioenas picazuro;Patagioenas picazuro;Columbidae;Columbiformes;AVIBASE-C7405D19;5;1;4;0;4;25.3;14.6;4.8;6.7;30.3;218.2;81.9;136.1;37.6;131.8;279;Dunning;NA;NO;NA;NA;Forest;3;1;Herbivore;Omnivore;Generalist;-39.01;-4.34;-21.04;-52.92;5829252.93;trait available
Peliperdix lathami;Peliperdix lathami;Phasianidae;Galliformes;AVIBASE-E11585DB;5;2;3;0;4;20.4;10.5;6;5.5;38.2;135.2;35.8;99.2;26.5;61;269;Dunning;NA;NO;NA;NA;Forest;1;1;Carnivore;Invertivore;Terrestrial;-6.02;9.27;2.16;14.09;2655327.38;trait available
Periparus ater;Periparus ater;Paridae;Passeriformes;AVIBASE-166CD440;26;13;13;0;4;10.7;6.3;3;3.6;15.1;61.1;13.4;47.9;21.9;46.4;9.2;Dunning;NA;NO;NA;NA;Forest;1;1;Omnivore;Invertivore;Insessorial;23.02;68.98;52.81;75.18;18987457.58;trait available
Philydor rufum;Philydor rufum;Furnariidae;Passeriformes;AVIBASE-A9CCA8B6;10;2;8;0;4;20.6;13.3;4.3;5.6;24.1;87.4;17.2;70.5;19.8;85;25;Dunning;NA;NO;NA;NA;Forest;1;1;Carnivore;Invertivore;Insessorial;-29.01;11.24;-18.59;-54.04;2187683.25;trait available
Phoenicurus fuliginosus;Phoenicurus fuliginosus;Muscicapidae;Passeriformes;AVIBASE-1850B440;5;2;3;0;4;13.1;7.3;3.3;3.2;22.7;73.6;18.8;55.2;25.4;52.8;20.3;Dunning;NA;NO;NA;NA;Riverine;3;1;Carnivore;Aquatic predator;Insessorial;18.16;46.5;30.39;106.46;5100213.95;trait available
Pholia sharpii;Pholia sharpii;Sturnidae;Passeriformes;AVIBASE-D6F2837E;9;3;6;0;4;17.6;8.2;4.9;4.4;21.1;102.7;29.5;74;28.5;63.9;41;Dunning;NA;NO;NA;NA;Forest;1;2;Herbivore;Frugivore;Insessorial;-9.36;9.12;0.33;34.25;195406.84;trait available
Phylloscopus collybita;Phylloscopus collybita;Phylloscopidae;Passeriformes;AVIBASE-458C8CBE;17;8;9;0;4;11.6;6;2.3;2.2;19.7;58.8;10.8;47.7;18.4;48.5;8.3;Dunning;NA;NO;NA;NA;Forest;1;3;Carnivore;Invertivore;Insessorial;35.32;70.14;53.49;26.75;7564956.38;trait available
Phylloscopus ruficapilla;Phylloscopus ruficapilla;Phylloscopidae;Passeriformes;AVIBASE-F6B77E64;25;2;3;20;23;11.4;6;2.8;2.3;19.3;52.4;7.4;44.9;14.2;41.2;7.7;Dunning;NA;NO;NA;NA;Forest;1;1;Carnivore;Invertivore;Insessorial;-34.84;-3.05;-21.82;31.32;423407.96;trait available
Phylloscopus trochiloides;Phylloscopus trochiloides;Phylloscopidae;Passeriformes;AVIBASE-23EF1BD9;12;4;8;0;8;11.3;6.4;3;2.6;18.7;61.3;12.2;49;19.9;48.4;8.1;Dunning;NA;NO;NA;NA;Forest;1;3;Carnivore;Invertivore;Insessorial;26.83;68.55;50.47;62.37;8430367.15;trait available
Picoides canicapillus;Picoides canicapillus;Picidae;Piciformes;AVIBASE-5A4F2DF6;9;3;4;2;8;16.8;13.7;5.1;5.1;14.2;83.3;23.6;60;28.3;42.3;25.8;Dunning;NA;NO;NA;NA;Forest;1;1;Carnivore;Invertivore;Insessorial;-5.95;52.8;27.99;112.03;8010257.64;trait available
Platyrinchus mystaceus;Platyrinchus mystaceus;Tyrannidae;Passeriformes;AVIBASE-EBAE6077;34;9;22;3;9;13.1;6.6;7.3;3.6;15.6;55;8.3;45.1;15.5;29.9;9.7;Dunning;NA;NO;NA;NA;Forest;1;1;Carnivore;Invertivore;Insessorial;-30;11.53;-13.01;-49.85;5068143.97;trait available
Poecile carolinensis;Poecile carolinensis;Paridae;Passeriformes;AVIBASE-F941AAD3;15;7;6;2;13;8.9;6.6;3.5;3.7;14.8;58.8;11.4;47;19.5;49.6;10;Dunning;NA;NO;NA;NA;Forest;2;1;Omnivore;Invertivore;Insessorial;27.68;41.22;34.9;-88.36;2312694.52;trait available
Poecile montanus;Poecile montanus;Paridae;Passeriformes;AVIBASE-F963401E;25;12;13;0;4;11;7.1;3.4;4;16.2;65.5;11.6;53.9;17.7;59.3;11.1;Dunning;NA;NO;NA;NA;Forest;1;1;Omnivore;Invertivore;Insessorial;30.99;71.19;56.04;80.66;21263364.59;trait available
Poecile palustris;Poecile palustris;Paridae;Passeriformes;AVIBASE-523763E5;20;8;10;2;4;9.4;6.7;3.3;4.1;15.9;64;11.4;52.5;17.9;54.8;11.1;Dunning;NA;NO;NA;NA;Forest;1;1;Omnivore;Invertivore;Insessorial;31.72;65.42;49.29;64.47;9072135.09;trait available
Poecilotriccus plumbeiceps;Poecilotriccus plumbeiceps;Tyrannidae;Passeriformes;AVIBASE-712D944F;8;3;4;1;5;14;8.3;3.3;3;18.3;42.5;4;38.7;9.4;36.2;5.7;Dunning;NA;NO;NA;NA;Forest;1;1;Carnivore;Invertivore;Insessorial;-32.87;-8.19;-23.42;-50.74;1475066.74;trait available
Pogoniulus coryphaea;Pogoniulus coryphaea;Lybiidae;Piciformes;AVIBASE-2D822644;5;2;3;0;4;10.4;6.8;4.3;4.2;13.8;52.2;9.6;42.4;18.5;28.2;10.7;Dunning;NA;NO;NA;NA;Forest;1;1;Omnivore;Frugivore;Insessorial;-15.74;7.68;-3.03;19.15;307301.79;trait available
Pogonornis bidentatus;Pogonornis bidentatus;Lybiidae;Piciformes;AVIBASE-439FE608;8;3;5;0;4;29.8;22.5;13.6;16;25.4;99.2;15.3;83.6;15.4;73.8;79.3;Dunning;NA;NO;NA;NA;Forest;1;1;Omnivore;Frugivore;Insessorial;-10.17;12.13;4.02;15.48;2585581.98;trait available
Pogonotriccus eximius;Pogonotriccus eximius;Tyrannidae;Passeriformes;AVIBASE-D1765326;4;2;2;0;4;10.9;6.2;3.4;2.8;14.9;53;9.2;43.8;17.4;48.5;7.5;Dunning;NA;NO;NA;NA;Forest;1;1;Carnivore;Invertivore;Insessorial;-29.5;-18.13;-23.23;-49.08;1008457.47;trait available
Porphyrio martinicus;Porphyrio martinicus;Rallidae;Gruiformes;AVIBASE-72A4F8EB;16;4;8;4;4;30.6;17;6.3;12;56.2;174.4;47;127.6;26.9;72.8;235.1;Dunning;NA;NO;NA;NA;Wetland;2;1;Herbivore;Herbivore aquatic;Terrestrial;-35.62;34.48;-6.17;-62.47;16393196.71;trait available
Porphyriops melanops;Porphyriops melanops;Rallidae;Gruiformes;AVIBASE-43AF4EA8;4;1;3;0;4;25.2;11.1;3.8;7.4;36.4;125;42.5;82.5;34;54.8;191;Dunning;NA;NO;NA;NA;Wetland;2;1;Omnivore;Herbivore aquatic;Aquatic;-45.15;6.46;-23.34;-53.22;4136401.21;trait available
Pseudorectes ferrugineus;Pseudorectes ferrugineus;Pachycephalidae;Passeriformes;AVIBASE-FF953F55;12;3;9;0;5;29.1;17.6;8.3;9.4;36.2;134.1;21.2;113.8;15.6;109.5;93.9;Dunning;NA;NO;NA;NA;Forest;1;1;Omnivore;Omnivore;Insessorial;-10.73;-0.01;-5.32;140.91;614817.29;trait available
Psilopogon mystacophanos;Psilopogon mystacophanos;Megalaimidae;Piciformes;AVIBASE-85DECE79;6;2;3;1;4;35.2;30;14.9;13.3;25.2;95.2;14.8;79;15.8;54.3;77.4;Dunning;NA;NO;NA;NA;Forest;1;1;Omnivore;Frugivore;Insessorial;-5.95;16.55;1.44;108.11;1239604.69;trait available
Psilorhamphus guttatus;Psilorhamphus guttatus;Rhinocryptidae;Passeriformes;AVIBASE-24664381;6;2;3;1;4;15.9;9.6;3;3.2;25.1;49.1;4.4;44.1;9;57.8;11.3;Dunning;NA;NO;NA;NA;Forest;1;1;Carnivore;Invertivore;Insessorial;-29.68;-19.46;-24.3;-48.68;410870.11;trait available
Psittacara leucophthalmus;Psittacara leucophthalmus;Psittacidae;Psittaciformes;AVIBASE-53A45E87;8;4;4;0;4;25.7;26.7;16.5;29.7;15.4;172.3;71.3;101;41.5;145.6;158;Dunning;NA;NO;NA;NA;Forest;2;1;Herbivore;Omnivore;Insessorial;-34.57;10.76;-12.19;-58.18;8731069.11;trait available
Psittiparus gularis;Psittiparus gularis;Sylviidae;Passeriformes;AVIBASE-4D6EE0EA;5;2;3;0;4;13.4;8.7;5;9.3;24.8;86.7;10.1;75.2;11.8;84.3;29;Dunning;NA;NO;NA;NA;Shrubland;1;1;Herbivore;Omnivore;Insessorial;14.16;30.98;25.15;107;1985394.87;trait available
Pternistis bicalcaratus;Pternistis bicalcaratus;Phasianidae;Galliformes;AVIBASE-D8267ADE;4;0;4;0;4;31.5;17.4;8.9;10.9;53;170.5;41.5;129.1;24.3;61.5;439.5;Dunning;NA;NO;NA;NA;Woodland;3;1;Herbivore;Omnivore;Terrestrial;3.89;35.29;11.27;-0.92;3597861.3;trait available
Pternistis squamatus;Pternistis squamatus;Phasianidae;Galliformes;AVIBASE-1B11690B;8;4;4;0;4;26.2;16.3;8.8;10.3;47;176.8;28.2;148.6;16;86.6;449.5;Dunning;NA;NO;NA;NA;Forest;1;1;Herbivore;Herbivore terrestrial;Terrestrial;-12.35;12.65;2.11;24.44;2593426.1;trait available
Ptyonoprogne fuligula;Ptyonoprogne fuligula;Hirundinidae;Passeriformes;AVIBASE-21E0ADE5;11;5;6;0;4;12.8;6.1;4.3;3;11.8;130.7;70.3;60.4;53.8;56.6;21.1;Dunning;NA;NO;NA;NA;Rock;3;2;Carnivore;Invertivore;Aerial;-34.84;-9.11;-25.05;23.33;2657867.37;trait available
Pycnonotus barbatus;Pycnonotus barbatus;Pycnonotidae;Passeriformes;AVIBASE-6ABDB635;44;13;13;18;32;18.1;9.6;4.3;5;21.2;93.6;14.1;79.5;15;85.3;32.1;Dunning;NA;NO;NA;NA;Woodland;2;1;Herbivore;Frugivore;Insessorial;-33.58;37.35;2.82;20.81;19572184.19;trait available
Ramphotrigon megacephalum;Ramphotrigon megacephalum;Tyrannidae;Passeriformes;AVIBASE-3955CDE6;5;2;2;1;4;14;8.3;5.6;4.1;15.8;59;8.6;50.4;14.6;55.6;14.2;Dunning;NA;NO;NA;NA;Forest;1;1;Carnivore;Invertivore;Insessorial;-27.34;10.53;-9.22;-63.37;2269306.34;trait available
Regulus ignicapilla;Regulus ignicapilla;Regulidae;Passeriformes;AVIBASE-85B03849;21;9;11;1;8;10.9;6;2;2.1;16.5;52.3;11.5;40.7;22;39.4;5.6;Dunning;NA;NO;NA;NA;Forest;1;3;Carnivore;Invertivore;Insessorial;30.79;56.12;46.92;11.36;2693877.52;trait available
Reinwardtoena reinwardti;Reinwardtoena reinwardti;Columbidae;Columbiformes;AVIBASE-DA7BFF77;5;2;3;0;4;25.6;10.8;4.8;7.1;25.9;238.2;82.8;157;34.5;294.8;275;Dunning;NA;NO;NA;NA;Forest;1;1;Herbivore;Frugivore;Insessorial;-10.73;2.65;-4.43;139.77;656098.16;trait available
Rhinopomastus castaneiceps;Rhinopomastus castaneiceps;Phoeniculidae;Bucerotiformes;AVIBASE-8CC7216A;5;2;3;0;4;29.9;20.8;4.6;6;16.3;101.8;19.6;81.4;19.4;159.9;24.4;Dunning;NA;NO;NA;NA;Forest;1;1;Carnivore;Invertivore;Insessorial;-2.83;9.62;4.6;5.63;622400.01;trait available
Rhopias gularis;Rhopias gularis;Thamnophilidae;Passeriformes;AVIBASE-C040B92F;9;2;6;1;4;15.4;8.6;3.3;3.4;15.7;51.8;5.6;46.9;11;32.5;11.3;Dunning;NA;NO;NA;NA;Forest;1;1;Carnivore;Invertivore;Insessorial;-29.72;-18.12;-23.53;-47.9;500928.79;trait available
Rubigula melanictera;Rubigula melanictera;Pycnonotidae;Passeriformes;AVIBASE-8F9DB2BC;5;2;3;0;4;15;7.8;3.6;4.2;15.2;72;8.4;63.6;11.7;70.6;29.3;Dunning;NA;NO;NA;NA;Forest;2;1;Herbivore;Frugivore;Insessorial;5.92;9.83;7.59;80.71;62208.81;trait available
Rupornis magnirostris;Rupornis magnirostris;Accipitridae;Accipitriformes;AVIBASE-C39CC0F2;35;16;13;6;4;26.4;17.4;10.4;13.4;61.5;220.9;64.9;164.6;28;159.1;269;Dunning;NA;NO;NA;NA;Forest;1;1;Carnivore;Vertivore;Insessorial;-38.24;25.35;-8.51;-60.46;15043360.16;trait available
Rynchops niger;Rynchops niger;Laridae;Charadriiformes;AVIBASE-88AB027C;6;3;3;0;4;83.7;69.4;7.4;25.1;32.3;365.7;246.5;119.2;67.4;130.5;297.7;Dunning;NA;NO;NA;NA;Riverine;3;2;Carnivore;Aquatic predator;Aerial;-39.39;42.32;-10.31;-57.95;13769340.5;trait available
Saltator fuliginosus;Saltator fuliginosus;Thraupidae;Passeriformes;AVIBASE-14767432;5;2;1;2;4;25.8;18.6;10.8;16.3;25.6;105;14.7;90;14;105.4;44;Updated_live.sample;NA;NO;NA;NA;Forest;1;1;Omnivore;Invertivore;Insessorial;-30.48;-8.05;-23.21;-48.39;811739.38;trait available
Saxicola torquatus;Saxicola torquatus;Muscicapidae;Passeriformes;AVIBASE-F5463F0D;58;28;30;0;16;15.3;7.9;3.5;3.4;21.9;67.3;14;53.3;20.8;48.3;14.1;Dunning;NA;NO;NA;NA;Shrubland;3;2;Carnivore;Invertivore;Insessorial;-34.84;69.66;42.7;78.19;32655980.34;trait available
Setophaga americana;Setophaga americana;Parulidae;Passeriformes;AVIBASE-41062654;19;5;14;0;7;11.6;7.6;3.1;3.1;16.9;57.6;15.5;39.9;28.1;44.1;7.8;Dunning;NA;NO;NA;NA;Forest;2;3;Carnivore;Invertivore;Insessorial;26.1;52.89;39.96;-84.17;3355702.9;trait available
Setophaga coronata;Setophaga coronata;Parulidae;Passeriformes;AVIBASE-524C7116;12;6;6;0;3;12.6;7.2;3.4;3.4;18.1;71.6;17.6;54.1;24.5;56.3;11.9;Dunning;NA;NO;NA;NA;Forest;1;3;Carnivore;Invertivore;Insessorial;40.75;69.23;56.68;-107.87;7207362.84;trait available
Setophaga discolor;Setophaga discolor;Parulidae;Passeriformes;AVIBASE-E36325FA;16;6;8;2;7;11.8;7.2;2.8;2.9;17.7;55.5;11.1;44.4;20;48.4;7.6;Dunning;NA;NO;NA;NA;Shrubland;2;3;Carnivore;Invertivore;Insessorial;24.53;45.96;35.89;-83.73;1565603.51;trait available
Setophaga dominica;Setophaga dominica;Parulidae;Passeriformes;AVIBASE-136451CF;13;5;8;0;4;14.9;9.8;3;3.4;16.8;67.7;18.8;49;27.7;50.7;9.7;Dunning;NA;NO;NA;NA;Forest;2;3;Carnivore;Invertivore;Insessorial;27.44;42.74;35.34;-87.05;1925341.63;trait available
Setophaga petechia;Setophaga petechia;Parulidae;Passeriformes;AVIBASE-A6C0C4A9;92;45;24;23;8;11.7;8;3.4;3.2;20;60.2;14.1;45.7;23.6;43.3;10.2;Dunning;NA;NO;NA;NA;Shrubland;1;3;Carnivore;Invertivore;Insessorial;-3.94;70.64;50.59;-108.69;15552185.22;trait available
Setophaga pinus;Setophaga pinus;Parulidae;Passeriformes;AVIBASE-6283E61E;14;7;7;0;6;13.4;8;3.1;3.8;18.6;71.8;20.6;51.2;28.6;54;11.8;Dunning;NA;NO;NA;NA;Forest;2;3;Carnivore;Invertivore;Insessorial;17.61;52.12;38.54;-83.72;2073441.98;trait available
Setophaga pitiayumi;Setophaga pitiayumi;Parulidae;Passeriformes;AVIBASE-59F79322;42;11;30;1;4;12;7.5;3;3.2;16.1;52.7;10.8;42.7;20.1;41.1;6.8;Dunning;NA;NO;NA;NA;Forest;2;1;Carnivore;Invertivore;Insessorial;-35.58;27.75;-12.53;-57.9;8364955.27;trait available
Setophaga ruticilla;Setophaga ruticilla;Parulidae;Passeriformes;AVIBASE-BED38F50;35;18;16;1;6;12.3;6.8;4;3;17;62;15.6;48;24.6;52.6;8.2;Dunning;NA;NO;NA;NA;Forest;1;3;Carnivore;Invertivore;Insessorial;30.05;65.02;47.72;-98.09;6675504.95;trait available
Setophaga virens;Setophaga virens;Parulidae;Passeriformes;AVIBASE-9FFEDE99;15;6;9;0;10;12.5;7.1;3.1;3.3;17.5;62.1;16.5;45.6;26.5;48.4;8.7;Dunning;NA;NO;NA;NA;Forest;1;3;Omnivore;Invertivore;Insessorial;33.64;58.7;49.03;-84.73;3340613.66;trait available
Sicalis flaveola;Sicalis flaveola;Thraupidae;Passeriformes;AVIBASE-A5AA0BEC;23;4;13;6;4;11.2;8.3;5.4;7;19.5;69.5;14.5;55.8;20.6;53.4;16.9;Dunning;NA;NO;NA;NA;Shrubland;2;1;Herbivore;Granivore;Terrestrial;-39.12;12.46;-17.3;-55.3;8090601.18;trait available
Sinosuthora webbiana;Sinosuthora webbiana;Sylviidae;Passeriformes;AVIBASE-32709919;5;2;2;1;4;9.2;5.4;3.6;5.8;19.5;50.4;7;43.3;13.9;59.4;10.9;Dunning;NA;NO;NA;NA;Shrubland;2;1;Herbivore;Omnivore;Insessorial;21.78;46.71;33.65;114.57;4347110.32;trait available
Spatula versicolor;Spatula versicolor;Anatidae;Anseriformes;AVIBASE-C8F1E992;5;2;3;0;4;41.2;31.4;15.4;14.3;28.3;185;91.8;92.2;49.9;68.6;595.2;Dunning;NA;NO;NA;NA;Wetland;3;2;Herbivore;Herbivore aquatic;Aquatic;-55.98;-20.73;-36.9;-64.26;3071768.07;trait available
Spermestes bicolor;Spermestes bicolor;Estrildidae;Passeriformes;AVIBASE-E358EC8A;18;8;10;0;8;10.5;8.1;5.7;6.9;12.5;48.4;10.6;37.8;21.8;33.5;9.9;Dunning;NA;NO;NA;NA;Woodland;2;1;Herbivore;Granivore;Insessorial;-33.78;13.14;-3.39;20.99;5169258.15;trait available
Spermestes cucullata;Spermestes cucullata;Estrildidae;Passeriformes;AVIBASE-142E4CB7;21;8;8;5;8;9.6;6.9;5.2;6.3;12.7;48.4;10.4;38.1;21.4;31.3;9;Dunning;NA;NO;NA;NA;Woodland;2;1;Herbivore;Granivore;Terrestrial;-34.05;15.69;-3.72;21.48;8668523.94;trait available
Spilopelia chinensis;Spilopelia chinensis;Columbidae;Columbiformes;AVIBASE-BAD2AC99;6;3;3;0;6;19.9;10.8;3.5;3.5;19.9;138.8;42;96.7;30.3;127.3;159;Dunning;NA;NO;NA;NA;Woodland;3;1;Herbivore;Granivore;Terrestrial;-10.94;40.87;19.96;107.84;7371539.16;trait available
Spilopelia senegalensis;Spilopelia senegalensis;Columbidae;Columbiformes;AVIBASE-B2D6AB06;9;4;5;0;4;17.8;8.2;2.7;3;18.9;132.2;45.1;86.9;34.2;108.5;82.1;Dunning;NA;NO;NA;NA;Woodland;3;1;Herbivore;Granivore;Terrestrial;-34.84;52.67;13.86;37.37;28873137.27;trait available
Spinus magellanicus;Spinus magellanicus;Fringillidae;Passeriformes;AVIBASE-77CB59D7;11;4;6;1;5;12;8.8;4.6;6.5;13.9;69.5;18.5;49.9;27.2;44.4;13.6;Dunning;NA;NO;NA;NA;Shrubland;3;1;Herbivore;Granivore;Insessorial;-41.17;6.98;-21.61;-56.84;6077584.71;trait available
Spinus spinus;Spinus spinus;Fringillidae;Passeriformes;AVIBASE-9820CECA;22;10;12;0;4;12.8;8.3;4.5;6.1;12.7;71.6;26.1;45.5;36.5;46.4;13.2;Dunning;NA;NO;NA;NA;Forest;1;1;Herbivore;Granivore;Insessorial;35.37;70.16;55.86;65.08;8968022.11;trait available
Spinus tristis;Spinus tristis;Fringillidae;Passeriformes;AVIBASE-C9ABA616;9;4;5;0;8;11.5;8.2;4.3;6.3;13.5;69.8;19.1;50.3;27.6;48.3;12.8;Dunning;NA;NO;NA;NA;Forest;1;1;Herbivore;Granivore;Insessorial;31.4;57.36;44.46;-96.32;7802444.22;trait available
Sternula superciliaris;Sternula superciliaris;Laridae;Charadriiformes;AVIBASE-8B4BBC2A;5;3;2;0;4;38;22.9;4.3;6.6;16;169;109.2;59.8;64.7;61.7;46.4;Dunning;NA;NO;NA;NA;Riverine;3;1;Carnivore;Aquatic predator;Aerial;-35.39;11.17;-9.36;-58.14;11385573.19;trait available
Sylvia abyssinica;Sylvia abyssinica;Sylviidae;Passeriformes;AVIBASE-7C3026CC;12;4;5;3;7;15.5;7.2;3.4;3.7;22;66.5;7.2;59.4;10.8;59.8;18.8;Dunning;NA;NO;NA;NA;Forest;1;1;Carnivore;Invertivore;Insessorial;-14.99;13.52;-0.78;34.62;387143.47;trait available
Symposiachrus guttula;Symposiachrus guttula;Monarchidae;Passeriformes;AVIBASE-691BA700;10;3;7;0;6;16.5;9.6;5.1;4.6;17.6;79;14;65;17.7;71.5;16.4;Dunning;NA;NO;NA;NA;Forest;1;1;Carnivore;Invertivore;Insessorial;-11.66;0.04;-5.35;140.97;657660.08;trait available
Symposiachrus manadensis;Symposiachrus manadensis;Monarchidae;Passeriformes;AVIBASE-EE23F0DC;9;2;6;1;4;16.6;9.4;5.3;4.5;17.6;84.1;14.5;70;17.1;73.8;22.5;Dunning;NA;NO;NA;NA;Forest;1;1;Carnivore;Invertivore;Insessorial;-10.73;-0.34;-4.84;140.88;445281.04;trait available
Symposiachrus rubiensis;Symposiachrus rubiensis;Monarchidae;Passeriformes;AVIBASE-9215DC4C;8;2;6;0;4;19.3;10.8;6.3;5.3;19.4;95;15.8;79.2;16.6;81.1;27.3;Inferred;NA;YES;Body Mass;Monarcha castaneiventris;Forest;1;1;Carnivore;Invertivore;Insessorial;-9.24;-1.47;-5.19;139.79;243646.73;trait available
Synallaxis ruficapilla;Synallaxis ruficapilla;Furnariidae;Passeriformes;AVIBASE-9D69DD94;9;3;6;0;4;15.3;8.9;2.8;3.6;20.3;55.9;6.4;48.6;11.6;74.3;13.8;Dunning;NA;NO;NA;NA;Forest;1;1;Carnivore;Invertivore;Insessorial;-29.76;-17.73;-23.4;-49.17;1174516.01;trait available
Tangara cyanoptera;Tangara cyanoptera;Thraupidae;Passeriformes;AVIBASE-AF14F9B4;4;2;2;0;4;17.9;10;6.4;7.8;20.8;96.1;24;72.1;25;66.5;43.3;Dunning;NA;NO;NA;NA;Forest;1;1;Herbivore;Frugivore;Insessorial;-32.17;-14.11;-23.32;-45.2;224069.57;trait available
Tangara episcopus;Tangara episcopus;Thraupidae;Passeriformes;AVIBASE-EFCDB0EC;148;8;13;127;8;14.2;9.5;6.4;6.7;22.3;87.3;20.7;69.9;22.8;64;35;Dunning;NA;NO;NA;NA;Forest;2;1;Omnivore;Omnivore;Insessorial;-17.17;21.61;-0.06;-66.15;7925679.12;trait available
Tangara sayaca;Tangara sayaca;Thraupidae;Passeriformes;AVIBASE-67E55116;22;10;11;1;4;15.5;9.2;6.5;7.2;19.6;90.3;21.1;69;23.5;66;32.5;Dunning;NA;NO;NA;NA;Forest;3;1;Herbivore;Omnivore;Insessorial;-35.22;-2.37;-18.66;-51.8;6566312.61;trait available
Tchagra senegalus;Tchagra senegalus;Malaconotidae;Passeriformes;AVIBASE-022798AB;24;4;12;8;8;23.2;12;5.7;7.2;29.6;84.8;8.1;76.7;9.5;93.4;53.5;Dunning;NA;NO;NA;NA;Shrubland;3;1;Carnivore;Invertivore;Terrestrial;-33.63;37.35;0.02;21.07;14953687.11;trait available
Thlypopsis pyrrhocoma;Thlypopsis pyrrhocoma;Thraupidae;Passeriformes;AVIBASE-2D483804;5;2;3;0;4;15.1;8.9;4.7;5.6;21.3;63.4;8.9;54.8;13.9;60;15.6;Dunning;NA;NO;NA;NA;Forest;1;2;Carnivore;Invertivore;Insessorial;-29.97;-19.49;-25.88;-51.1;611568.56;trait available
Thryophilus rufalbus;Thryophilus rufalbus;Troglodytidae;Passeriformes;AVIBASE-0A9020EB;11;6;4;1;5;19.6;12.2;3.3;4.4;22.8;69.1;8.5;62.3;12;51.8;24.9;Dunning;NA;NO;NA;NA;Forest;1;1;Carnivore;Invertivore;Insessorial;2.47;16.4;8.75;-73.46;821636.36;trait available
Thryothorus ludovicianus;Thryothorus ludovicianus;Troglodytidae;Passeriformes;AVIBASE-5217F951;13;3;6;4;10;16.9;11.1;3.2;3.9;21.4;59.4;6.8;52.6;11.4;50.7;19;Dunning;NA;NO;NA;NA;Woodland;2;1;Carnivore;Invertivore;Insessorial;21.45;45.64;35.21;-87.93;3040027.22;trait available
Tigrisoma lineatum;Tigrisoma lineatum;Ardeidae;Pelecaniformes;AVIBASE-435D9988;7;1;3;3;4;109.4;81.8;12.4;20.4;98.8;306.7;50.4;253.2;16.8;135.1;813;Dunning;NA;NO;NA;NA;Wetland;2;1;Carnivore;Aquatic predator;Terrestrial;-36.04;15.16;-9.3;-57.78;13239678.28;trait available
Trachylaemus purpuratus;Trachylaemus purpuratus;Lybiidae;Piciformes;AVIBASE-80BC978E;9;2;5;2;4;27;16.6;9.4;11.1;28.6;106.8;11.4;95.4;10.6;92.7;76.1;Dunning;NA;NO;NA;NA;Forest;1;1;Carnivore;Invertivore;Insessorial;-11.19;7.53;-0.1;20.38;3484026.33;trait available
Treron calvus;Treron calvus;Columbidae;Columbiformes;AVIBASE-E9C05A9C;21;12;9;0;8;23;11.5;6;6.8;22.9;160.6;61.1;99.3;38.1;86.4;197.5;Dunning;NA;NO;NA;NA;Forest;2;2;Herbivore;Frugivore;Insessorial;-25.56;16.04;-2.7;19.34;10739326.33;trait available
Trichastoma malaccense;Trichastoma malaccense;Pellorneidae;Passeriformes;AVIBASE-BF150AB3;11;2;3;6;4;17.5;10.3;4.1;4.3;29.5;69;5;63.6;7.4;36;21.4;Dunning;NA;NO;NA;NA;Forest;2;1;Carnivore;Invertivore;Generalist;-5.89;9.37;1.08;109.14;1073369.64;trait available
Troglodytes aedon;Troglodytes aedon;Troglodytidae;Passeriformes;AVIBASE-7B6E99A9;104;12;20;72;26;15.9;9.8;3;3.1;20.1;51.4;6.7;44.9;12.9;41.1;10.9;Dunning;NA;NO;NA;NA;Shrubland;3;1;Carnivore;Invertivore;Insessorial;-55.72;59.66;4.96;-75.18;25653883.47;trait available
Turdoides reinwardtii;Turdoides reinwardtii;Leiotrichidae;Passeriformes;AVIBASE-D5BF7D2F;5;2;3;0;4;25.6;14.6;5;6.5;33.6;114.4;12.9;104.3;11;113.2;78.8;Dunning;NA;NO;NA;NA;Woodland;2;1;Omnivore;Omnivore;Generalist;2.54;16.35;9.77;0.34;2152069.64;trait available
Turdus flavipes;Turdus flavipes;Turdidae;Passeriformes;AVIBASE-83389238;9;3;5;1;4;21.7;11;5;5.7;25.7;110.6;28.6;81.9;25.9;84.1;65.1;Dunning;NA;NO;NA;NA;Forest;2;1;Omnivore;Frugivore;Insessorial;-30.52;11.45;-13.08;-53.29;940921.44;trait available
Turdus helleri;Turdus helleri;Turdidae;Passeriformes;AVIBASE-FC085C6D;3;0;3;0;3;24.3;14;5.1;6.9;30;116;19.6;96.4;16.9;89.8;68.7;Dunning;NA;NO;NA;NA;Forest;1;1;Carnivore;Invertivore;Terrestrial;-3.48;-3.29;-3.37;38.33;154.35;trait available
Turdus rufiventris;Turdus rufiventris;Turdidae;Passeriformes;AVIBASE-849B6005;15;2;7;6;4;25.2;14.6;5.3;6.7;33.4;115.5;20.1;95;17.4;101.5;69.4;Dunning;NA;NO;NA;NA;Forest;1;2;Omnivore;Invertivore;Generalist;-37.43;-2.39;-19.83;-50.7;5028683.78;trait available
Tychaedon quadrivirgata;Tychaedon quadrivirgata;Muscicapidae;Passeriformes;AVIBASE-92908926;5;2;3;0;4;17.6;10.1;3.6;4;26.7;79.6;11;68.2;13.9;71;26.1;Dunning;NA;NO;NA;NA;Shrubland;1;1;Carnivore;Invertivore;Terrestrial;-33.82;3.24;-15.43;32.73;1616296.2;trait available
Tychaedon signata;Tychaedon signata;Muscicapidae;Passeriformes;AVIBASE-231FD09E;4;1;2;1;4;22.8;13.6;3.9;4.5;27.9;84;11.1;72.9;13.2;80.2;38.2;Dunning;NA;NO;NA;NA;Woodland;1;1;Carnivore;Invertivore;Terrestrial;-34.05;-22.32;-27.7;30.47;167351;trait available
Urocissa erythroryncha;Urocissa erythroryncha;Corvidae;Passeriformes;AVIBASE-76C44D5A;11;2;9;0;4;38.7;22.5;12.1;13;45.3;181.3;35;146.6;19.3;366.3;151.5;Dunning;NA;NO;NA;NA;Forest;1;1;Carnivore;Omnivore;Insessorial;11.63;41.17;26.37;107.36;4461983.11;trait available
Xenops rutilus;Xenops rutilus;Furnariidae;Passeriformes;AVIBASE-D55A3901;20;5;13;2;4;13.3;9.3;2.9;4.5;14.3;65.8;15.5;50.4;23.5;49;11.2;Dunning;NA;NO;NA;NA;Forest;1;1;Carnivore;Invertivore;Insessorial;-30.64;11.58;-13.23;-54.69;6929954.15;trait available
Xiphorhynchus fuscus;Xiphorhynchus fuscus;Furnariidae;Passeriformes;AVIBASE-E318C4AB;10;2;7;1;2;26.9;18.9;3.7;4.7;17.5;77.7;15.1;61.9;19.6;71.9;21.8;Dunning;NA;NO;NA;NA;Forest;1;1;Carnivore;Invertivore;Insessorial;-30.44;-7.84;-19.5;-46.18;1948346.79;trait available
Zapornia flavirostra;Zapornia flavirostra;Rallidae;Gruiformes;AVIBASE-148F0B01;5;2;3;0;4;24.1;12.5;3.6;6.7;40.4;98.8;17.8;82;17.7;41;86.2;Dunning;NA;NO;NA;NA;Wetland;2;1;Carnivore;Aquatic predator;Terrestrial;-34.84;19.72;-2.62;20.16;16710583.49;trait available
Zosterops silvanus;Zosterops silvanus;Zosteropidae;Passeriformes;AVIBASE-B24BD4A1;3;2;1;0;3;13.4;7.3;3.1;3.3;15.9;57.2;10.1;47.1;17.7;46;11;DataFromSplit;NA;NO;NA;NA;Forest;1;1;Omnivore;Invertivore;Insessorial;-3.85;-3.28;-3.49;38.42;1532.04;trait available
Cossyphicula gladiator;NA;;;;;;;;;;;;;;;;;;;;;;;;;;;;;;;;;;;;no data
Parus palustris/montanus;NA;;;;;;;;;;;;;;;;;;;;;;;;;;;;;;;;;;;;no data
Pyrrhocoma ceps;NA;;;;;;;;;;;;;;;;;;;;;;;;;;;;;;;;;;;;no data
Saltator conirostris;NA;;;;;;;;;;;;;;;;;;;;;;;;;;;;;;;;;;;;no data
